일시,일 미세먼지 농도(㎍/㎥)
2009-12-01,92
2009-12-02,124
2009-12-03,70
2009-12-04,68
2009-12-05,31
2009-12-06,17
2009-12-07,46
2009-12-08,68
2009-12-09,48
2009-12-10,20
2009-12-11,20
2009-12-12,40
2009-12-13,53
2009-12-14,25
2009-12-15,33
2009-12-16,38
2009-12-17,37
2009-12-18,36
2009-12-19,56
2009-12-20,76
2009-12-21,49
2009-12-22,54
2009-12-23,81
2009-12-24,101
2009-12-25,300
2009-12-26,182
2009-12-27,79
2009-12-28,56
2009-12-29,47
2009-12-30,116
2009-12-31,39
2010-01-01,32
2010-01-02,48
2010-01-03,47
2010-01-04,38
2010-01-05,49
2010-01-06,36
2010-01-07,57
2010-01-08,74
2010-01-09,72
2010-01-10,59
2010-01-11,71
2010-01-12,35
2010-01-13,36
2010-01-14,44
2010-01-15,51
2010-01-16,53
2010-01-17,48
2010-01-18,72
2010-01-19,84
2010-01-20,48
2010-01-21,41
2010-01-22,40
2010-01-23,48
2010-01-24,56
2010-01-25,132
2010-01-26,56
2010-01-27,46
2010-01-28,52
2010-01-29,45
2010-01-30,76
2010-01-31,96
2010-02-01,103
2010-02-02,26
2010-02-03,40
2010-02-04,47
2010-02-05,35
2010-02-06,48
2010-02-07,43
2010-02-08,43
2010-02-09,46
2010-02-10,30
2010-02-11,9
2010-02-12,18
2010-02-13,32
2010-02-14,33
2010-02-15,57
2010-02-16,42
2010-02-17,51
2010-02-18,61
2010-02-19,55
2010-02-20,73
2010-02-21,58
2010-02-22,61
2010-02-23,77
2010-02-24,70
2010-02-25,33
2010-02-26,32
2010-02-27,36
2010-02-28,55
2010-03-02,31
2010-03-03,86
2010-03-04,32
2010-03-05,39
2010-03-06,60
2010-03-07,13
2010-03-08,13
2010-03-09,19
2010-03-10,27
2010-03-11,44
2010-03-12,75
2010-03-13,121
2010-03-14,91
2010-03-15,109
2010-03-16,230
2010-03-17,46
2010-03-18,40
2010-03-19,45
2010-03-20,102
2010-03-21,43
2010-03-22,44
2010-03-23,48
2010-03-24,72
2010-03-25,51
2010-03-26,48
2010-03-27,87
2010-03-28,52
2010-03-29,55
2010-03-30,55
2010-03-31,29
2010-04-01,60
2010-04-02,93
2010-04-03,70
2010-04-04,49
2010-04-05,40
2010-04-06,44
2010-04-07,37
2010-04-08,56
2010-04-09,45
2010-04-10,50
2010-04-11,26
2010-04-12,30
2010-04-13,32
2010-04-14,35
2010-04-15,44
2010-04-16,71
2010-04-17,48
2010-04-18,56
2010-04-19,52
2010-04-20,51
2010-04-21,31
2010-04-22,12
2010-04-23,22
2010-04-24,53
2010-04-25,61
2010-04-26,42
2010-04-27,35
2010-04-28,36
2010-04-29,58
2010-04-30,46
2010-05-01,38
2010-05-02,61
2010-05-03,87
2010-05-04,81
2010-05-05,72
2010-05-06,31
2010-05-07,39
2010-05-08,61
2010-05-09,73
2010-05-10,82
2010-05-11,58
2010-05-12,52
2010-05-13,60
2010-05-14,36
2010-05-15,49
2010-05-16,40
2010-05-17,53
2010-05-18,16
2010-05-19,74
2010-05-20,138
2010-05-21,143
2010-05-22,95
2010-05-23,10
2010-05-24,18
2010-05-25,46
2010-05-26,19
2010-05-27,20
2010-05-28,40
2010-05-29,38
2010-05-30,27
2010-05-31,25
2010-06-01,28
2010-06-02,42
2010-06-03,42
2010-06-04,38
2010-06-05,41
2010-06-06,39
2010-06-07,33
2010-06-08,30
2010-06-09,51
2010-06-10,77
2010-06-11,49
2010-06-12,22
2010-06-13,22
2010-06-14,27
2010-06-15,23
2010-06-16,45
2010-06-17,145
2010-06-18,118
2010-06-19,73
2010-06-20,41
2010-06-21,54
2010-06-22,51
2010-06-23,40
2010-06-24,51
2010-06-25,66
2010-06-26,32
2010-06-27,21
2010-06-29,54
2010-06-30,42
2010-07-01,57
2010-07-02,46
2010-07-03,34
2010-07-04,20
2010-07-07,57
2010-07-08,39
2010-07-09,34
2010-07-10,39
2010-07-11,25
2010-07-12,23
2010-07-13,23
2010-07-14,32
2010-07-15,51
2010-07-16,29
2010-07-18,12
2010-07-19,19
2010-07-20,22
2010-07-21,21
2010-07-22,16
2010-07-24,46
2010-07-25,18
2010-07-26,14
2010-07-27,19
2010-07-28,18
2010-07-29,22
2010-07-30,34
2010-07-31,45
2010-08-01,46
2010-08-02,35
2010-08-03,35
2010-08-04,60
2010-08-05,39
2010-08-06,16
2010-08-08,25
2010-08-09,29
2010-08-11,13
2010-08-12,38
2010-08-16,62
2010-08-17,51
2010-08-18,30
2010-08-19,24
2010-08-20,31
2010-08-21,32
2010-08-22,27
2010-08-26,14
2010-08-27,22
2010-08-30,21
2010-08-31,38
2010-09-01,17
2010-09-02,13
2010-09-03,21
2010-09-04,25
2010-09-05,26
2010-09-06,13
2010-09-07,18
2010-09-08,22
2010-09-09,24
2010-09-12,19
2010-09-13,53
2010-09-14,54
2010-09-15,33
2010-09-16,36
2010-09-17,46
2010-09-18,37
2010-09-19,32
2010-09-20,23
2010-09-23,14
2010-09-24,22
2010-09-25,19
2010-09-26,21
2010-09-27,23
2010-09-28,36
2010-09-29,32
2010-10-01,37
2010-10-02,26
2010-10-03,19
2010-10-04,18
2010-10-05,27
2010-10-06,38
2010-10-07,46
2010-10-08,28
2010-10-09,17
2010-10-10,41
2010-10-11,65
2010-10-12,46
2010-10-13,45
2010-10-14,38
2010-10-19,67
2010-10-20,83
2010-10-21,43
2010-10-22,23
2010-10-23,30
2010-10-24,38
2010-10-26,31
2010-10-27,27
2010-10-28,39
2010-10-29,44
2010-10-30,38
2010-10-31,29
2010-11-01,51
2010-11-02,42
2010-11-03,38
2010-11-04,78
2010-11-05,135
2010-11-06,191
2010-11-07,167
2010-11-08,17
2010-11-09,19
2010-11-10,25
2010-11-11,199
2010-11-12,51
2010-11-13,90
2010-11-14,37
2010-11-15,25
2010-11-16,29
2010-11-17,56
2010-11-18,60
2010-11-19,72
2010-11-20,67
2010-11-21,80
2010-11-22,36
2010-11-23,34
2010-11-24,49
2010-11-25,64
2010-11-26,35
2010-11-27,80
2010-11-28,70
2010-11-29,45
2010-11-30,119
2010-12-01,172
2010-12-02,109
2010-12-03,89
2010-12-04,41
2010-12-05,52
2010-12-06,59
2010-12-07,35
2010-12-08,38
2010-12-09,39
2010-12-10,75
2010-12-11,68
2010-12-12,22
2010-12-13,35
2010-12-14,34
2010-12-15,43
2010-12-16,42
2010-12-17,72
2010-12-18,93
2010-12-19,81
2010-12-20,145
2010-12-21,111
2010-12-22,67
2010-12-23,72
2010-12-24,49
2010-12-25,37
2010-12-26,51
2010-12-27,53
2010-12-28,56
2010-12-31,41
2011-01-01,56
2011-01-02,61
2011-01-03,64
2011-01-04,55
2011-01-05,42
2011-01-06,37
2011-01-07,39
2011-01-08,55
2011-01-09,43
2011-01-10,38
2011-01-11,55
2011-01-12,38
2011-01-13,43
2011-01-14,57
2011-01-15,46
2011-01-16,32
2011-01-17,31
2011-01-18,38
2011-01-19,40
2011-01-20,45
2011-01-21,41
2011-01-22,39
2011-01-23,49
2011-01-24,49
2011-01-25,44
2011-01-26,39
2011-01-27,38
2011-01-28,42
2011-01-29,34
2011-01-30,38
2011-01-31,40
2011-02-01,66
2011-02-02,103
2011-02-03,132
2011-02-04,152
2011-02-05,147
2011-02-06,147
2011-02-07,123
2011-02-08,62
2011-02-09,50
2011-02-10,54
2011-02-11,60
2011-02-12,48
2011-02-13,49
2011-02-14,57
2011-02-15,66
2011-02-16,59
2011-02-17,68
2011-02-18,89
2011-02-19,83
2011-02-20,55
2011-02-21,40
2011-02-22,63
2011-02-23,79
2011-02-24,49
2011-02-25,48
2011-02-26,42
2011-02-28,10
2011-03-01,30
2011-03-02,28
2011-03-03,30
2011-03-04,42
2011-03-05,45
2011-03-06,55
2011-03-07,51
2011-03-08,42
2011-03-09,44
2011-03-10,49
2011-03-11,55
2011-03-12,68
2011-03-13,50
2011-03-14,77
2011-03-15,66
2011-03-16,38
2011-03-17,36
2011-03-18,42
2011-03-19,309
2011-03-20,185
2011-03-21,156
2011-03-22,43
2011-03-23,45
2011-03-24,51
2011-03-25,48
2011-03-26,44
2011-03-27,40
2011-03-28,49
2011-03-29,62
2011-03-30,86
2011-03-31,120
2011-04-01,82
2011-04-02,86
2011-04-03,80
2011-04-04,71
2011-04-05,59
2011-04-06,54
2011-04-07,19
2011-04-08,44
2011-04-09,76
2011-04-10,98
2011-04-11,74
2011-04-12,62
2011-04-13,73
2011-04-14,68
2011-04-15,55
2011-04-16,79
2011-04-17,70
2011-04-18,28
2011-04-19,40
2011-04-20,72
2011-04-21,55
2011-04-22,27
2011-04-23,35
2011-04-24,44
2011-04-25,46
2011-04-26,22
2011-04-27,24
2011-04-28,21
2011-04-29,47
2011-05-01,176
2011-05-02,285
2011-05-03,235
2011-05-04,59
2011-05-05,62
2011-05-06,53
2011-05-07,50
2011-05-08,65
2011-05-10,18
2011-05-11,10
2011-05-12,94
2011-05-13,107
2011-05-14,96
2011-05-15,101
2011-05-16,77
2011-05-17,43
2011-05-18,52
2011-05-19,43
2011-05-21,29
2011-05-22,30
2011-05-23,59
2011-05-24,80
2011-05-25,87
2011-05-26,51
2011-05-27,40
2011-05-28,57
2011-05-29,58
2011-05-30,71
2011-06-02,102
2011-06-03,73
2011-06-04,49
2011-06-05,57
2011-06-06,47
2011-06-07,52
2011-06-08,53
2011-06-09,41
2011-06-10,61
2011-06-11,54
2011-06-12,57
2011-06-13,44
2011-06-14,48
2011-06-15,57
2011-06-16,41
2011-06-17,38
2011-06-18,56
2011-06-19,54
2011-06-20,69
2011-06-21,45
2011-06-22,32
2011-06-23,19
2011-06-24,17
2011-06-25,7
2011-06-26,10
2011-06-27,25
2011-06-28,72
2011-06-30,45
2011-07-01,32
2011-07-02,69
2011-07-04,41
2011-07-05,57
2011-07-06,56
2011-07-07,45
2011-07-08,26
2011-07-09,24
2011-07-10,23
2011-07-11,13
2011-07-12,12
2011-07-13,17
2011-07-14,15
2011-07-15,21
2011-07-17,24
2011-07-18,21
2011-07-21,25
2011-07-22,41
2011-07-23,61
2011-07-24,60
2011-07-25,36
2011-07-30,44
2011-08-01,25
2011-08-03,26
2011-08-04,31
2011-08-05,32
2011-08-06,24
2011-08-09,49
2011-08-10,35
2011-08-11,24
2011-08-12,28
2011-08-13,16
2011-08-14,46
2011-08-15,54
2011-08-16,69
2011-08-19,37
2011-08-20,48
2011-08-21,29
2011-08-22,35
2011-08-23,26
2011-08-24,19
2011-08-25,26
2011-08-26,19
2011-08-28,34
2011-08-29,49
2011-08-30,38
2011-08-31,30
2011-09-01,45
2011-09-02,41
2011-09-04,19
2011-09-05,28
2011-09-06,43
2011-09-10,30
2011-09-13,24
2011-09-14,31
2011-09-15,30
2011-09-16,43
2011-09-17,37
2011-09-19,17
2011-09-20,14
2011-09-24,51
2011-09-25,53
2011-09-26,52
2011-09-27,38
2011-09-28,24
2011-09-29,17
2011-09-30,24
2011-10-01,22
2011-10-02,22
2011-10-03,27
2011-10-04,32
2011-10-05,46
2011-10-06,49
2011-10-07,52
2011-10-08,53
2011-10-09,53
2011-10-10,64
2011-10-11,50
2011-10-12,54
2011-10-13,60
2011-10-14,46
2011-10-17,29
2011-10-18,34
2011-10-19,34
2011-10-20,26
2011-10-21,23
2011-10-22,21
2011-10-23,30
2011-10-24,37
2011-10-25,21
2011-10-28,48
2011-10-29,42
2011-10-30,37
2011-10-31,56
2011-11-01,48
2011-11-03,58
2011-11-04,41
2011-11-05,19
2011-11-06,12
2011-11-07,22
2011-11-10,20
2011-11-11,22
2011-11-12,48
2011-11-13,78
2011-11-14,35
2011-11-15,38
2011-11-16,46
2011-11-17,53
2011-11-18,35
2011-11-19,26
2011-11-20,18
2011-11-22,32
2011-11-23,32
2011-11-24,19
2011-11-25,36
2011-11-26,50
2011-11-27,37
2011-11-28,41
2011-11-29,41
2011-12-02,14
2011-12-03,13
2011-12-04,32
2011-12-05,27
2011-12-06,35
2011-12-07,64
2011-12-08,57
2011-12-09,34
2011-12-10,27
2011-12-11,38
2011-12-12,43
2011-12-13,45
2011-12-14,67
2011-12-15,24
2011-12-16,33
2011-12-17,32
2011-12-18,35
2011-12-19,32
2011-12-20,41
2011-12-21,50
2011-12-22,41
2011-12-23,28
2011-12-24,27
2011-12-25,21
2011-12-26,25
2011-12-27,46
2011-12-28,65
2011-12-31,98
2012-01-01,73
2012-01-02,88
2012-01-03,86
2012-01-04,62
2012-01-05,43
2012-01-06,52
2012-01-07,81
2012-01-08,75
2012-01-09,107
2012-01-10,83
2012-01-11,56
2012-01-12,46
2012-01-13,56
2012-01-14,38
2012-01-15,44
2012-01-16,44
2012-01-17,48
2012-01-18,107
2012-01-19,43
2012-01-20,15
2012-01-21,44
2012-01-22,58
2012-01-23,26
2012-01-24,26
2012-01-25,27
2012-01-26,43
2012-01-27,81
2012-01-28,37
2012-01-29,43
2012-01-30,36
2012-01-31,41
2012-02-01,44
2012-02-02,43
2012-02-03,34
2012-02-04,48
2012-02-05,40
2012-02-06,38
2012-02-07,86
2012-02-08,40
2012-02-09,32
2012-02-10,36
2012-02-11,28
2012-02-12,28
2012-02-13,42
2012-02-14,75
2012-02-15,57
2012-02-16,45
2012-02-17,42
2012-02-18,37
2012-02-19,30
2012-02-20,43
2012-02-21,78
2012-02-22,65
2012-02-23,53
2012-02-24,80
2012-02-25,62
2012-02-26,40
2012-02-27,40
2012-02-28,38
2012-02-29,37
2012-03-01,48
2012-03-03,17
2012-03-04,15
2012-03-05,9
2012-03-06,52
2012-03-07,55
2012-03-08,47
2012-03-09,38
2012-03-10,32
2012-03-11,35
2012-03-12,26
2012-03-13,45
2012-03-14,53
2012-03-15,50
2012-03-16,42
2012-03-17,29
2012-03-18,49
2012-03-19,21
2012-03-20,34
2012-03-21,36
2012-03-22,75
2012-03-23,28
2012-03-24,21
2012-03-25,56
2012-03-26,38
2012-03-27,48
2012-03-28,108
2012-03-29,77
2012-03-30,49
2012-03-31,74
2012-04-01,89
2012-04-02,80
2012-04-03,22
2012-04-04,78
2012-04-05,43
2012-04-06,35
2012-04-07,37
2012-04-08,54
2012-04-09,79
2012-04-10,85
2012-04-11,19
2012-04-12,45
2012-04-13,52
2012-04-14,50
2012-04-15,36
2012-04-16,41
2012-04-17,52
2012-04-18,47
2012-04-19,50
2012-04-20,36
2012-04-21,14
2012-04-22,10
2012-04-23,81
2012-04-24,70
2012-04-25,44
2012-04-26,24
2012-04-27,42
2012-04-28,42
2012-04-29,47
2012-04-30,36
2012-05-01,22
2012-05-02,14
2012-05-03,11
2012-05-04,47
2012-05-05,87
2012-05-06,52
2012-05-07,55
2012-05-08,62
2012-05-09,94
2012-05-10,55
2012-05-11,24
2012-05-12,40
2012-05-13,58
2012-05-14,44
2012-05-15,49
2012-05-16,60
2012-05-18,47
2012-05-19,42
2012-05-20,43
2012-05-21,41
2012-05-22,37
2012-05-23,42
2012-05-24,53
2012-05-25,64
2012-05-26,73
2012-05-27,41
2012-05-28,52
2012-05-29,43
2012-05-30,42
2012-05-31,44
2012-06-01,50
2012-06-02,46
2012-06-03,43
2012-06-04,42
2012-06-05,35
2012-06-06,53
2012-06-07,91
2012-06-08,50
2012-06-09,50
2012-06-10,54
2012-06-11,28
2012-06-12,30
2012-06-13,28
2012-06-14,22
2012-06-15,21
2012-06-16,30
2012-06-17,40
2012-06-18,52
2012-06-21,51
2012-06-22,40
2012-06-23,30
2012-06-24,50
2012-06-25,23
2012-06-26,13
2012-06-27,10
2012-06-28,21
2012-06-29,37
2012-06-30,11
2012-07-01,48
2012-07-02,28
2012-07-04,54
2012-07-05,28
2012-07-07,21
2012-07-08,31
2012-07-09,38
2012-07-10,44
2012-07-11,21
2012-07-12,40
2012-07-14,13
2012-07-16,15
2012-07-17,25
2012-07-18,21
2012-07-19,14
2012-07-20,28
2012-07-21,46
2012-07-22,32
2012-07-23,18
2012-07-24,17
2012-07-25,22
2012-07-26,21
2012-07-27,31
2012-07-28,26
2012-07-29,16
2012-07-31,20
2012-08-01,29
2012-08-02,17
2012-08-03,18
2012-08-05,22
2012-08-06,24
2012-08-07,17
2012-08-08,27
2012-08-09,37
2012-08-10,30
2012-08-11,34
2012-08-12,28
2012-08-14,23
2012-08-17,22
2012-08-18,21
2012-08-19,14
2012-08-20,10
2012-08-23,20
2012-08-25,19
2012-08-26,24
2012-08-27,17
2012-08-28,14
2012-08-29,39
2012-08-30,31
2012-08-31,33
2012-09-01,50
2012-09-02,28
2012-09-03,48
2012-09-04,33
2012-09-05,21
2012-09-06,28
2012-09-07,28
2012-09-09,24
2012-09-10,33
2012-09-12,25
2012-09-13,27
2012-09-14,23
2012-09-15,23
2012-09-16,15
2012-09-18,31
2012-09-19,31
2012-09-22,32
2012-09-23,30
2012-09-24,28
2012-09-25,29
2012-09-26,35
2012-09-27,26
2012-09-28,25
2012-09-29,18
2012-09-30,21
2012-10-01,22
2012-10-02,24
2012-10-03,22
2012-10-04,25
2012-10-05,33
2012-10-06,40
2012-10-07,32
2012-10-08,23
2012-10-09,31
2012-10-11,19
2012-10-12,33
2012-10-13,38
2012-10-14,41
2012-10-15,37
2012-10-16,34
2012-10-17,21
2012-10-18,23
2012-10-19,45
2012-10-20,47
2012-10-21,49
2012-10-22,37
2012-10-23,19
2012-10-24,28
2012-10-25,36
2012-10-26,55
2012-10-27,30
2012-10-28,30
2012-10-29,35
2012-10-30,51
2012-10-31,41
2012-11-01,32
2012-11-02,30
2012-11-03,41
2012-11-04,23
2012-11-05,30
2012-11-06,46
2012-11-07,62
2012-11-08,85
2012-11-09,68
2012-11-10,33
2012-11-12,35
2012-11-13,26
2012-11-14,26
2012-11-15,34
2012-11-16,44
2012-11-17,28
2012-11-18,22
2012-11-19,37
2012-11-20,41
2012-11-21,58
2012-11-22,67
2012-11-23,56
2012-11-24,29
2012-11-25,38
2012-11-26,27
2012-11-27,26
2012-11-28,114
2012-11-29,31
2012-11-30,42
2012-12-01,34
2012-12-02,28
2012-12-03,43
2012-12-04,23
2012-12-05,31
2012-12-06,28
2012-12-07,35
2012-12-08,25
2012-12-09,34
2012-12-10,41
2012-12-11,57
2012-12-12,65
2012-12-13,73
2012-12-14,36
2012-12-15,16
2012-12-16,48
2012-12-17,62
2012-12-18,35
2012-12-19,38
2012-12-20,63
2012-12-21,60
2012-12-22,62
2012-12-23,25
2012-12-24,30
2012-12-25,37
2012-12-26,32
2012-12-27,47
2012-12-28,43
2012-12-29,51
2012-12-30,27
2012-12-31,26
2013-01-01,41
2013-01-02,22
2013-01-03,31
2013-01-04,40
2013-01-05,56
2013-01-06,90
2013-01-07,67
2013-01-08,63
2013-01-09,33
2013-01-10,37
2013-01-11,50
2013-01-12,108
2013-01-13,145
2013-01-14,111
2013-01-15,113
2013-01-16,87
2013-01-17,111
2013-01-18,52
2013-01-19,76
2013-01-20,103
2013-01-21,30
2013-01-22,12
2013-01-23,31
2013-01-24,61
2013-01-25,29
2013-01-26,30
2013-01-27,31
2013-01-28,49
2013-01-29,63
2013-01-30,70
2013-01-31,71
2013-02-01,33
2013-02-02,35
2013-02-03,25
2013-02-04,29
2013-02-05,50
2013-02-06,48
2013-02-07,38
2013-02-08,39
2013-02-09,44
2013-02-10,46
2013-02-11,29
2013-02-12,35
2013-02-13,48
2013-02-14,67
2013-02-15,51
2013-02-16,35
2013-02-17,41
2013-02-18,47
2013-02-19,32
2013-02-20,32
2013-02-21,35
2013-02-22,57
2013-02-23,38
2013-02-24,44
2013-02-25,42
2013-02-26,54
2013-02-27,70
2013-02-28,80
2013-03-01,53
2013-03-02,35
2013-03-03,37
2013-03-04,72
2013-03-05,86
2013-03-06,78
2013-03-07,134
2013-03-08,139
2013-03-09,147
2013-03-10,47
2013-03-11,44
2013-03-12,55
2013-03-13,25
2013-03-14,22
2013-03-15,44
2013-03-16,36
2013-03-17,45
2013-03-18,26
2013-03-19,48
2013-03-20,29
2013-03-21,43
2013-03-22,45
2013-03-23,60
2013-03-24,45
2013-03-26,46
2013-03-27,39
2013-03-28,39
2013-03-29,43
2013-03-30,44
2013-03-31,44
2013-04-01,64
2013-04-02,33
2013-04-03,58
2013-04-04,117
2013-04-05,148
2013-04-07,19
2013-04-08,46
2013-04-09,62
2013-04-10,29
2013-04-11,39
2013-04-12,32
2013-04-13,48
2013-04-14,64
2013-04-15,54
2013-04-16,59
2013-04-17,43
2013-04-18,56
2013-04-19,37
2013-04-20,31
2013-04-21,64
2013-04-22,66
2013-04-23,48
2013-04-24,40
2013-04-25,61
2013-04-26,47
2013-04-27,51
2013-04-28,37
2013-04-29,43
2013-04-30,58
2013-05-01,42
2013-05-02,36
2013-05-03,45
2013-05-04,64
2013-05-05,52
2013-05-06,52
2013-05-07,68
2013-05-08,58
2013-05-09,63
2013-05-10,36
2013-05-11,76
2013-05-12,106
2013-05-13,75
2013-05-14,54
2013-05-15,57
2013-05-16,20
2013-05-17,26
2013-05-18,42
2013-05-19,16
2013-05-20,42
2013-05-21,47
2013-05-22,64
2013-05-23,103
2013-05-24,95
2013-05-25,90
2013-05-26,88
2013-05-27,58
2013-05-28,15
2013-05-29,36
2013-05-30,74
2013-05-31,65
2013-06-01,60
2013-06-02,52
2013-06-03,55
2013-06-04,37
2013-06-05,44
2013-06-06,38
2013-06-07,43
2013-06-08,55
2013-06-09,39
2013-06-11,24
2013-06-12,13
2013-06-13,46
2013-06-14,58
2013-06-15,38
2013-06-16,30
2013-06-17,31
2013-06-18,27
2013-06-19,40
2013-06-20,51
2013-06-21,48
2013-06-22,56
2013-06-23,44
2013-06-24,53
2013-06-25,54
2013-06-26,49
2013-06-27,42
2013-06-28,45
2013-06-29,40
2013-06-30,52
2013-07-04,50
2013-07-05,43
2013-07-06,58
2013-07-07,48
2013-07-09,37
2013-07-10,45
2013-07-11,34
2013-07-12,30
2013-07-20,23
2013-07-21,27
2013-07-22,31
2013-07-23,33
2013-07-24,39
2013-07-25,83
2013-07-26,95
2013-07-27,51
2013-07-28,40
2013-07-29,61
2013-07-30,41
2013-07-31,41
2013-08-01,36
2013-08-02,34
2013-08-03,21
2013-08-04,40
2013-08-07,42
2013-08-08,52
2013-08-09,79
2013-08-10,75
2013-08-11,49
2013-08-12,32
2013-08-13,22
2013-08-17,31
2013-08-18,45
2013-08-19,38
2013-08-20,38
2013-08-21,47
2013-08-24,36
2013-08-25,33
2013-08-26,31
2013-08-27,58
2013-08-28,62
2013-08-29,51
2013-08-30,35
2013-08-31,31
2013-09-01,28
2013-09-02,34
2013-09-03,26
2013-09-08,50
2013-09-10,73
2013-09-12,41
2013-09-13,23
2013-09-15,28
2013-09-16,29
2013-09-17,26
2013-09-18,44
2013-09-19,43
2013-09-20,44
2013-09-21,34
2013-09-22,19
2013-09-23,28
2013-09-24,29
2013-09-25,21
2013-09-26,23
2013-09-27,36
2013-09-28,46
2013-09-29,16
2013-09-30,10
2013-10-01,23
2013-10-02,36
2013-10-03,24
2013-10-04,37
2013-10-05,26
2013-10-06,13
2013-10-07,16
2013-10-08,17
2013-10-09,19
2013-10-10,30
2013-10-11,27
2013-10-12,27
2013-10-13,37
2013-10-14,37
2013-10-15,28
2013-10-16,19
2013-10-18,27
2013-10-19,22
2013-10-20,19
2013-10-21,14
2013-10-22,17
2013-10-23,20
2013-10-24,40
2013-10-25,46
2013-10-26,45
2013-10-27,49
2013-10-28,56
2013-10-29,62
2013-10-30,31
2013-10-31,44
2013-11-01,50
2013-11-02,45
2013-11-03,53
2013-11-04,52
2013-11-05,55
2013-11-06,59
2013-11-07,45
2013-11-08,25
2013-11-09,28
2013-11-10,18
2013-11-11,33
2013-11-12,23
2013-11-13,39
2013-11-14,47
2013-11-15,70
2013-11-16,77
2013-11-18,18
2013-11-19,25
2013-11-20,24
2013-11-21,25
2013-11-22,62
2013-11-23,106
2013-11-24,93
2013-11-25,22
2013-11-26,29
2013-11-27,24
2013-11-28,60
2013-11-29,52
2013-11-30,49
2013-12-01,58
2013-12-02,66
2013-12-03,85
2013-12-04,116
2013-12-05,130
2013-12-06,30
2013-12-07,34
2013-12-08,43
2013-12-09,36
2013-12-10,43
2013-12-14,31
2013-12-15,35
2013-12-16,55
2013-12-17,51
2013-12-18,29
2013-12-19,37
2013-12-20,96
2013-12-21,86
2013-12-22,45
2013-12-23,38
2013-12-24,69
2013-12-25,78
2013-12-26,65
2013-12-27,52
2013-12-28,21
2013-12-29,30
2013-12-30,86
2013-12-31,114
2014-01-01,125
2014-01-02,56
2014-01-03,59
2014-01-04,51
2014-01-05,45
2014-01-06,69
2014-01-07,85
2014-01-08,71
2014-01-09,22
2014-01-10,35
2014-01-11,52
2014-01-12,63
2014-01-13,34
2014-01-14,46
2014-01-15,56
2014-01-16,110
2014-01-17,120
2014-01-18,64
2014-01-19,50
2014-01-20,66
2014-01-21,115
2014-01-22,95
2014-01-23,57
2014-01-24,62
2014-01-25,49
2014-01-26,38
2014-01-27,41
2014-01-28,32
2014-01-29,40
2014-01-31,23
2014-02-01,24
2014-02-02,21
2014-02-03,70
2014-02-04,44
2014-02-05,47
2014-02-06,46
2014-02-07,15
2014-02-08,12
2014-02-09,22
2014-02-10,24
2014-02-11,18
2014-02-12,22
2014-02-13,23
2014-02-14,18
2014-02-15,30
2014-02-16,58
2014-02-17,82
2014-02-18,23
2014-02-19,31
2014-02-20,65
2014-02-21,65
2014-02-22,97
2014-02-23,107
2014-02-24,164
2014-02-25,179
2014-02-26,132
2014-02-27,116
2014-02-28,115
2014-03-01,94
2014-03-02,35
2014-03-03,60
2014-03-04,86
2014-03-06,36
2014-03-07,34
2014-03-08,45
2014-03-09,40
2014-03-10,42
2014-03-11,52
2014-03-12,40
2014-03-13,45
2014-03-14,63
2014-03-15,102
2014-03-16,100
2014-03-17,63
2014-03-18,141
2014-03-19,131
2014-03-20,70
2014-03-21,33
2014-03-22,60
2014-03-23,83
2014-03-24,54
2014-03-25,58
2014-03-26,67
2014-03-27,93
2014-03-28,115
2014-03-29,51
2014-03-30,39
2014-03-31,70
2014-04-01,77
2014-04-02,66
2014-04-03,60
2014-04-04,29
2014-04-05,45
2014-04-06,44
2014-04-07,70
2014-04-08,51
2014-04-09,69
2014-04-10,63
2014-04-11,69
2014-04-12,77
2014-04-13,75
2014-04-14,71
2014-04-15,79
2014-04-16,158
2014-04-17,92
2014-04-18,64
2014-04-19,47
2014-04-20,42
2014-04-21,56
2014-04-22,60
2014-04-23,92
2014-04-24,114
2014-04-25,67
2014-04-26,54
2014-04-27,26
2014-04-28,13
2014-04-29,18
2014-04-30,28
2014-05-01,56
2014-05-02,83
2014-05-03,30
2014-05-04,45
2014-05-05,42
2014-05-06,45
2014-05-07,49
2014-05-08,34
2014-05-09,47
2014-05-10,41
2014-05-11,34
2014-05-12,43
2014-05-13,94
2014-05-14,80
2014-05-15,53
2014-05-16,56
2014-05-17,61
2014-05-18,53
2014-05-19,61
2014-05-20,75
2014-05-21,60
2014-05-22,53
2014-05-23,73
2014-05-24,68
2014-05-25,49
2014-05-26,89
2014-05-27,170
2014-05-28,184
2014-05-29,135
2014-05-30,79
2014-05-31,117
2014-06-01,93
2014-06-02,85
2014-06-03,25
2014-06-04,21
2014-06-05,18
2014-06-06,28
2014-06-07,37
2014-06-08,32
2014-06-09,42
2014-06-10,35
2014-06-13,53
2014-06-14,41
2014-06-15,42
2014-06-16,39
2014-06-17,77
2014-06-18,60
2014-06-19,50
2014-06-20,52
2014-06-21,23
2014-06-22,22
2014-06-24,37
2014-06-25,52
2014-06-26,45
2014-06-27,34
2014-06-28,38
2014-06-29,33
2014-06-30,37
2014-07-01,44
2014-07-02,78
2014-07-03,22
2014-07-04,19
2014-07-05,32
2014-07-06,26
2014-07-07,38
2014-07-08,29
2014-07-09,22
2014-07-10,35
2014-07-11,63
2014-07-12,77
2014-07-13,56
2014-07-14,81
2014-07-15,91
2014-07-16,51
2014-07-17,23
2014-07-18,18
2014-07-19,46
2014-07-20,58
2014-07-21,52
2014-07-22,19
2014-07-23,19
2014-07-24,12
2014-07-25,17
2014-07-26,36
2014-07-27,81
2014-07-28,61
2014-07-29,40
2014-07-30,28
2014-07-31,27
2014-08-01,17
2014-08-02,14
2014-08-03,10
2014-08-04,11
2014-08-05,51
2014-08-06,44
2014-08-07,45
2014-08-08,22
2014-08-09,20
2014-08-10,11
2014-08-11,26
2014-08-12,61
2014-08-13,70
2014-08-14,29
2014-08-15,33
2014-08-16,40
2014-08-17,32
2014-08-20,36
2014-08-21,20
2014-08-22,73
2014-08-23,79
2014-08-24,56
2014-08-27,10
2014-08-28,18
2014-08-29,26
2014-08-31,25
2014-09-01,31
2014-09-02,19
2014-09-03,7
2014-09-04,17
2014-09-05,27
2014-09-06,33
2014-09-07,46
2014-09-08,48
2014-09-09,64
2014-09-10,27
2014-09-11,35
2014-09-12,36
2014-09-13,20
2014-09-14,15
2014-09-15,37
2014-09-16,35
2014-09-17,49
2014-09-18,23
2014-09-19,29
2014-09-20,31
2014-09-21,31
2014-09-22,27
2014-09-23,22
2014-09-24,16
2014-09-25,23
2014-09-26,27
2014-09-27,32
2014-09-28,41
2014-09-29,42
2014-09-30,21
2014-10-01,24
2014-10-02,32
2014-10-03,23
2014-10-04,20
2014-10-05,17
2014-10-06,20
2014-10-07,32
2014-10-08,36
2014-10-09,43
2014-10-10,41
2014-10-11,28
2014-10-12,31
2014-10-13,24
2014-10-14,25
2014-10-15,33
2014-10-16,39
2014-10-17,33
2014-10-18,40
2014-10-19,56
2014-10-20,27
2014-10-21,13
2014-10-22,15
2014-10-23,31
2014-10-24,41
2014-10-25,48
2014-10-26,35
2014-10-27,45
2014-10-28,60
2014-10-29,58
2014-10-30,63
2014-10-31,45
2014-11-01,38
2014-11-02,58
2014-11-03,39
2014-11-04,30
2014-11-05,30
2014-11-06,56
2014-11-07,50
2014-11-08,58
2014-11-09,57
2014-11-10,54
2014-11-11,67
2014-11-12,44
2014-11-13,88
2014-11-14,31
2014-11-15,36
2014-11-16,44
2014-11-17,38
2014-11-18,38
2014-11-19,52
2014-11-20,60
2014-11-21,56
2014-11-22,47
2014-11-23,63
2014-11-24,67
2014-11-25,26
2014-11-26,29
2014-11-27,45
2014-11-28,25
2014-11-29,19
2014-11-30,13
2014-12-01,54
2014-12-02,102
2014-12-03,27
2014-12-04,50
2014-12-05,34
2014-12-06,38
2014-12-07,48
2014-12-08,44
2014-12-09,54
2014-12-10,47
2014-12-11,52
2014-12-12,42
2014-12-13,33
2014-12-14,35
2014-12-15,45
2014-12-16,35
2014-12-17,25
2014-12-18,31
2014-12-19,42
2014-12-20,33
2014-12-21,21
2014-12-22,33
2014-12-23,41
2014-12-24,56
2014-12-25,36
2014-12-26,42
2014-12-27,47
2014-12-28,53
2014-12-29,115
2014-12-30,113
2014-12-31,45
2015-01-01,79
2015-01-02,39
2015-01-03,39
2015-01-04,45
2015-01-05,76
2015-01-06,49
2015-01-07,44
2015-01-08,49
2015-01-09,46
2015-01-10,38
2015-01-11,48
2015-01-12,47
2015-01-13,49
2015-01-14,73
2015-01-15,67
2015-01-16,88
2015-01-17,39
2015-01-18,35
2015-01-19,66
2015-01-20,46
2015-01-21,56
2015-01-22,44
2015-01-23,41
2015-01-24,53
2015-01-25,56
2015-01-26,44
2015-01-27,53
2015-01-28,47
2015-01-29,48
2015-01-30,47
2015-01-31,46
2015-02-01,32
2015-02-02,49
2015-02-03,60
2015-02-04,83
2015-02-05,97
2015-02-06,56
2015-02-07,47
2015-02-08,128
2015-02-09,49
2015-02-10,109
2015-02-11,99
2015-02-12,47
2015-02-13,36
2015-02-14,58
2015-02-15,77
2015-02-16,41
2015-02-17,65
2015-02-18,62
2015-02-19,61
2015-02-20,49
2015-02-21,25
2015-02-22,273
2015-02-23,627
2015-02-24,117
2015-02-25,76
2015-02-26,39
2015-02-27,33
2015-02-28,43
2015-03-01,106
2015-03-02,97
2015-03-03,52
2015-03-04,52
2015-03-05,42
2015-03-06,44
2015-03-07,47
2015-03-08,84
2015-03-09,81
2015-03-10,43
2015-03-11,48
2015-03-12,38
2015-03-13,45
2015-03-14,38
2015-03-15,41
2015-03-16,96
2015-03-17,131
2015-03-18,67
2015-03-19,56
2015-03-20,109
2015-03-21,182
2015-03-22,146
2015-03-23,61
2015-03-24,46
2015-03-25,43
2015-03-26,46
2015-03-27,59
2015-03-28,45
2015-03-29,72
2015-03-30,162
2015-03-31,99
2015-04-01,21
2015-04-02,24
2015-04-04,15
2015-04-05,14
2015-04-06,61
2015-04-07,40
2015-04-08,30
2015-04-09,49
2015-04-10,56
2015-04-11,69
2015-04-12,45
2015-04-13,25
2015-04-14,18
2015-04-15,46
2015-04-16,80
2015-04-17,76
2015-04-18,60
2015-04-19,28
2015-04-20,14
2015-04-21,47
2015-04-22,75
2015-04-23,65
2015-04-24,73
2015-04-25,69
2015-04-26,57
2015-04-27,64
2015-04-28,45
2015-04-29,41
2015-04-30,28
2015-05-01,39
2015-05-02,38
2015-05-03,25
2015-05-04,57
2015-05-05,41
2015-05-06,48
2015-05-07,43
2015-05-08,53
2015-05-09,41
2015-05-10,39
2015-05-11,40
2015-05-12,38
2015-05-13,68
2015-05-14,57
2015-05-15,96
2015-05-16,56
2015-05-17,52
2015-05-18,42
2015-05-19,46
2015-05-20,42
2015-05-21,43
2015-05-22,53
2015-05-23,44
2015-05-24,30
2015-05-25,44
2015-05-26,44
2015-05-27,38
2015-05-28,41
2015-05-29,48
2015-05-30,38
2015-05-31,44
2015-06-01,41
2015-06-02,40
2015-06-03,42
2015-06-04,40
2015-06-05,37
2015-06-06,30
2015-06-07,28
2015-06-08,38
2015-06-09,43
2015-06-10,45
2015-06-11,35
2015-06-12,42
2015-06-13,68
2015-06-16,43
2015-06-17,36
2015-06-18,24
2015-06-19,23
2015-06-21,18
2015-06-22,29
2015-06-23,33
2015-06-24,36
2015-06-25,36
2015-06-26,10
2015-06-27,11
2015-06-28,21
2015-06-29,25
2015-06-30,29
2015-07-01,34
2015-07-02,49
2015-07-03,36
2015-07-04,29
2015-07-05,29
2015-07-06,28
2015-07-07,30
2015-07-09,11
2015-07-10,21
2015-07-11,25
2015-07-14,58
2015-07-15,44
2015-07-16,11
2015-07-17,10
2015-07-18,28
2015-07-19,21
2015-07-20,18
2015-07-21,21
2015-07-22,33
2015-07-23,30
2015-07-24,13
2015-07-25,16
2015-07-26,15
2015-07-27,31
2015-07-28,29
2015-07-29,36
2015-07-30,65
2015-07-31,54
2015-08-01,45
2015-08-03,25
2015-08-04,24
2015-08-05,30
2015-08-06,31
2015-08-09,16
2015-08-10,26
2015-08-11,54
2015-08-12,46
2015-08-15,60
2015-08-17,21
2015-08-18,19
2015-08-19,32
2015-08-20,34
2015-08-21,28
2015-08-22,37
2015-08-23,34
2015-08-24,25
2015-08-25,5
2015-08-26,12
2015-08-27,21
2015-08-28,25
2015-08-29,29
2015-08-30,29
2015-08-31,29
2015-09-01,20
2015-09-05,28
2015-09-06,11
2015-09-07,11
2015-09-08,11
2015-09-09,15
2015-09-10,30
2015-09-11,37
2015-09-12,20
2015-09-13,19
2015-09-14,31
2015-09-15,22
2015-09-16,14
2015-09-17,10
2015-09-18,18
2015-09-19,30
2015-09-20,43
2015-09-21,42
2015-09-22,37
2015-09-23,36
2015-09-24,34
2015-09-25,33
2015-09-26,44
2015-09-27,31
2015-09-28,30
2015-09-29,20
2015-09-30,16
2015-10-01,14
2015-10-02,31
2015-10-03,41
2015-10-04,26
2015-10-05,27
2015-10-06,29
2015-10-07,42
2015-10-08,48
2015-10-09,32
2015-10-10,18
2015-10-11,13
2015-10-12,18
2015-10-13,34
2015-10-14,46
2015-10-15,56
2015-10-16,60
2015-10-17,56
2015-10-18,70
2015-10-19,94
2015-10-20,89
2015-10-21,110
2015-10-22,70
2015-10-23,48
2015-10-24,33
2015-10-25,26
2015-10-26,29
2015-10-27,35
2015-10-28,29
2015-10-29,22
2015-10-30,27
2015-10-31,30
2015-11-01,37
2015-11-02,46
2015-11-03,64
2015-11-04,81
2015-11-05,69
2015-11-06,44
2015-11-09,13
2015-11-10,44
2015-11-11,37
2015-11-12,19
2015-11-13,10
2015-11-14,10
2015-11-15,17
2015-11-16,23
2015-11-17,18
2015-11-19,17
2015-11-20,33
2015-11-21,43
2015-11-22,26
2015-11-24,26
2015-11-25,13
2015-11-26,36
2015-11-27,36
2015-11-28,45
2015-11-29,36
2015-11-30,40
2015-12-01,48
2015-12-02,46
2015-12-03,22
2015-12-04,40
2015-12-05,32
2015-12-06,31
2015-12-07,45
2015-12-08,59
2015-12-09,59
2015-12-10,35
2015-12-11,30
2015-12-12,27
2015-12-13,35
2015-12-14,37
2015-12-15,51
2015-12-16,30
2015-12-17,20
2015-12-18,36
2015-12-19,59
2015-12-20,50
2015-12-21,44
2015-12-22,53
2015-12-23,47
2015-12-24,99
2015-12-25,29
2015-12-26,64
2015-12-27,31
2015-12-28,26
2015-12-29,55
2015-12-30,52
2015-12-31,55
2016-01-01,56
2016-01-02,42
2016-01-03,86
2016-01-04,73
2016-01-05,31
2016-01-06,49
2016-01-07,40
2016-01-08,33
2016-01-09,39
2016-01-10,28
2016-01-11,41
2016-01-12,49
2016-01-13,35
2016-01-14,42
2016-01-15,42
2016-01-16,57
2016-01-17,62
2016-01-18,63
2016-01-19,45
2016-01-20,35
2016-01-21,47
2016-01-22,49
2016-01-23,32
2016-01-24,37
2016-01-25,48
2016-01-26,72
2016-01-27,55
2016-01-28,44
2016-01-29,36
2016-01-30,41
2016-01-31,38
2016-02-01,39
2016-02-02,42
2016-02-03,51
2016-02-04,50
2016-02-05,41
2016-02-06,47
2016-02-07,42
2016-02-08,65
2016-02-09,46
2016-02-10,31
2016-02-11,36
2016-02-12,26
2016-02-13,12
2016-02-14,27
2016-02-15,33
2016-02-16,28
2016-02-17,39
2016-02-18,43
2016-02-19,71
2016-02-20,41
2016-02-21,25
2016-02-22,44
2016-02-23,50
2016-02-24,35
2016-02-25,54
2016-02-26,49
2016-02-27,59
2016-02-28,37
2016-03-01,31
2016-03-02,36
2016-03-03,51
2016-03-04,56
2016-03-06,89
2016-03-07,103
2016-03-08,72
2016-03-09,43
2016-03-10,35
2016-03-11,34
2016-03-12,43
2016-03-13,53
2016-03-14,58
2016-03-16,55
2016-03-17,66
2016-03-18,53
2016-03-19,68
2016-03-20,75
2016-03-21,80
2016-03-22,65
2016-03-23,70
2016-03-24,39
2016-03-25,64
2016-03-26,61
2016-03-27,62
2016-03-28,64
2016-03-29,99
2016-03-30,84
2016-03-31,48
2016-04-01,68
2016-04-02,77
2016-04-03,37
2016-04-04,29
2016-04-05,61
2016-04-06,67
2016-04-07,35
2016-04-08,69
2016-04-09,103
2016-04-10,112
2016-04-11,44
2016-04-12,51
2016-04-13,47
2016-04-14,51
2016-04-15,50
2016-04-16,43
2016-04-17,57
2016-04-18,59
2016-04-19,42
2016-04-20,57
2016-04-21,22
2016-04-22,69
2016-04-23,182
2016-04-24,132
2016-04-25,69
2016-04-26,70
2016-04-27,44
2016-04-28,55
2016-04-29,59
2016-04-30,64
2016-05-01,41
2016-05-02,43
2016-05-03,20
2016-05-04,57
2016-05-05,52
2016-05-06,43
2016-05-08,46
2016-05-09,52
2016-05-10,24
2016-05-11,26
2016-05-12,37
2016-05-13,37
2016-05-14,32
2016-05-15,36
2016-05-16,37
2016-05-17,58
2016-05-18,41
2016-05-19,35
2016-05-20,43
2016-05-21,33
2016-05-22,47
2016-05-23,59
2016-05-24,32
2016-05-25,81
2016-05-26,88
2016-05-27,69
2016-05-28,70
2016-05-29,73
2016-05-30,86
2016-05-31,67
2016-06-01,36
2016-06-02,35
2016-06-03,46
2016-06-04,46
2016-06-05,44
2016-06-06,19
2016-06-07,37
2016-06-08,37
2016-06-09,46
2016-06-10,54
2016-06-11,40
2016-06-12,24
2016-06-13,55
2016-06-14,46
2016-06-15,28
2016-06-17,53
2016-06-18,58
2016-06-19,33
2016-06-20,48
2016-06-21,55
2016-06-23,40
2016-06-24,35
2016-06-25,36
2016-06-26,28
2016-06-27,33
2016-06-28,55
2016-06-29,35
2016-06-30,30
2016-07-03,34
2016-07-05,12
2016-07-06,16
2016-07-07,37
2016-07-08,45
2016-07-09,33
2016-07-10,31
2016-07-11,45
2016-07-12,26
2016-07-13,28
2016-07-14,28
2016-07-15,15
2016-07-16,9
2016-07-17,12
2016-07-18,25
2016-07-19,31
2016-07-20,32
2016-07-21,26
2016-07-22,30
2016-07-23,35
2016-07-24,29
2016-07-25,35
2016-07-26,29
2016-07-27,28
2016-07-28,47
2016-07-30,31
2016-07-31,27
2016-08-01,26
2016-08-02,23
2016-08-03,28
2016-08-04,25
2016-08-05,33
2016-08-06,47
2016-08-07,29
2016-08-08,34
2016-08-09,28
2016-08-10,44
2016-08-11,29
2016-08-12,38
2016-08-13,31
2016-08-14,28
2016-08-15,33
2016-08-16,41
2016-08-17,35
2016-08-18,47
2016-08-19,53
2016-08-20,28
2016-08-21,23
2016-08-22,24
2016-08-23,29
2016-08-24,30
2016-08-25,26
2016-08-26,12
2016-08-27,13
2016-08-28,9
2016-08-29,15
2016-09-01,52
2016-09-03,17
2016-09-04,17
2016-09-05,26
2016-09-06,51
2016-09-07,60
2016-09-09,34
2016-09-10,32
2016-09-11,33
2016-09-12,23
2016-09-13,14
2016-09-14,26
2016-09-15,34
2016-09-16,40
2016-09-17,24
2016-09-18,18
2016-09-19,11
2016-09-20,15
2016-09-21,29
2016-09-22,33
2016-09-23,43
2016-09-24,52
2016-09-25,40
2016-09-26,36
2016-09-27,28
2016-09-28,28
2016-09-29,11
2016-09-30,26
2016-10-01,39
2016-10-02,25
2016-10-03,14
2016-10-04,24
2016-10-05,23
2016-10-06,35
2016-10-07,21
2016-10-08,19
2016-10-09,16
2016-10-10,24
2016-10-11,44
2016-10-12,47
2016-10-13,40
2016-10-14,59
2016-10-15,63
2016-10-16,46
2016-10-17,41
2016-10-18,49
2016-10-19,53
2016-10-20,51
2016-10-21,22
2016-10-22,32
2016-10-24,14
2016-10-25,17
2016-10-26,35
2016-10-27,37
2016-10-28,35
2016-10-29,37
2016-10-30,32
2016-10-31,25
2016-11-01,24
2016-11-02,32
2016-11-03,40
2016-11-04,54
2016-11-05,66
2016-11-06,28
2016-11-07,33
2016-11-08,56
2016-11-09,38
2016-11-10,32
2016-11-11,49
2016-11-12,67
2016-11-13,54
2016-11-14,43
2016-11-15,51
2016-11-16,47
2016-11-18,79
2016-11-19,43
2016-11-20,37
2016-11-21,56
2016-11-22,41
2016-11-23,42
2016-11-24,31
2016-11-25,36
2016-11-26,42
2016-11-27,56
2016-11-28,74
2016-11-29,38
2016-11-30,39
2016-12-01,45
2016-12-02,37
2016-12-03,47
2016-12-04,60
2016-12-05,62
2016-12-06,25
2016-12-07,47
2016-12-08,48
2016-12-09,27
2016-12-10,32
2016-12-11,29
2016-12-12,33
2016-12-13,51
2016-12-14,49
2016-12-15,37
2016-12-16,37
2016-12-17,55
2016-12-18,44
2016-12-19,30
2016-12-20,44
2016-12-21,29
2016-12-22,31
2016-12-23,47
2016-12-24,57
2016-12-25,45
2016-12-26,41
2016-12-27,37
2016-12-28,43
2016-12-29,35
2016-12-30,40
2016-12-31,48
2017-01-01,60
2017-01-02,90
2017-01-03,65
2017-01-04,47
2017-01-05,30
2017-01-06,21
2017-01-07,39
2017-01-08,25
2017-01-09,50
2017-01-10,30
2017-01-11,26
2017-01-12,29
2017-01-13,30
2017-01-14,48
2017-01-15,26
2017-01-16,41
2017-01-17,59
2017-01-18,82
2017-01-19,88
2017-01-20,50
2017-01-21,42
2017-01-22,78
2017-01-23,43
2017-01-24,34
2017-01-25,41
2017-01-26,52
2017-01-27,117
2017-01-28,29
2017-01-29,22
2017-01-30,42
2017-01-31,24
2017-02-01,32
2017-02-02,30
2017-02-03,61
2017-02-04,75
2017-02-05,55
2017-02-06,36
2017-02-07,36
2017-02-08,49
2017-02-09,53
2017-02-10,34
2017-02-11,29
2017-02-12,30
2017-02-13,37
2017-02-14,46
2017-02-15,53
2017-02-16,53
2017-02-17,42
2017-02-18,30
2017-02-19,38
2017-02-20,44
2017-02-21,44
2017-02-22,25
2017-02-23,32
2017-02-24,26
2017-02-25,40
2017-02-26,38
2017-02-27,31
2017-02-28,35
2017-03-01,43
2017-03-02,27
2017-03-03,38
2017-03-04,44
2017-03-05,46
2017-03-06,35
2017-03-07,30
2017-03-08,42
2017-03-09,45
2017-03-10,44
2017-03-11,50
2017-03-12,64
2017-03-13,55
2017-03-14,48
2017-03-15,37
2017-03-16,56
2017-03-17,63
2017-03-18,63
2017-03-19,60
2017-03-20,78
2017-03-21,77
2017-03-22,46
2017-03-23,64
2017-03-24,51
2017-03-25,52
2017-03-26,50
2017-03-27,63
2017-03-28,65
2017-03-29,48
2017-03-30,57
2017-03-31,46
2017-04-01,20
2017-04-02,41
2017-04-03,63
2017-04-04,59
2017-04-05,38
2017-04-06,24
2017-04-07,29
2017-04-08,50
2017-04-09,33
2017-04-10,25
2017-04-11,56
2017-04-12,67
2017-04-13,67
2017-04-14,50
2017-04-15,56
2017-04-16,51
2017-04-17,38
2017-04-19,80
2017-04-20,81
2017-04-21,66
2017-04-22,58
2017-04-23,45
2017-04-24,42
2017-04-25,46
2017-04-26,44
2017-04-27,47
2017-04-28,59
2017-04-29,58
2017-04-30,82
2017-05-01,81
2017-05-02,88
2017-05-03,64
2017-05-04,59
2017-05-05,51
2017-05-06,199
2017-05-07,90
2017-05-08,169
2017-05-09,124
2017-05-10,37
2017-05-11,65
2017-05-12,64
2017-05-14,53
2017-05-15,43
2017-05-16,33
2017-05-17,34
2017-05-18,45
2017-05-19,43
2017-05-20,34
2017-05-21,29
2017-05-22,35
2017-05-23,30
2017-05-24,24
2017-05-25,35
2017-05-26,25
2017-05-27,30
2017-05-28,40
2017-05-29,60
2017-05-30,45
2017-05-31,33
2017-06-01,34
2017-06-02,27
2017-06-03,31
2017-06-04,27
2017-06-05,26
2017-06-06,18
2017-06-07,15
2017-06-08,35
2017-06-09,53
2017-06-10,42
2017-06-11,28
2017-06-12,27
2017-06-13,31
2017-06-14,41
2017-06-15,46
2017-06-16,59
2017-06-17,46
2017-06-18,40
2017-06-19,47
2017-06-20,44
2017-06-21,49
2017-06-22,35
2017-06-23,40
2017-06-24,35
2017-06-25,31
2017-06-27,24
2017-06-29,42
2017-06-30,45
2017-07-01,36
2017-07-02,22
2017-07-04,28
2017-07-05,40
2017-07-06,47
2017-07-07,13
2017-07-08,23
2017-07-11,39
2017-07-12,41
2017-07-13,44
2017-07-14,40
2017-07-15,17
2017-07-17,18
2017-07-18,23
2017-07-19,34
2017-07-20,46
2017-07-21,51
2017-07-22,48
2017-07-24,28
2017-07-25,26
2017-07-26,16
2017-07-27,27
2017-07-28,25
2017-07-29,13
2017-07-30,20
2017-07-31,20
2017-08-01,22
2017-08-02,33
2017-08-03,23
2017-08-04,23
2017-08-05,27
2017-08-06,23
2017-08-07,28
2017-08-08,39
2017-08-09,30
2017-08-10,7
2017-08-12,10
2017-08-13,8
2017-08-14,7
2017-08-17,13
2017-08-18,24
2017-08-19,22
2017-08-20,10
2017-08-21,11
2017-08-24,16
2017-08-25,25
2017-08-26,23
2017-08-27,22
2017-08-28,24
2017-08-29,16
2017-08-30,25
2017-08-31,33
2017-09-01,21
2017-09-02,26
2017-09-03,31
2017-09-04,28
2017-09-05,24
2017-09-06,24
2017-09-07,35
2017-09-08,46
2017-09-09,53
2017-09-10,46
2017-09-13,24
2017-09-14,29
2017-09-15,15
2017-09-16,10
2017-09-17,10
2017-09-18,20
2017-09-19,60
2017-09-21,27
2017-09-22,30
2017-09-23,53
2017-09-24,59
2017-09-25,42
2017-09-26,44
2017-09-27,38
2017-09-28,22
2017-09-29,22
2017-09-30,36
2017-10-01,31
2017-10-02,19
2017-10-03,37
2017-10-04,22
2017-10-05,13
2017-10-06,13
2017-10-08,18
2017-10-09,23
2017-10-10,28
2017-10-11,10
2017-10-12,22
2017-10-13,26
2017-10-14,20
2017-10-15,21
2017-10-16,30
2017-10-17,36
2017-10-19,16
2017-10-20,31
2017-10-21,37
2017-10-22,24
2017-10-23,23
2017-10-24,32
2017-10-25,36
2017-10-26,48
2017-10-27,53
2017-10-28,42
2017-10-29,64
2017-10-30,37
2017-10-31,34
2017-11-01,34
2017-11-02,41
2017-11-03,34
2017-11-04,49
2017-11-05,38
2017-11-06,31
2017-11-07,39
2017-11-08,53
2017-11-09,47
2017-11-10,37
2017-11-11,72
2017-11-12,28
2017-11-13,33
2017-11-14,43
2017-11-15,23
2017-11-16,21
2017-11-17,33
2017-11-18,36
2017-11-19,23
2017-11-20,31
2017-11-21,39
2017-11-22,53
2017-11-23,21
2017-11-24,17
2017-11-26,25
2017-11-27,38
2017-11-28,55
2017-11-29,49
2017-11-30,22
2017-12-01,22
2017-12-02,31
2017-12-03,38
2017-12-04,32
2017-12-06,25
2017-12-07,33
2017-12-08,28
2017-12-09,33
2017-12-10,29
2017-12-11,49
2017-12-17,36
2017-12-18,49
2017-12-19,39
2017-12-21,41
2017-12-22,46
2017-12-23,92
2017-12-24,65
2017-12-25,27
2017-12-26,24
2017-12-27,27
2017-12-28,41
2017-12-29,80
2017-12-30,101
2017-12-31,49
2018-01-01,38
2018-01-02,32
2018-01-03,32
2018-01-04,40
2018-01-05,46
2018-01-06,40
2018-01-07,42
2018-01-08,41
2018-01-09,35
2018-01-10,26
2018-01-11,29
2018-01-12,24
2018-01-13,44
2018-01-14,52
2018-01-15,56
2018-01-16,87
2018-01-17,80
2018-01-18,67
2018-01-19,50
2018-01-20,86
2018-01-21,53
2018-01-22,34
2018-01-23,19
2018-01-24,28
2018-01-25,24
2018-01-26,30
2018-01-27,38
2018-01-28,26
2018-01-29,42
2018-01-30,39
2018-01-31,35
2018-02-01,34
2018-02-02,43
2018-02-03,28
2018-02-04,31
2018-02-05,24
2018-02-06,28
2018-02-07,36
2018-02-08,42
2018-02-09,51
2018-02-10,55
2018-02-11,48
2018-02-12,45
2018-02-13,46
2018-02-14,56
2018-02-15,35
2018-02-16,38
2018-02-17,45
2018-02-18,35
2018-02-19,50
2018-02-20,49
2018-02-21,34
2018-02-22,39
2018-02-24,59
2018-02-25,35
2018-02-26,53
2018-02-27,76
2018-03-01,33
2018-03-02,66
2018-03-03,58
2018-03-04,25
2018-03-06,30
2018-03-07,28
2018-03-08,27
2018-03-10,32
2018-03-11,49
2018-03-12,77
2018-03-13,46
2018-03-14,26
2018-03-15,14
2018-03-17,28
2018-03-18,41
2018-03-19,19
2018-03-20,15
2018-03-21,14
2018-03-22,38
2018-03-23,51
2018-03-24,86
2018-03-27,76
2018-03-28,41
2018-03-29,53
2018-03-30,53
2018-03-31,48
2018-04-01,60
2018-04-02,63
2018-04-03,59
2018-04-06,115
2018-04-07,45
2018-04-08,23
2018-04-09,33
2018-04-10,38
2018-04-11,51
2018-04-12,49
2018-04-13,32
2018-04-14,16
2018-04-15,65
2018-04-16,37
2018-04-17,56
2018-04-18,58
2018-04-19,68
2018-04-20,85
2018-04-21,57
2018-04-22,31
2018-04-25,33
2018-04-26,41
2018-04-27,45
2018-04-28,47
2018-04-29,49
2018-04-30,67
2018-05-01,47
2018-05-02,35
2018-05-04,38
2018-05-05,37
2018-05-06,16
2018-05-07,35
2018-05-10,38
2018-05-11,47
2018-05-12,24
2018-05-13,25
2018-05-14,59
2018-05-15,59
2018-05-22,27
2018-05-23,51
2018-05-24,92
2018-05-25,83
2018-05-26,65
2018-05-27,52
2018-05-28,55
2018-05-31,46
2018-06-01,47
2018-06-02,32
2018-06-03,31
2018-06-04,33
2018-06-05,36
2018-06-06,39
2018-06-07,36
2018-06-08,28
2018-06-09,32
2018-06-13,23
2018-06-14,23
2018-06-17,32
2018-06-18,32
2018-06-19,31
2018-06-20,35
2018-06-21,32
2018-06-22,32
2018-06-23,33
2018-06-24,42
2018-06-25,43
2018-06-26,34
2018-06-27,26
2018-06-29,29
2018-06-30,40
2018-07-04,19
2018-07-05,16
2018-07-10,22
2018-07-11,24
2018-07-12,20
2018-07-13,16
2018-07-14,17
2018-07-15,20
2018-07-16,23
2018-07-17,27
2018-07-18,32
2018-07-19,25
2018-07-20,31
2018-07-21,33
2018-07-22,26
2018-07-23,28
2018-07-24,34
2018-07-25,24
2018-07-26,33
2018-07-27,35
2018-07-29,12
2018-07-30,9
2018-07-31,18
2018-08-01,31
2018-08-02,36
2018-08-03,38
2018-08-04,22
2018-08-05,21
2018-08-06,26
2018-08-07,18
2018-08-08,21
2018-08-09,21
2018-08-10,16
2018-08-11,12
2018-08-12,15
2018-08-13,26
2018-08-14,23
2018-08-16,8
2018-08-17,14
2018-08-19,20
2018-08-20,29
2018-08-21,21
2018-08-22,19
2018-08-23,12
2018-08-24,7
2018-08-25,19
2018-08-26,15
2018-08-27,14
2018-08-28,18
2018-08-31,20
2018-09-01,15
2018-09-02,15
2018-09-03,18
2018-09-04,15
2018-09-05,24
2018-09-06,28
2018-09-08,20
2018-09-09,20
2018-09-10,12
2018-09-11,13
2018-09-12,15
2018-09-13,19
2018-09-14,17
2018-09-15,16
2018-09-16,31
2018-09-17,23
2018-09-18,31
2018-09-21,11
2018-09-22,29
2018-09-23,26
2018-09-24,14
2018-09-25,14
2018-09-26,10
2018-09-28,17
2018-09-29,14
2018-09-30,18
2018-10-01,15
2018-10-02,23
2018-10-03,22
2018-10-04,19
2018-10-05,9
2018-10-07,24
2018-10-08,22
2018-10-09,24
2018-10-11,17
2018-10-13,28
2018-10-14,33
2018-10-15,50
2018-10-16,38
2018-10-18,22
2018-10-19,23
2018-10-20,38
2018-10-21,36
2018-10-22,44
2018-10-24,38
2018-10-25,36
2018-10-26,28
2018-10-27,25
2018-10-29,16
2018-10-30,23
2018-10-31,22
2018-11-02,41
2018-11-03,45
2018-11-04,35
2018-11-05,57
2018-11-06,105
2018-11-07,75
2018-11-08,14
2018-11-09,39
2018-11-10,75
2018-11-11,72
2018-11-12,32
2018-11-13,40
2018-11-14,35
2018-11-15,50
2018-11-16,59
2018-11-17,34
2018-11-18,37
2018-11-19,58
2018-11-20,40
2018-11-21,35
2018-11-22,21
2018-11-23,25
2018-11-24,28
2018-11-25,55
2018-11-26,70
2018-11-27,110
2018-11-28,88
2018-11-29,64
2018-11-30,52
2018-12-01,46
2018-12-02,41
2018-12-03,43
2018-12-04,33
2018-12-05,27
2018-12-06,36
2018-12-07,23
2018-12-08,21
2018-12-09,21
2018-12-10,40
2018-12-11,47
2018-12-12,49
2018-12-13,43
2018-12-14,35
2018-12-15,74
2018-12-16,73
2018-12-17,82
2018-12-18,52
2018-12-19,53
2018-12-20,67
2018-12-21,89
2018-12-22,99
2018-12-23,54
2018-12-24,23
2018-12-25,38
2018-12-26,50
2018-12-27,27
2018-12-28,32
2018-12-29,32
2018-12-30,36
2018-12-31,55
2019-01-01,41
2019-01-02,38
2019-01-03,41
2019-01-04,77
2019-01-05,73
2019-01-06,47
2019-01-07,64
2019-01-08,44
2019-01-09,51
2019-01-10,61
2019-01-11,84
2019-01-12,110
2019-01-13,130
2019-01-14,181
2019-01-15,138
2019-01-16,43
2019-01-17,42
2019-01-18,65
2019-01-19,110
2019-01-20,70
2019-01-21,41
2019-01-22,60
2019-01-23,79
2019-01-24,42
2019-01-25,46
2019-01-26,44
2019-01-27,41
2019-01-28,66
2019-01-29,64
2019-01-30,63
2019-01-31,62
2019-02-01,36
2019-02-02,58
2019-02-03,48
2019-02-04,73
2019-02-05,71
2019-02-06,85
2019-02-07,57
2019-02-08,32
2019-02-09,36
2019-02-10,45
2019-02-11,42
2019-02-12,65
2019-02-13,44
2019-02-14,56
2019-02-15,51
2019-02-16,71
2019-02-17,43
2019-02-18,50
2019-02-19,52
2019-02-20,67
2019-02-21,88
2019-02-22,85
2019-02-23,73
2019-02-24,79
2019-02-25,92
2019-02-26,55
2019-02-27,76
2019-02-28,93
2019-03-01,127
2019-03-02,131
2019-03-03,124
2019-03-05,193
2019-03-06,146
2019-03-07,58
2019-03-08,49
2019-03-09,53
2019-03-10,56
2019-03-11,77
2019-03-12,81
2019-03-13,35
2019-03-14,49
2019-03-15,53
2019-03-16,42
2019-03-17,35
2019-03-18,41
2019-03-19,73
2019-03-20,104
2019-03-21,36
2019-03-22,32
2019-03-23,24
2019-03-24,23
2019-03-25,41
2019-03-26,51
2019-03-27,86
2019-03-28,75
2019-03-29,33
2019-03-30,36
2019-03-31,38
2019-04-01,23
2019-04-02,30
2019-04-03,36
2019-04-04,32
2019-04-05,53
2019-04-06,48
2019-04-07,34
2019-04-08,33
2019-04-09,37
2019-04-10,9
2019-04-11,28
2019-04-12,50
2019-04-13,50
2019-04-14,37
2019-04-15,43
2019-04-16,47
2019-04-17,36
2019-04-18,42
2019-04-19,53
2019-04-20,41
2019-04-21,32
2019-04-22,75
2019-04-23,69
2019-04-24,53
2019-04-25,33
2019-04-26,16
2019-04-27,17
2019-04-28,18
2019-04-30,33
2019-05-01,42
2019-05-02,41
2019-05-03,62
2019-05-04,91
2019-05-05,74
2019-05-06,35
2019-05-07,44
2019-05-08,46
2019-05-09,46
2019-05-10,58
2019-05-11,55
2019-05-12,53
2019-05-13,54
2019-05-14,40
2019-05-15,59
2019-05-16,57
2019-05-17,49
2019-05-18,28
2019-05-19,21
2019-05-20,23
2019-05-21,38
2019-05-22,43
2019-05-23,63
2019-05-24,66
2019-05-25,65
2019-05-26,33
2019-05-27,23
2019-05-28,16
2019-05-29,33
2019-05-30,35
2019-05-31,18
2019-06-01,31
2019-06-02,29
2019-06-03,29
2019-06-04,32
2019-06-05,43
2019-06-06,45
2019-06-07,12
2019-06-08,22
2019-06-09,34
2019-06-12,22
2019-06-13,24
2019-06-14,26
2019-06-15,24
2019-06-16,15
2019-06-17,22
2019-06-18,33
2019-06-19,28
2019-06-20,24
2019-06-21,23
2019-06-22,10
2019-06-24,20
2019-06-25,32
2019-06-26,28
2019-06-28,40
2019-06-29,28
2019-06-30,34
2019-07-01,30
2019-07-02,28
2019-07-03,29
2019-07-04,26
2019-07-05,29
2019-07-06,28
2019-07-07,15
2019-07-08,17
2019-07-09,13
2019-07-10,13
2019-07-11,8
2019-07-12,15
2019-07-13,32
2019-07-14,41
2019-07-15,39
2019-07-16,32
2019-07-17,54
2019-07-18,61
2019-07-19,33
2019-07-20,11
2019-07-21,18
2019-07-22,41
2019-07-23,22
2019-07-24,22
2019-07-25,26
2019-07-27,22
2019-07-29,14
2019-07-30,18
2019-08-02,20
2019-08-03,17
2019-08-04,29
2019-08-05,37
2019-08-06,25
2019-08-07,21
2019-08-08,40
2019-08-09,26
2019-08-10,27
2019-08-11,21
2019-08-12,21
2019-08-13,27
2019-08-14,18
2019-08-15,10
2019-08-16,17
2019-08-17,28
2019-08-18,24
2019-08-19,24
2019-08-20,28
2019-08-21,35
2019-08-22,38
2019-08-23,30
2019-08-24,22
2019-08-25,19
2019-08-26,27
2019-08-27,29
2019-09-03,25
2019-09-04,9
2019-09-06,19
2019-09-07,11
2019-09-08,35
2019-09-09,35
2019-09-10,20
2019-09-11,16
2019-09-12,30
2019-09-13,19
2019-09-14,23
2019-09-15,18
2019-09-16,13
2019-09-17,18
2019-09-18,25
2019-09-19,19
2019-09-20,19
2019-09-24,21
2019-09-25,30
2019-09-26,28
2019-09-27,20
2019-09-28,28
2019-09-29,39
2019-09-30,52
2019-10-01,44
2019-10-02,23
2019-10-03,10
2019-10-04,29
2019-10-05,35
2019-10-06,12
2019-10-07,14
2019-10-10,28
2019-10-11,30
2019-10-12,21
2019-10-13,16
2019-10-14,28
2019-10-16,26
2019-10-17,25
2019-10-18,17
2019-10-19,20
2019-10-20,35
2019-10-21,39
2019-10-22,35
2019-10-23,21
2019-10-24,22
2019-10-25,20
2019-10-26,22
2019-10-27,24
2019-10-28,31
2019-10-29,51
2019-10-30,23
2019-10-31,52
2019-11-02,68
2019-11-03,49
2019-11-04,16
2019-11-05,33
2019-11-06,49
2019-11-07,45
2019-11-09,46
2019-11-10,47
2019-11-11,29
2019-11-12,45
2019-11-13,40
2019-11-14,20
2019-11-16,41
2019-11-17,30
2019-11-18,63
2019-11-19,28
2019-11-20,25
2019-11-21,40
2019-11-22,43
2019-11-23,30
2019-11-24,34
2019-11-25,29
2019-11-26,29
2019-11-27,44
2019-11-28,44
2019-11-29,49
2019-12-01,49
2019-12-02,24
2019-12-03,31
2019-12-04,31
2019-12-05,27
2019-12-06,34
2019-12-07,60
2019-12-08,63
2019-12-09,78
2019-12-10,120
2019-12-11,79
2019-12-12,25
2019-12-13,30
2019-12-14,46
2019-12-15,40
2019-12-16,38
2019-12-17,36
2019-12-18,42
2019-12-19,31
2019-12-20,33
2019-12-21,44
2019-12-22,67
2019-12-23,61
2019-12-24,80
2019-12-25,58
2019-12-26,52
2019-12-27,37
2019-12-28,47
2019-12-29,47
2019-12-30,43
2019-12-31,31
2020-01-01,39
2020-01-02,69
2020-01-03,78
2020-01-04,63
2020-01-05,62
2020-01-06,46
2020-01-07,10
2020-01-08,32
2020-01-09,54
2020-01-10,73
2020-01-11,60
2020-01-12,53
2020-01-13,28
2020-01-14,34
2020-01-15,41
2020-01-16,43
2020-01-17,64
2020-01-18,68
2020-01-19,72
2020-01-20,54
2020-01-21,49
2020-01-22,50
2020-01-23,71
2020-01-24,82
2020-01-25,58
2020-01-26,28
2020-01-27,10
2020-01-28,11
2020-01-29,15
2020-01-30,17
2020-01-31,34
2020-02-01,86
2020-02-02,90
2020-02-03,29
2020-02-04,32
2020-02-05,28
2020-02-06,46
2020-02-07,44
2020-02-08,50
2020-02-09,42
2020-02-10,54
2020-02-11,68
2020-02-12,63
2020-02-13,90
2020-02-14,99
2020-02-15,76
2020-02-16,58
2020-02-18,29
2020-02-19,43
2020-02-20,76
2020-02-21,76
2020-02-22,75
2020-02-23,24
2020-02-24,42
2020-02-25,28
2020-02-26,21
2020-02-27,17
2020-02-28,32
2020-02-29,26
2020-03-01,57
2020-03-02,42
2020-03-03,55
2020-03-04,54
2020-03-05,43
2020-03-06,51
2020-03-07,78
2020-03-08,73
2020-03-09,70
2020-03-10,56
2020-03-11,31
2020-03-12,33
2020-03-13,32
2020-03-14,46
2020-03-15,43
2020-03-16,25
2020-03-17,48
2020-03-18,66
2020-03-19,57
2020-03-20,30
2020-03-21,44
2020-03-22,40
2020-03-23,55
2020-03-24,63
2020-03-25,56
2020-03-26,57
2020-03-27,47
2020-03-28,31
2020-03-29,43
2020-03-30,59
2020-03-31,52
2020-04-01,81
2020-04-02,44
2020-04-03,64
2020-04-04,69
2020-04-05,49
2020-04-06,55
2020-04-07,56
2020-04-08,41
2020-04-09,48
2020-04-10,42
2020-04-11,40
2020-04-12,34
2020-04-13,21
2020-04-14,55
2020-04-15,77
2020-04-16,64
2020-04-17,47
2020-04-18,31
2020-04-19,27
2020-04-20,19
2020-04-21,33
2020-04-22,64
2020-04-23,39
2020-04-24,35
2020-04-25,51
2020-04-26,35
2020-04-27,37
2020-04-28,42
2020-04-29,53
2020-04-30,38
2020-05-01,50
2020-05-02,44
2020-05-03,28
2020-05-04,35
2020-05-05,33
2020-05-06,36
2020-05-07,33
2020-05-08,34
2020-05-09,16
2020-05-10,37
2020-05-11,98
2020-05-12,38
2020-05-13,34
2020-05-14,42
2020-05-15,33
2020-05-16,29
2020-05-17,44
2020-05-18,44
2020-05-20,15
2020-05-21,25
2020-05-22,53
2020-05-23,50
2020-05-24,29
2020-05-25,45
2020-05-26,48
2020-05-27,19
2020-05-28,24
2020-05-29,30
2020-05-30,33
2020-05-31,34
2020-06-01,25
2020-06-03,56
2020-06-04,71
2020-06-05,42
2020-06-06,48
2020-06-07,41
2020-06-08,39
2020-06-09,47
2020-06-10,47
2020-06-13,52
2020-06-15,35
2020-06-18,40
2020-06-19,30
2020-06-20,40
2020-06-21,38
2020-06-22,40
2020-06-23,46
2020-06-24,41
2020-06-25,25
2020-06-26,30
2020-06-27,29
2020-06-28,38
2020-06-29,49
2020-07-05,33
2020-07-06,29
2020-07-08,41
2020-07-11,8
2020-07-12,15
2020-07-13,9
2020-07-15,13
2020-07-16,25
2020-07-17,39
2020-07-21,36
2020-07-28,14
2020-07-29,13
2020-07-30,18
2020-07-31,21
2020-08-01,14
2020-08-07,44
2020-08-24,33
2020-08-31,9
2020-09-01,16
2020-09-02,16
2020-09-04,19
2020-09-05,28
2020-09-06,21
2020-09-08,27
2020-09-09,26
2020-09-10,24
2020-09-11,22
2020-09-12,9
2020-09-14,29
2020-09-15,42
2020-09-16,20
2020-09-17,21
2020-09-18,24
2020-09-20,19
2020-09-21,24
2020-09-24,11
2020-09-25,14
2020-09-26,15
2020-09-27,16
2020-09-29,42
2020-10-02,38
2020-10-03,54
2020-10-04,35
2020-10-05,31
2020-10-06,31
2020-10-07,31
2020-10-08,19
2020-10-09,21
2020-10-10,25
2020-10-11,39
2020-10-12,52
2020-10-13,35
2020-10-14,45
2020-10-16,54
2020-10-17,51
2020-10-18,45
2020-10-19,120
2020-10-20,118
2020-10-22,94
2020-10-23,34
2020-10-24,37
2020-10-25,46
2020-10-26,72
2020-10-27,116
2020-10-28,63
2020-10-29,44
2020-10-30,57
2020-10-31,34
2020-11-01,74
2020-11-02,58
2020-11-03,27
2020-11-04,39
2020-11-05,53
2020-11-06,64
2020-11-07,115
2020-11-08,72
2020-11-09,34
2020-11-10,34
2020-11-11,62
2020-11-12,92
2020-11-13,115
2020-11-14,111
2020-11-15,118
2020-11-16,110
2020-11-17,90
2020-11-20,33
2020-11-21,47
2020-11-22,57
2020-11-23,41
2020-11-24,39
2020-11-25,61
2020-11-26,90
2020-11-27,62
2020-11-28,29
2020-11-29,36
2020-11-30,46
2020-12-01,42
2020-12-02,43
2020-12-03,36
2020-12-04,45
2020-12-05,55
2020-12-06,74
2020-12-07,79
2020-12-08,35
2020-12-09,55
2020-12-10,112
2020-12-12,71
2020-12-13,51
2020-12-14,31
2020-12-15,24
2020-12-16,29
2020-12-17,34
2020-12-18,47
2020-12-19,35
2020-12-20,34
2020-12-21,56
2020-12-22,74
2020-12-23,103
2020-12-24,85
2020-12-25,37
2020-12-26,80
2020-12-27,95
2020-12-28,94
2020-12-29,96
2020-12-30,47
2020-12-31,34
2021-01-01,36
2021-01-02,43
2021-01-03,47
2021-01-04,50
2021-01-05,37
2021-01-06,30
2021-01-07,56
2021-01-08,27
2021-01-09,33
2021-01-10,48
2021-01-11,63
2021-01-12,88
2021-01-13,146
2021-01-14,100
2021-01-15,109
2021-01-16,69
2021-01-17,29
2021-01-18,53
2021-01-19,43
2021-01-20,59
2021-01-21,72
2021-01-22,71
2021-01-24,20
2021-01-25,34
2021-01-26,70
2021-01-27,50
2021-01-28,51
2021-01-29,32
2021-01-30,74
2021-01-31,75
2021-02-01,99
2021-02-02,39
2021-02-03,49
2021-02-04,35
2021-02-05,41
2021-02-06,108
2021-02-07,118
2021-02-08,34
2021-02-09,31
2021-02-10,56
2021-02-11,106
2021-02-12,123
2021-02-13,116
2021-02-14,115
2021-02-15,78
2021-02-16,36
2021-02-17,64
2021-02-18,58
2021-02-19,67
2021-02-20,99
2021-02-21,108
2021-02-22,69
2021-02-23,69
2021-02-24,66
2021-02-25,73
2021-02-26,42
2021-02-27,23
2021-02-28,32
2021-03-02,18
2021-03-03,57
2021-03-04,66
2021-03-05,56
2021-03-06,39
2021-03-07,37
2021-03-08,55
2021-03-09,63
2021-03-10,129
2021-03-11,156
2021-03-12,89
2021-03-13,74
2021-03-14,117
2021-03-15,128
2021-03-16,129
2021-03-17,121
2021-03-18,132
2021-03-19,85
2021-03-20,46
2021-03-21,58
2021-03-22,50
2021-03-23,108
2021-03-24,89
2021-03-25,95
2021-03-26,159
2021-03-27,107
2021-03-29,389
2021-03-30,189
2021-03-31,50
2021-04-01,52
2021-04-02,57
2021-04-03,51
2021-04-05,30
2021-04-06,54
2021-04-07,72
2021-04-08,41
2021-04-09,42
2021-04-10,45
2021-04-11,59
2021-04-12,62
2021-04-13,24
2021-04-14,50
2021-04-15,71
2021-04-16,103
2021-04-17,105
2021-04-18,50
2021-04-19,69
2021-04-20,78
2021-04-21,81
2021-04-22,78
2021-04-23,41
2021-04-24,24
2021-04-25,26
2021-04-26,29
2021-04-27,35
2021-04-28,58
2021-04-29,59
2021-04-30,40
2021-05-01,33
2021-05-02,19
2021-05-03,41
2021-05-04,36
2021-05-05,38
2021-05-06,56
2021-05-07,298
2021-05-08,384
2021-05-09,47
2021-05-10,26
2021-05-11,24
2021-05-12,24
2021-05-13,46
2021-05-14,58
2021-05-15,66
2021-05-16,14
2021-05-17,16
2021-05-18,39
2021-05-19,41
2021-05-20,27
2021-05-21,22
2021-05-22,40
2021-05-23,52
2021-05-24,110
2021-05-25,86
2021-05-26,44
2021-05-27,53
2021-05-29,31
2021-05-31,59
2021-06-01,52
2021-06-02,62
2021-06-03,45
2021-06-04,34
2021-06-05,57
2021-06-06,72
2021-06-07,43
2021-06-08,57
2021-06-09,44
2021-06-10,59
2021-06-11,29
2021-06-12,34
2021-06-13,36
2021-06-14,54
2021-06-15,40
2021-06-16,19
2021-06-17,26
2021-06-18,32
2021-06-19,65
2021-06-20,65
2021-06-21,56
2021-06-22,33
2021-06-23,22
2021-06-24,40
2021-06-25,52
2021-06-26,32
2021-06-27,26
2021-06-28,28
2021-06-29,38
2021-06-30,53
2021-07-01,42
2021-07-02,27
2021-07-03,16
2021-07-04,15
2021-07-05,29
2021-07-06,50
2021-07-07,57
2021-07-08,33
2021-07-09,21
2021-07-10,37
2021-07-11,43
2021-07-12,32
2021-07-13,41
2021-07-14,27
2021-07-15,24
2021-07-16,21
2021-07-17,19
2021-07-18,22
2021-07-19,22
2021-07-20,24
2021-07-21,26
2021-07-22,29
2021-07-23,37
2021-07-24,37
2021-07-25,28
2021-07-26,29
2021-07-27,29
2021-07-28,38
2021-07-29,46
2021-07-30,30
2021-07-31,25
2021-08-01,40
2021-08-02,20
2021-08-03,27
2021-08-04,25
2021-08-05,25
2021-08-06,19
2021-08-07,17
2021-08-08,23
2021-08-09,16
2021-08-10,21
2021-08-11,39
2021-08-12,37
2021-08-13,29
2021-08-14,16
2021-08-15,18
2021-08-16,23
2021-08-17,22
2021-08-18,19
2021-08-19,18
2021-08-20,24
2021-08-21,23
2021-08-22,28
2021-08-23,36
2021-08-24,19
2021-08-25,21
2021-08-26,48
2021-08-27,36
2021-08-28,45
2021-08-29,42
2021-08-30,46
2021-08-31,37
2021-09-01,9
2021-09-02,17
2021-09-03,17
2021-09-04,12
2021-09-05,14
2021-09-06,19
2021-09-07,14
2021-09-08,15
2021-09-09,40
2021-09-10,41
2021-09-11,36
2021-09-12,21
2021-09-13,25
2021-09-14,20
2021-09-15,16
2021-09-16,14
2021-09-17,16
2021-09-18,16
2021-09-19,14
2021-09-20,15
2021-09-21,22
2021-09-22,18
2021-09-23,18
2021-09-24,20
2021-09-25,12
2021-09-26,10
2021-09-27,14
2021-09-28,14
2021-09-29,19
2021-09-30,26
2021-10-01,39
2021-10-03,39
2021-10-04,36
2021-10-05,32
2021-10-06,12
2021-10-07,17
2021-10-08,28
2021-10-09,13
2021-10-10,24
2021-10-11,24
2021-10-12,14
2021-10-13,16
2021-10-14,24
2021-10-15,26
2021-10-16,30
2021-10-17,21
2021-10-18,27
2021-10-19,43
2021-10-20,33
2021-10-21,35
2021-10-22,39
2021-10-23,39
2021-10-24,33
2021-10-25,31
2021-10-26,57
2021-10-27,59
2021-10-28,31
2021-10-29,22
2021-10-30,25
2021-10-31,40
2021-11-01,48
2021-11-02,47
2021-11-03,49
2021-11-04,69
2021-11-05,74
2021-11-06,63
2021-11-07,32
2021-11-08,15
2021-11-09,13
2021-11-10,19
2021-11-11,19
2021-11-12,20
2021-11-13,25
2021-11-14,54
2021-11-15,50
2021-11-16,44
2021-11-17,33
2021-11-18,57
2021-11-19,102
2021-11-20,140
2021-11-23,23
2021-11-24,25
2021-11-25,40
2021-11-26,25
2021-11-27,41
2021-11-28,59
2021-11-29,66
2021-11-30,31
2021-12-01,19
2021-12-02,25
2021-12-03,22
2021-12-04,22
2021-12-05,40
2021-12-06,49
2021-12-07,50
2021-12-08,41
2021-12-09,37
2021-12-10,33
2021-12-11,69
2021-12-12,42
2021-12-13,20
2021-12-14,36
2021-12-15,81
2021-12-16,85
2021-12-17,33
2021-12-18,26
2021-12-19,28
2021-12-20,52
2021-12-21,59
2021-12-22,34
2021-12-23,43
2021-12-24,54
2021-12-25,26
2021-12-26,19
2021-12-27,33
2021-12-28,60
2021-12-29,70
2021-12-30,30
2021-12-31,21
2022-01-01,34
2022-01-02,42
2022-01-03,28
2022-01-04,37
2022-01-05,52
2022-01-06,59
2022-01-07,65
2022-01-08,70
2022-01-09,129
2022-01-10,97
2022-01-11,33
2022-01-12,27
2022-01-13,29
2022-01-14,32
2022-01-15,52
2022-01-16,46
2022-01-17,30
2022-01-18,38
2022-01-19,56
2022-01-20,46
2022-01-21,44
2022-01-22,68
2022-01-23,79
2022-01-24,24
2022-01-25,37
2022-01-26,66
2022-01-27,64
2022-01-28,34
2022-01-29,32
2022-01-30,36
2022-01-31,41
2022-02-01,52
2022-02-02,35
2022-02-03,28
2022-02-04,25
2022-02-05,25
2022-02-06,23
2022-02-07,30
2022-02-08,33
2022-02-09,44
2022-02-10,55
2022-02-11,104
2022-02-12,97
2022-02-13,60
2022-02-14,50
2022-02-16,32
2022-02-17,34
2022-02-18,51
2022-02-19,48
2022-02-20,36
2022-02-21,33
2022-02-22,34
2022-02-23,30
2022-02-24,33
2022-02-25,69
2022-02-26,61
2022-02-27,52
2022-02-28,46
2022-03-01,34
2022-03-02,30
2022-03-03,48
2022-03-04,88
2022-03-05,111
2022-03-06,49
2022-03-08,58
2022-03-09,63
2022-03-10,65
2022-03-11,70
2022-03-12,67
2022-03-13,15
2022-03-15,43
2022-03-16,65
2022-03-17,59
2022-03-20,25
2022-03-21,32
2022-03-22,39
2022-03-23,33
2022-03-24,45
2022-03-25,64
2022-03-27,35
2022-03-28,39
2022-03-29,40
2022-03-30,36
2022-03-31,24
2022-04-02,34
2022-04-03,45
2022-04-04,50
2022-04-05,41
2022-04-06,50
2022-04-07,40
2022-04-08,54
2022-04-09,58
2022-04-10,51
2022-04-11,36
2022-04-12,27
2022-04-13,13
2022-04-14,14
2022-04-16,39
2022-04-17,47
2022-04-18,50
2022-04-19,60
2022-04-20,59
2022-04-21,43
2022-04-22,52
2022-04-23,53
2022-04-24,50
2022-04-25,44
2022-04-26,47
2022-04-27,169
2022-04-28,77
2022-04-30,25
