충북_합계,충북_종합소매,충북_ 백화점,충북_ 대형마트/유통전문점,충북_ 슈퍼마켓,충북_ 편의점,충북_ 면세점,충북_전자상거래/통신판매,충북_식료품,충북_ 일반식료품,충북_ 건강보조식품,충북_의류/잡화,충북_ 의복/직물,충북_ 복식잡화,충북_ 시계/귀금속/안경,충북_ 화장품,충북_연료,충북_가구/가전,충북_ 가구,충북_ 가전제품/정보통신기기,충북_의료/보건,충북_ 종합병원,충북_ 일반병의원/기타의료기관,충북_자동차,충북_ 국산자동차신품,충북_ 기타운송수단,충북_ 자동차 부품 및 정비,충북_여행/교통,충북_ 여행사/자동차임대,충북_ 항공사,충북_ 대중교통,충북_오락/문화,충북_ 스포츠/오락/여가,충북_ 서적/문구,충북_교육,충북_숙박/음식,충북_ 숙박,충북_ 음식점,충북_공과금/개인 및 전문 서비스,충북_금융/보험,충북_기타,충남_합계,충남_종합소매,충남_ 백화점,충남_ 대형마트/유통전문점,충남_ 슈퍼마켓,충남_ 편의점,충남_ 면세점,충남_전자상거래/통신판매,충남_식료품,충남_ 일반식료품,충남_ 건강보조식품,충남_의류/잡화,충남_ 의복/직물,충남_ 복식잡화,충남_ 시계/귀금속/안경,충남_ 화장품,충남_연료,충남_가구/가전,충남_ 가구,충남_ 가전제품/정보통신기기,충남_의료/보건,충남_ 종합병원,충남_ 일반병의원/기타의료기관,충남_자동차,충남_ 국산자동차신품,충남_ 기타운송수단,충남_ 자동차 부품 및 정비,충남_여행/교통,충남_ 여행사/자동차임대,충남_ 항공사,충남_ 대중교통,충남_오락/문화,충남_ 스포츠/오락/여가,충남_ 서적/문구,충남_교육,충남_숙박/음식,충남_ 숙박,충남_ 음식점,충남_공과금/개인 및 전문 서비스,충남_금융/보험,충남_기타
5546.75,987.32,163.91,551.84,230.82,40.45,0.3,9.16,133.68,116.7,16.98,342.32,243.07,26.0,25.66,47.59,1413.02,206.47,19.07,187.4,407.95,85.76,322.19,191.29,1.93,7.8,181.57,5.64,2.11,0.0,3.53,455.08,423.37,31.72,155.83,768.92,41.82,727.11,188.07,0.64,281.36,7738.53,1423.49,146.82,848.12,355.27,73.28,0.0,22.86,287.79,251.73,36.06,415.89,275.92,24.83,35.82,79.31,1974.29,272.55,24.36,248.2,515.49,111.3,404.2,274.03,0.45,11.1,262.48,3.65,2.48,0.11,1.07,438.53,401.15,37.38,312.49,1172.45,69.31,1103.13,151.24,0.88,472.9
5391.04,1059.02,179.37,604.97,236.33,38.16,0.19,9.01,133.4,117.58,15.82,330.47,224.91,29.1,25.88,50.58,1340.02,146.5,16.86,129.64,397.95,83.47,314.48,219.31,0.73,5.75,212.83,3.02,2.09,0.0,0.93,326.67,286.39,40.28,134.21,819.81,37.54,782.27,189.89,0.5,281.25,7779.27,1553.25,156.03,962.67,361.9,72.64,0.0,25.03,238.64,213.7,24.94,438.76,266.59,27.18,36.04,108.95,1886.75,230.36,21.23,209.13,499.49,109.53,389.96,317.83,0.25,10.83,306.75,2.88,2.23,0.1,0.55,371.34,328.76,42.59,298.48,1248.0,77.32,1170.68,150.27,0.75,517.43
5113.25,935.56,116.86,534.5,246.67,36.75,0.78,9.29,133.91,116.11,17.8,305.91,208.65,21.91,28.4,46.94,1304.17,147.0,17.19,129.81,455.55,91.6,363.95,168.83,0.61,6.66,161.56,3.41,2.51,0.0,0.9,259.99,224.1,35.9,148.8,758.07,38.63,719.44,200.62,0.47,281.68,7436.22,1462.52,132.81,896.48,366.66,66.56,0.0,21.4,259.45,225.17,34.29,393.64,221.86,18.84,39.97,112.97,1822.73,189.55,19.74,169.81,572.34,123.25,449.08,247.25,0.15,9.43,237.67,2.25,1.58,0.13,0.53,310.99,271.54,39.45,283.5,1176.59,77.71,1098.88,151.7,0.67,541.65
4708.02,947.58,109.73,556.61,245.99,34.76,0.49,7.92,156.19,136.06,20.13,248.45,161.72,17.22,25.43,44.09,1211.35,144.7,17.45,127.25,387.93,79.48,308.45,139.42,0.71,6.96,131.76,2.97,2.04,0.0,0.93,233.53,202.75,30.78,135.97,656.07,29.08,626.99,185.28,0.42,250.25,6864.34,1433.29,107.76,907.95,356.07,61.52,0.0,18.93,286.18,249.57,36.61,352.97,199.77,15.58,35.94,101.68,1692.51,198.79,22.13,176.66,491.75,106.5,385.25,211.23,0.15,8.47,202.61,2.3,1.61,0.1,0.59,270.85,236.0,34.85,265.63,999.58,59.42,940.17,137.93,1.02,501.38
5393.21,916.26,122.81,513.06,238.93,41.28,0.18,8.35,127.95,109.0,18.96,303.92,196.57,25.22,32.76,49.36,1355.68,194.3,25.05,169.24,438.2,91.89,346.31,178.25,0.73,11.57,165.94,4.07,2.16,0.0,1.91,411.78,342.41,69.36,151.55,788.58,35.7,752.87,211.11,0.62,302.61,7974.05,1446.78,118.6,878.72,373.89,75.56,0.0,22.36,265.14,228.91,36.23,419.99,233.55,22.94,46.88,116.63,1926.02,368.99,29.3,339.69,553.05,116.3,436.75,259.34,0.24,14.0,245.09,4.31,3.15,0.09,1.07,420.75,345.15,75.6,281.34,1251.69,69.32,1182.37,166.38,1.32,586.6
5362.13,967.7,130.79,544.35,249.57,42.61,0.37,8.59,128.09,109.55,18.54,302.6,196.48,24.99,32.5,48.64,1319.16,171.19,22.65,148.54,422.21,88.03,334.17,174.35,0.83,11.16,162.36,5.55,2.28,0.0,3.26,409.74,363.42,46.33,136.83,804.13,37.11,767.02,214.54,0.61,296.85,7920.25,1514.12,131.72,921.85,383.17,77.38,0.0,22.81,274.19,237.13,37.06,419.06,237.47,23.06,45.27,113.26,1889.14,302.58,26.39,276.19,541.4,116.63,424.77,247.49,0.21,14.55,232.73,4.47,2.8,0.14,1.53,410.91,359.72,51.19,272.83,1263.35,69.55,1193.8,164.58,0.96,592.36
5753.33,1039.23,132.05,582.75,276.55,47.53,0.35,8.8,147.13,125.83,21.29,369.63,249.61,29.84,36.05,54.13,1326.16,205.03,21.61,183.42,431.47,89.66,341.82,194.29,0.97,12.27,181.05,7.8,2.92,0.0,4.88,460.44,425.18,35.25,138.82,880.96,41.4,839.57,215.61,0.49,327.46,8525.67,1641.45,126.13,995.37,433.59,86.35,0.0,24.28,314.59,272.09,42.5,501.61,303.05,26.79,50.16,121.6,1884.48,382.37,27.09,355.28,552.1,122.03,430.07,280.82,0.49,16.03,264.3,5.58,2.91,0.1,2.57,477.25,438.07,39.18,276.37,1369.88,78.33,1291.55,178.27,0.61,636.02
5371.83,982.24,100.82,551.65,282.78,46.67,0.31,8.24,133.71,116.14,17.56,288.38,181.15,28.65,32.45,46.14,1262.9,202.94,21.8,181.13,413.98,87.28,326.7,194.94,1.13,12.06,181.74,5.93,2.28,0.0,3.65,410.18,377.02,33.16,137.93,804.89,36.57,768.32,208.01,0.67,316.9,7813.48,1577.05,108.68,949.22,433.98,85.16,0.0,20.78,251.82,224.13,27.69,416.78,232.51,25.35,45.97,112.95,1764.59,287.94,27.18,260.75,505.28,114.34,390.94,278.38,0.37,14.9,263.1,4.3,2.02,0.09,2.2,399.12,361.85,37.27,259.15,1270.94,81.64,1189.3,165.66,0.66,611.05
5645.5,1088.53,105.66,637.56,293.1,51.9,0.31,9.28,138.22,120.45,17.76,269.24,162.92,25.82,33.01,47.48,1300.01,242.92,23.46,219.45,437.02,92.49,344.53,195.36,1.0,10.29,184.07,5.46,2.14,0.0,3.33,379.47,341.75,37.73,145.85,887.65,43.36,844.3,217.51,0.54,328.42,8282.17,1759.72,121.55,1091.13,451.1,95.93,0.0,23.38,246.52,216.75,29.76,395.0,208.62,23.86,47.16,115.36,1812.87,319.6,25.55,294.05,551.88,125.63,426.25,284.42,0.19,15.93,268.31,3.75,1.94,0.14,1.66,392.84,351.97,40.87,268.17,1414.48,109.85,1304.62,174.1,1.01,634.43
5604.09,1047.33,93.99,597.71,303.63,51.65,0.35,8.74,150.22,133.44,16.79,218.47,120.11,20.24,33.91,44.22,1389.25,206.51,20.53,185.98,431.36,89.91,341.45,200.31,1.08,10.66,188.57,9.12,2.63,0.0,6.49,339.49,303.89,35.61,150.11,923.06,61.58,861.48,212.79,0.53,316.78,8402.11,1698.45,97.77,1034.51,468.13,98.04,0.0,19.87,286.03,255.63,30.4,331.02,154.8,19.03,47.1,110.08,1947.3,294.35,25.05,269.3,544.52,120.01,424.5,292.59,0.2,15.14,277.25,5.69,2.69,0.26,2.75,372.86,332.58,40.27,280.92,1528.23,152.75,1375.48,178.28,0.82,621.18
5473.35,1136.45,126.71,651.95,305.67,51.93,0.19,8.25,196.86,171.94,24.92,295.27,195.4,25.56,29.49,44.82,1286.52,151.67,20.85,130.82,382.78,76.69,306.09,167.32,0.44,9.98,156.9,5.7,2.76,0.0,2.94,392.77,353.75,39.02,132.43,801.66,38.1,763.57,205.35,0.67,309.67,8023.39,1756.13,125.67,1069.36,465.52,95.58,0.0,23.1,426.29,361.96,64.33,418.89,247.45,21.21,39.29,110.95,1816.01,208.87,25.49,183.38,485.75,104.36,381.39,245.66,0.22,12.3,233.14,4.03,2.35,0.15,1.53,380.18,332.14,48.03,258.92,1241.46,74.17,1167.28,155.81,0.44,601.87
5599.27,950.55,135.04,507.77,255.85,51.46,0.43,8.45,146.26,126.08,20.19,335.1,229.2,26.31,29.96,49.62,1335.82,176.92,22.99,153.92,437.68,87.34,350.34,194.68,1.13,10.23,183.32,8.11,2.36,0.0,5.75,464.06,429.66,34.4,139.31,843.6,42.32,801.28,232.19,0.48,326.07,8263.99,1587.45,170.71,908.69,410.5,97.56,0.0,22.92,328.04,290.71,37.32,481.2,295.49,24.43,41.6,119.68,1890.79,224.85,27.93,196.91,562.73,121.53,441.19,280.25,0.27,14.32,265.65,5.27,2.8,0.19,2.28,438.86,400.2,38.66,287.51,1334.19,78.76,1255.42,171.98,0.67,647.29
5588.06,986.33,164.46,520.8,253.75,47.15,0.16,8.22,143.01,125.36,17.64,352.8,253.12,25.87,26.5,47.31,1345.43,207.02,17.9,189.11,413.67,84.33,329.34,213.71,0.61,7.05,206.05,5.59,1.62,0.0,3.97,446.33,412.82,33.51,137.9,792.05,39.76,752.29,216.44,0.62,318.95,8121.94,1505.7,129.07,888.5,398.95,89.18,0.01,22.07,289.13,255.59,33.54,504.62,326.62,24.41,37.16,116.42,1888.17,294.61,23.58,271.03,527.88,119.52,408.36,308.42,0.18,9.09,299.14,4.24,2.35,0.13,1.77,438.43,398.63,39.8,289.45,1236.32,72.66,1163.67,162.48,0.52,649.9
5605.3,1051.78,168.55,575.33,260.23,47.42,0.25,9.01,144.29,127.85,16.45,351.35,239.62,30.83,29.21,51.69,1328.35,152.92,18.2,134.72,428.63,90.54,338.09,205.87,0.44,6.67,198.76,4.05,2.41,0.0,1.64,348.67,306.69,41.98,139.74,898.76,39.56,859.2,222.73,0.54,318.59,8270.01,1646.12,149.03,994.27,412.6,90.21,0.01,25.82,266.32,236.61,29.71,493.3,306.04,25.36,40.28,121.63,1855.84,236.87,24.5,212.37,543.84,119.68,424.16,302.32,0.23,9.97,292.12,3.07,1.95,0.17,0.95,388.2,341.17,47.03,307.5,1381.9,86.97,1294.93,174.48,0.45,643.97
5214.65,1000.24,115.79,556.15,286.14,41.5,0.66,9.26,183.33,159.21,24.12,300.66,202.07,20.85,29.96,47.79,1255.96,134.25,17.48,116.78,454.21,90.84,363.38,159.47,0.9,5.53,153.04,3.58,2.3,0.0,1.28,263.35,226.49,36.86,148.34,785.04,38.98,746.06,215.79,0.66,300.48,7711.89,1546.71,94.78,944.23,430.67,77.02,0.0,21.76,360.87,302.42,58.45,423.03,241.53,17.65,40.76,123.1,1767.17,198.34,23.22,175.12,565.67,120.58,445.09,246.86,0.24,9.6,237.02,2.65,1.83,0.1,0.73,311.07,270.31,40.76,274.45,1234.97,83.64,1151.33,171.71,0.39,586.22
4662.31,853.69,119.53,469.12,222.63,40.25,2.17,48.56,114.99,100.16,14.83,250.22,159.01,19.26,28.91,43.04,1119.67,134.76,18.38,116.38,420.05,88.45,331.59,143.45,7.69,7.46,128.29,8.11,3.17,1.95,3.0,241.73,208.93,32.8,143.21,695.88,34.09,661.79,217.71,13.02,257.27,6890.87,1339.02,99.33,817.99,345.35,73.96,2.39,70.8,215.17,194.79,20.38,370.49,205.61,16.37,38.61,109.9,1575.3,173.76,24.39,149.37,539.68,121.8,417.88,216.56,11.13,10.55,194.88,9.18,2.82,2.25,4.1,278.38,240.31,38.07,288.91,1084.56,66.56,1018.0,171.22,18.07,539.77
5436.21,957.31,129.12,521.18,259.17,47.67,0.17,9.08,136.85,117.95,18.9,307.71,196.14,27.32,34.97,49.28,1272.41,181.85,25.48,156.37,433.87,87.12,346.75,176.28,0.85,10.82,164.61,3.65,1.71,0.0,1.94,410.2,339.43,70.77,153.51,846.05,35.49,810.56,222.84,0.69,323.9,8052.99,1530.86,107.11,915.87,419.4,88.48,0.0,23.7,273.21,243.2,30.01,455.17,252.51,23.25,48.59,130.82,1797.85,254.29,33.43,220.86,560.56,122.4,438.16,255.38,0.27,14.31,240.8,5.3,3.0,0.12,2.18,422.67,346.33,76.34,299.2,1359.84,74.98,1284.86,187.99,1.39,625.6
5263.89,908.2,113.35,484.66,260.36,49.45,0.39,9.54,133.2,115.35,17.85,311.35,204.91,25.83,32.61,48.0,1220.24,160.88,22.61,138.27,415.77,86.74,329.03,183.2,2.58,12.31,168.31,5.45,2.49,0.0,2.96,383.11,346.42,36.69,138.72,817.04,35.19,781.85,215.95,0.61,360.63,7737.06,1467.36,93.87,864.91,418.07,90.51,0.0,21.48,274.18,243.85,30.33,444.5,248.71,22.87,45.57,127.35,1724.39,211.0,27.07,183.93,529.79,117.97,411.82,264.72,1.55,16.28,246.89,4.07,2.24,0.11,1.72,392.11,350.28,41.84,264.29,1292.09,67.56,1224.53,180.73,1.25,665.09
5664.25,1009.27,116.59,548.2,290.74,53.29,0.45,8.94,156.5,134.74,21.76,337.37,219.91,28.95,34.91,53.6,1261.12,192.27,23.43,168.84,419.26,86.21,333.05,187.89,0.98,13.83,173.08,5.88,2.35,0.0,3.53,421.53,384.55,36.97,145.3,922.35,41.0,881.35,217.4,0.56,378.6,8386.51,1643.8,102.73,973.0,469.96,98.09,0.03,22.83,311.97,275.79,36.18,495.59,282.44,24.98,49.27,138.91,1781.13,262.51,29.11,233.4,537.24,117.85,419.39,279.04,0.57,16.94,261.53,4.17,2.18,0.23,1.75,434.41,393.94,40.46,275.84,1448.52,82.71,1365.81,190.4,1.09,697.98
5450.12,1015.41,96.32,561.86,300.37,56.52,0.34,9.07,145.18,128.48,16.7,285.94,175.84,28.02,34.77,47.31,1199.3,203.18,22.3,180.88,402.07,84.85,317.22,180.83,1.51,11.75,167.56,5.21,2.18,0.0,3.03,394.44,362.52,31.92,139.95,885.67,38.78,846.89,221.76,0.72,361.4,8044.73,1646.13,91.18,972.37,478.15,104.42,0.0,21.16,279.51,239.96,39.55,423.72,222.33,24.8,49.19,127.4,1696.53,283.25,27.42,255.84,517.69,113.93,403.76,267.81,0.14,16.19,251.48,3.79,1.88,0.17,1.73,391.96,355.16,36.8,267.14,1397.85,86.38,1311.47,181.47,0.7,666.01
5587.26,1000.58,93.53,558.22,291.06,57.51,0.27,10.31,145.83,127.3,18.53,270.18,156.61,26.77,35.55,51.25,1234.63,227.66,23.25,204.4,451.52,94.98,356.53,196.67,1.26,13.0,182.41,4.77,2.82,0.0,1.95,363.21,323.87,39.34,155.14,912.71,41.07,871.64,235.03,0.6,378.43,8312.17,1634.68,85.6,979.24,461.05,108.78,0.0,21.48,269.96,234.13,35.83,416.11,202.69,23.27,52.25,137.91,1739.85,307.15,27.92,279.23,589.32,131.89,457.44,298.59,0.21,16.15,282.24,7.35,1.85,0.14,5.37,379.91,336.0,43.91,277.16,1475.94,101.28,1374.66,183.19,1.44,710.04
5667.91,1029.34,88.3,573.43,310.02,57.17,0.42,9.12,166.46,145.47,20.99,236.5,127.4,23.22,36.29,49.59,1279.93,186.0,24.96,161.05,452.38,93.91,358.47,189.23,0.78,11.28,177.17,6.19,2.47,0.0,3.72,340.67,302.14,38.52,170.79,987.85,62.84,925.0,233.09,0.68,379.68,8659.15,1707.46,79.82,1019.17,498.48,109.98,0.0,20.49,345.72,297.76,47.95,373.08,165.18,20.02,50.39,137.49,1794.37,263.16,33.43,229.73,591.13,124.94,466.2,290.81,0.26,17.04,273.51,9.41,2.38,0.19,6.85,376.0,333.74,42.26,313.41,1643.12,141.31,1501.81,222.02,0.83,708.14
5310.5,1076.63,114.66,598.16,301.49,61.94,0.4,7.84,192.25,167.85,24.4,281.17,176.96,25.59,31.74,46.89,1185.65,174.23,23.68,150.55,406.2,80.47,325.73,171.32,0.94,11.05,159.33,4.61,2.11,0.0,2.49,375.46,336.41,39.05,141.62,830.16,37.71,792.45,115.81,0.6,346.95,8133.35,1733.59,108.76,1019.7,489.04,116.08,0.0,22.45,423.24,361.99,61.25,419.56,225.48,22.33,44.14,127.61,1661.66,240.95,31.01,209.93,528.89,109.84,419.05,261.67,0.21,15.9,245.56,8.67,2.31,0.13,6.23,385.55,337.72,47.82,276.37,1338.13,74.93,1263.2,166.63,0.36,665.63
5456.4,947.61,123.89,501.67,262.64,57.51,1.89,31.01,149.47,129.91,19.56,328.2,218.06,26.99,31.42,51.74,1195.76,199.36,26.14,173.22,437.85,88.68,349.16,198.97,11.27,10.83,176.87,13.4,3.99,1.92,7.49,407.91,373.78,34.13,142.43,880.65,41.09,839.56,134.13,12.39,377.28,8970.33,1664.84,130.97,949.39,467.58,115.1,1.8,56.95,378.5,319.98,58.52,519.47,304.21,27.65,47.64,139.98,1783.13,262.39,37.06,225.33,621.9,126.14,495.76,319.16,16.29,16.73,286.14,75.1,3.91,2.76,68.42,483.92,441.13,42.78,299.42,1536.19,79.68,1456.51,204.55,19.13,745.66
5415.15,955.69,134.07,503.0,263.51,54.88,0.23,7.8,154.25,135.94,18.32,326.3,220.84,26.99,28.78,49.7,1189.17,222.09,24.21,197.88,438.07,86.17,351.9,199.71,1.07,7.32,191.31,6.83,3.53,0.02,3.28,411.87,377.63,34.24,144.95,851.07,39.76,811.31,129.47,0.57,377.31,8188.41,1582.94,112.93,927.23,439.77,103.0,0.0,20.34,312.79,273.65,39.14,488.96,290.72,24.83,39.33,134.08,1664.5,291.68,32.96,258.72,555.99,112.73,443.26,297.61,0.19,11.2,286.21,8.42,2.06,0.13,6.23,423.14,382.22,40.92,290.49,1360.27,72.21,1288.06,178.51,0.46,712.31
5534.36,1074.45,173.09,571.87,266.55,60.95,1.99,62.22,150.8,132.37,18.43,331.45,220.4,29.41,30.86,50.79,1144.56,160.23,23.43,136.79,453.45,94.48,358.98,224.72,11.99,5.47,207.26,9.81,3.99,2.0,3.82,313.75,269.39,44.37,150.49,918.64,39.16,879.49,149.04,14.32,376.42,8377.41,1731.03,153.29,1010.04,450.97,114.25,2.48,95.64,264.75,240.27,24.47,488.88,290.11,27.75,42.18,128.84,1571.61,205.56,29.2,176.36,571.99,126.32,445.67,348.25,19.03,11.04,318.18,16.05,3.38,2.39,10.28,371.74,319.88,51.85,326.69,1422.22,76.91,1345.31,229.25,19.26,714.52
4923.99,913.13,104.19,495.45,266.18,46.92,0.39,8.92,147.76,128.68,19.08,269.05,167.11,21.76,32.8,47.37,1009.15,149.42,23.52,125.89,501.1,99.5,401.6,159.48,0.7,6.39,152.38,3.73,2.72,0.0,1.01,255.78,216.92,38.86,159.89,871.38,40.14,831.24,126.53,0.64,348.04,7759.16,1528.77,85.41,915.93,438.54,88.88,0.0,21.46,277.73,248.18,29.55,420.9,215.94,19.69,45.96,139.3,1400.58,208.0,32.02,175.98,637.51,125.61,511.9,257.53,0.13,11.6,245.8,7.73,1.93,0.16,5.63,310.39,266.68,43.72,296.38,1409.63,85.68,1323.96,301.77,0.39,680.39
4684.85,1006.89,105.93,562.58,287.21,50.85,0.32,8.02,196.55,170.91,25.63,238.48,142.56,20.44,30.76,44.72,918.31,154.35,25.71,128.64,415.83,80.64,335.19,139.42,1.0,7.62,130.81,3.06,2.11,0.0,0.95,240.1,206.51,33.59,152.77,766.03,33.77,732.26,116.28,0.7,328.07,7405.67,1697.48,90.43,1050.05,464.14,92.87,0.0,20.74,352.64,311.83,40.81,429.13,197.37,17.04,42.29,172.44,1266.87,198.84,31.61,167.23,534.81,107.3,427.51,217.54,0.09,9.48,207.98,7.32,1.72,0.11,5.49,277.96,239.73,38.23,284.37,1212.95,67.73,1145.22,264.01,0.51,640.51
5398.86,979.61,119.9,522.37,274.42,62.72,0.21,8.88,142.31,123.06,19.26,312.25,194.05,26.77,40.26,51.17,1106.59,200.43,31.46,168.97,482.29,95.78,386.51,190.47,1.26,11.94,177.28,4.51,3.29,0.0,1.22,398.58,327.17,71.41,160.47,887.71,34.99,852.72,144.6,0.65,379.51,8460.91,1684.25,108.4,996.32,462.58,116.95,0.0,23.73,280.13,249.21,30.91,515.42,252.72,24.35,56.77,181.59,1531.53,256.31,38.4,217.91,628.26,127.58,500.68,285.12,0.17,18.49,266.46,8.45,2.7,0.02,5.73,429.18,348.13,81.04,329.82,1448.7,73.55,1375.14,323.56,0.86,715.61
5220.47,973.21,112.25,502.8,286.76,70.92,0.49,9.02,148.42,127.44,20.98,300.54,188.24,25.67,36.51,50.12,1031.76,162.91,28.52,134.39,470.16,94.41,375.75,186.58,1.31,11.48,173.79,6.21,3.99,0.0,2.23,380.69,341.41,39.28,145.44,890.9,36.36,854.53,137.98,0.69,375.97,8265.95,1685.61,99.74,978.95,475.85,131.08,0.0,23.27,303.13,268.1,35.03,515.02,248.4,24.13,52.32,190.17,1417.64,211.48,34.22,177.26,623.24,128.92,494.32,289.32,0.12,18.42,270.79,11.24,2.95,0.0,8.28,407.88,360.19,47.69,280.72,1458.14,73.34,1384.8,310.74,0.81,727.71
5804.6,1126.36,125.28,585.85,334.27,80.48,0.48,8.75,176.83,155.09,21.74,349.08,220.07,30.2,44.44,54.36,1121.51,199.38,31.72,167.66,451.04,92.28,358.76,210.06,0.78,15.73,193.56,4.97,3.34,0.0,1.63,445.78,406.93,38.85,151.25,1028.97,43.55,985.42,151.72,0.55,378.35,9247.75,1967.43,111.98,1142.46,561.7,151.29,0.0,22.98,367.08,328.1,38.98,587.48,297.83,28.24,63.12,198.28,1547.41,245.8,33.09,212.71,622.31,126.1,496.21,317.59,0.13,21.45,296.01,10.25,2.91,0.0,7.34,482.03,435.6,46.43,296.71,1697.49,98.24,1599.26,303.71,0.53,778.95
5275.86,1087.9,98.26,561.05,341.09,87.2,0.32,9.25,159.29,140.04,19.24,269.59,158.21,25.43,37.34,48.61,1048.79,214.01,33.07,180.94,399.88,77.41,322.46,198.81,2.38,13.75,182.68,2.41,1.72,0.0,0.69,370.73,337.14,33.59,148.88,888.0,32.83,855.17,134.06,0.61,343.67,8212.67,1866.54,79.45,1063.22,563.5,160.36,0.0,20.71,285.18,250.28,34.9,458.65,203.34,24.8,51.99,178.53,1404.23,248.47,31.21,217.26,532.75,92.89,439.85,300.21,0.21,19.11,280.89,8.66,2.17,0.0,6.49,373.07,332.14,40.93,277.57,1416.24,68.83,1347.41,293.94,0.53,725.93
5570.83,1090.52,91.25,575.2,333.03,90.6,0.45,9.81,158.45,139.21,19.24,267.64,151.35,24.61,38.88,52.81,1104.64,243.13,32.73,210.4,453.46,94.63,358.83,216.64,1.66,13.29,201.7,5.17,4.03,0.0,1.13,367.98,324.93,43.05,166.3,987.93,42.52,945.42,136.92,0.66,361.59,8959.01,1929.92,87.18,1118.73,555.54,168.46,0.0,23.3,294.18,255.96,38.21,471.69,202.01,25.56,56.27,187.85,1487.13,301.16,32.72,268.44,638.15,121.54,516.61,328.48,0.7,19.72,308.07,9.92,2.33,0.03,7.56,389.08,341.33,47.74,293.76,1633.15,105.4,1527.76,361.0,0.84,797.24
6131.25,1247.96,77.06,690.33,376.26,103.54,0.77,9.2,196.41,177.52,18.89,250.46,129.59,22.84,42.46,55.57,1216.45,242.59,34.12,208.48,480.6,103.68,376.92,222.98,0.81,14.17,208.0,5.74,2.9,0.0,2.84,353.45,314.18,39.26,187.51,1175.75,71.81,1103.94,141.55,0.76,399.84,8796.41,1912.43,87.29,1083.57,572.45,168.92,0.2,23.29,313.27,279.41,33.86,407.88,161.5,23.83,55.68,166.87,1439.89,277.24,37.06,240.18,608.01,122.71,485.3,291.66,0.32,17.33,274.01,11.13,2.62,0.0,8.51,380.76,334.33,46.44,329.63,1735.29,144.51,1590.78,327.33,0.76,737.84
5896.39,1291.78,87.38,717.98,382.63,103.44,0.35,8.42,272.29,242.06,30.23,303.92,185.72,24.59,36.6,57.0,1128.03,181.11,30.85,150.26,455.53,98.12,357.4,204.48,0.8,12.55,191.12,5.03,3.66,0.02,1.35,376.61,334.81,41.8,156.5,987.65,38.38,949.27,136.05,0.66,388.36,8503.83,1941.66,99.61,1093.08,580.06,168.84,0.07,24.57,441.36,380.78,60.58,475.32,221.89,25.51,46.32,181.61,1364.04,211.87,35.92,175.95,579.09,115.75,463.34,268.84,0.32,15.29,253.23,21.56,3.03,0.01,18.52,371.54,316.57,54.97,289.2,1418.51,68.35,1350.17,346.65,0.51,749.12
5913.42,1083.84,119.76,558.74,302.13,102.69,0.53,8.73,191.54,168.66,22.89,348.92,221.98,28.89,37.37,60.67,1149.96,213.14,35.13,178.02,499.56,101.48,398.08,224.82,1.23,11.89,211.69,5.52,3.52,0.0,1.99,435.34,398.69,36.65,170.83,1025.26,47.15,978.11,152.56,0.88,402.51,8566.2,1695.35,125.6,916.08,486.7,166.87,0.1,23.68,329.26,290.54,38.72,527.21,275.65,27.01,48.58,175.96,1368.79,244.71,41.0,203.71,647.47,124.6,522.87,298.89,0.37,15.96,282.56,22.4,3.25,0.0,19.16,424.11,379.67,44.45,317.91,1487.96,76.01,1411.95,388.13,0.44,789.88
5862.04,1138.15,123.58,597.43,318.22,98.45,0.47,8.16,190.33,172.8,17.53,347.83,233.35,25.52,34.13,54.83,1124.63,255.22,32.46,222.76,463.46,98.5,364.96,227.21,0.97,8.33,217.91,4.47,2.98,0.03,1.45,415.2,379.33,35.87,155.56,1004.32,43.0,961.33,149.93,0.62,376.95,8399.58,1765.95,129.17,972.26,503.91,160.44,0.17,23.93,297.01,273.48,23.53,520.71,287.76,25.39,43.64,163.92,1332.38,291.12,36.74,254.38,588.73,115.72,473.01,297.05,0.27,11.42,285.37,19.62,2.78,0.0,16.84,391.26,349.24,42.02,324.07,1440.5,71.23,1369.28,362.47,0.35,744.41
5925.13,1119.63,118.46,591.18,311.57,98.03,0.38,9.38,184.9,164.56,20.34,344.38,218.17,28.43,37.22,60.57,1161.1,194.51,31.35,163.16,530.85,113.09,417.76,240.55,0.77,6.48,233.31,4.07,3.13,0.01,0.94,340.5,290.63,49.87,170.73,1083.35,42.92,1040.43,146.79,0.59,393.81,8545.81,1732.16,121.69,958.01,493.58,158.83,0.05,26.18,268.67,249.42,19.25,508.28,267.73,25.66,46.39,168.49,1346.55,230.44,35.56,194.88,648.89,129.74,519.15,315.33,0.31,10.58,304.45,20.46,2.29,0.0,18.17,363.06,304.5,58.55,334.06,1543.37,75.95,1467.42,409.99,0.39,797.99
5634.11,1092.95,86.94,583.49,331.08,90.42,1.01,9.06,185.74,169.89,15.85,301.49,185.08,20.71,38.55,57.16,1127.13,173.74,28.09,145.65,537.45,112.72,424.73,207.84,0.78,7.42,199.64,3.87,3.06,0.0,0.81,268.46,226.78,41.68,183.18,1024.39,44.4,979.99,147.67,0.64,370.5,8103.78,1696.21,85.32,957.28,508.65,144.68,0.27,22.28,283.47,259.91,23.56,466.22,221.88,20.75,49.92,173.68,1264.73,205.77,35.47,170.3,680.98,129.19,551.79,281.56,0.22,11.2,270.14,19.51,2.54,0.0,16.97,303.51,255.9,47.61,315.25,1464.31,79.18,1385.13,364.9,0.32,734.74
5314.69,1181.07,90.24,662.54,338.02,89.75,0.52,9.08,218.83,199.95,18.88,257.48,150.94,19.28,35.46,51.8,998.1,186.44,29.42,157.02,474.53,101.85,372.68,168.52,1.08,7.27,160.17,3.22,2.46,0.03,0.73,251.55,215.97,35.58,176.5,912.81,37.24,875.58,134.48,0.64,341.44,7684.34,1776.61,98.81,1024.63,511.25,141.83,0.09,23.98,324.67,294.43,30.24,406.05,192.84,18.99,46.93,147.29,1146.1,211.81,37.66,174.15,603.58,117.17,486.41,229.68,0.22,12.03,217.43,16.45,2.6,0.14,13.71,280.31,236.65,43.66,341.8,1315.34,67.66,1247.68,335.78,0.49,671.7
5923.61,1121.48,94.51,593.94,327.46,105.11,0.44,9.25,167.26,152.44,14.82,322.42,194.01,26.04,42.89,59.48,1112.26,227.7,35.18,192.52,543.26,117.46,425.8,228.55,1.73,13.11,213.72,4.91,3.95,0.02,0.95,401.52,326.18,75.34,184.05,1037.63,41.02,996.6,157.71,0.71,404.9,8494.4,1746.88,104.21,962.87,509.91,169.79,0.1,24.86,267.56,245.4,22.16,490.3,238.7,24.94,55.98,170.68,1266.88,254.05,43.75,210.31,686.78,133.19,553.59,296.32,0.2,18.89,277.23,19.25,3.29,0.11,15.85,408.31,321.96,86.36,339.9,1516.12,64.49,1451.63,396.85,0.79,779.54
5900.18,1140.29,92.66,601.56,336.61,108.69,0.78,8.93,178.31,163.16,15.15,338.38,209.33,27.88,42.81,58.36,1081.9,190.35,30.2,160.15,508.99,108.19,400.81,230.48,1.2,13.54,215.75,5.06,3.26,0.08,1.71,409.22,369.47,39.75,167.5,1069.86,40.4,1029.46,156.91,0.78,413.23,8395.97,1749.24,101.22,948.51,523.85,175.44,0.22,23.51,289.48,268.01,21.47,498.22,251.24,27.08,55.42,164.48,1244.86,217.15,39.88,177.27,654.26,126.78,527.48,297.8,0.28,18.92,278.6,12.56,3.03,0.17,9.36,403.91,354.46,49.46,304.47,1552.15,67.15,1484.99,369.97,0.61,777.77
6475.63,1343.79,119.6,722.21,376.58,124.31,1.1,10.98,199.02,180.84,18.19,370.76,229.25,31.46,48.71,61.34,1135.59,252.52,35.86,216.65,502.9,107.56,395.33,244.09,1.04,16.27,226.78,5.28,3.14,0.1,2.04,459.0,420.57,38.42,169.7,1213.41,46.81,1166.59,168.92,0.85,398.81,9180.44,1996.88,119.55,1082.8,593.32,200.98,0.23,27.34,321.02,294.79,26.22,551.38,286.69,30.98,61.88,171.83,1375.45,297.54,50.73,246.81,640.05,129.39,510.66,303.08,0.42,23.45,279.22,11.45,2.87,0.2,8.38,452.66,402.13,50.53,323.84,1750.36,83.38,1666.98,380.47,0.58,748.33
6184.54,1254.8,93.87,662.99,370.77,126.26,0.92,8.65,177.54,162.55,15.0,326.95,190.99,32.66,43.93,59.37,1146.0,264.18,33.62,230.56,505.79,110.71,395.08,245.65,0.95,15.19,229.5,4.91,3.05,0.06,1.8,405.57,369.64,35.92,175.58,1126.51,45.14,1081.37,157.51,0.73,384.17,8769.26,1880.88,89.98,1010.84,574.36,205.44,0.27,22.65,285.21,262.98,22.23,479.53,235.62,28.69,56.29,158.93,1386.38,301.32,47.68,253.64,640.23,128.59,511.63,311.19,0.36,20.78,290.05,12.82,2.71,0.16,9.96,395.09,349.37,45.72,306.56,1641.78,83.52,1558.26,368.14,0.52,736.95
6348.87,1275.23,91.33,680.52,374.53,127.69,1.16,9.68,179.52,164.82,14.7,292.99,160.79,28.64,44.87,58.68,1164.02,325.82,37.73,288.1,540.53,116.89,423.64,255.39,1.24,14.26,239.89,4.8,3.18,0.08,1.55,378.03,335.16,42.87,186.74,1182.15,48.09,1134.06,156.37,0.83,396.79,9008.17,1919.01,84.51,1046.4,579.91,207.92,0.28,24.35,268.93,249.24,19.69,455.36,203.47,28.17,57.9,165.82,1427.9,373.57,45.72,327.85,664.28,136.39,527.89,322.65,0.27,18.9,303.49,12.16,2.95,0.23,8.98,385.17,334.52,50.65,318.78,1734.52,99.64,1634.88,367.12,1.15,733.21
6503.89,1368.06,91.07,736.63,396.34,142.76,1.25,10.91,189.03,173.78,15.25,253.92,129.48,26.3,44.22,53.92,1202.44,305.59,37.1,268.5,525.49,114.67,410.82,252.03,4.57,13.19,234.26,5.6,3.21,0.1,2.29,364.65,326.67,37.97,198.3,1283.7,76.77,1206.93,152.31,0.67,391.21,9279.05,2052.05,89.95,1116.98,612.22,232.53,0.36,26.77,298.39,277.74,20.64,396.8,166.09,25.16,56.65,148.9,1450.15,344.57,50.44,294.13,653.99,135.4,518.59,311.49,0.26,20.11,291.12,12.71,3.12,0.15,9.43,396.35,348.99,47.36,362.41,1903.2,152.16,1751.04,354.67,1.11,714.37
6164.86,1346.2,104.55,711.24,393.49,136.0,0.91,9.09,237.02,208.29,28.73,293.12,168.96,28.16,39.52,56.48,1111.68,229.36,36.48,192.88,496.25,106.09,390.16,230.1,3.37,12.42,214.31,5.36,3.46,0.1,1.81,383.12,341.43,41.69,176.41,1110.06,49.08,1060.98,149.94,0.85,386.29,8787.21,1998.1,103.43,1077.38,597.49,219.43,0.36,23.62,397.26,350.52,46.74,442.31,211.35,26.02,49.6,155.34,1363.99,251.5,50.01,201.49,657.12,123.91,533.21,286.77,0.32,17.69,268.76,13.05,2.83,0.13,10.09,378.32,324.39,53.93,325.5,1552.81,74.01,1478.8,363.64,0.83,732.39
6476.99,1272.45,123.78,638.51,369.78,139.42,0.96,8.56,228.63,209.32,19.31,338.68,213.21,26.78,40.6,58.09,1183.41,247.69,40.02,207.66,540.16,108.21,431.95,248.14,7.03,12.67,228.44,5.36,3.1,0.08,2.18,476.32,438.52,37.81,175.37,1183.66,51.28,1132.38,170.1,0.99,397.46,9317.48,1957.49,120.33,1021.79,586.76,228.38,0.23,25.75,383.46,345.16,38.31,507.41,269.56,25.41,51.4,161.03,1455.21,291.04,52.38,238.66,712.44,127.22,585.22,302.43,0.39,16.26,285.78,14.38,2.98,0.22,11.18,454.67,407.55,47.13,343.32,1717.73,82.4,1635.34,393.86,0.99,757.28
6353.2,1231.63,133.9,620.0,346.11,131.24,0.39,7.81,202.75,187.49,15.26,345.18,228.29,25.32,34.02,57.54,1235.25,272.72,34.37,238.36,531.65,110.62,421.02,265.94,1.86,9.71,254.37,5.01,3.21,0.06,1.74,447.73,411.35,36.37,176.17,1086.63,46.07,1040.56,159.46,0.97,384.31,9094.92,1854.53,124.46,969.3,548.44,212.23,0.1,23.76,316.24,292.56,23.68,531.43,297.3,23.69,45.34,165.1,1503.18,314.23,46.37,267.86,683.38,127.35,556.03,329.37,0.26,11.88,317.23,15.5,3.0,0.39,12.11,428.4,382.72,45.68,345.22,1563.17,72.0,1491.17,414.96,1.0,770.55
6425.15,1209.93,124.45,619.31,337.9,127.95,0.32,8.93,196.62,180.22,16.4,331.05,203.32,27.8,39.28,60.65,1296.73,215.48,32.88,182.6,603.42,123.77,479.65,274.2,3.9,9.1,261.2,4.29,3.35,0.09,0.85,345.99,298.21,47.78,184.07,1182.56,43.24,1139.32,166.99,0.95,403.96,9262.28,1837.42,113.58,978.76,538.18,206.83,0.07,24.6,298.18,277.06,21.12,505.26,263.38,24.6,50.94,166.34,1551.47,248.14,40.3,207.84,782.47,144.76,637.71,343.1,0.29,12.77,330.04,15.74,2.42,0.43,12.9,373.63,313.08,60.54,347.59,1698.52,76.04,1622.48,438.17,1.31,796.68
6248.17,1383.23,108.96,760.98,390.56,122.03,0.69,9.93,271.41,248.63,22.78,298.87,184.25,21.86,39.05,53.71,1253.88,203.06,29.67,173.39,545.28,116.25,429.03,213.32,1.1,6.63,205.59,3.93,3.1,0.09,0.74,271.73,232.69,39.04,173.14,1106.37,43.06,1063.31,157.51,0.92,355.6,8990.46,2024.64,99.84,1134.79,593.8,196.03,0.18,25.83,399.49,366.81,32.68,456.87,232.54,19.77,50.34,154.22,1508.76,241.68,39.83,201.85,710.28,134.05,576.24,270.82,0.25,10.22,260.34,12.88,2.6,0.42,9.86,311.5,261.7,49.8,323.08,1600.71,80.58,1520.13,394.86,1.22,707.83
5547.8,1024.17,95.2,524.25,294.46,109.94,0.33,8.01,147.97,136.03,11.94,257.76,142.85,21.1,40.98,52.82,1171.13,224.74,37.89,186.85,545.82,110.88,434.94,197.55,1.58,8.65,187.32,4.0,2.98,0.07,0.94,256.31,219.71,36.59,194.0,1006.42,38.93,967.49,161.3,0.93,347.69,8093.65,1575.62,91.49,847.31,459.36,177.37,0.08,21.56,237.59,220.71,16.88,416.32,187.52,18.83,53.95,156.02,1415.68,278.55,51.83,226.72,709.76,127.04,582.72,250.68,0.29,10.8,239.6,14.87,2.51,0.43,11.93,292.82,247.09,45.74,359.79,1471.37,70.88,1400.49,374.09,1.08,673.86
6620.53,1248.17,108.64,648.93,355.33,135.12,0.15,10.11,187.28,172.48,14.79,327.56,191.28,26.34,49.05,60.89,1336.63,247.57,40.84,206.74,591.07,118.41,472.66,249.6,3.34,15.93,230.33,5.15,3.99,0.09,1.07,438.99,367.51,71.48,193.23,1164.5,41.39,1123.11,186.96,1.12,432.58,9485.37,1892.5,107.24,1004.26,562.27,218.7,0.04,27.36,302.48,282.54,19.94,505.63,247.7,24.03,63.27,170.63,1617.59,309.64,54.33,255.31,746.13,135.55,610.57,310.47,0.21,20.51,289.74,16.72,4.71,0.44,11.58,448.15,361.9,86.25,366.61,1703.82,66.26,1637.56,435.95,1.6,800.72
6576.97,1262.33,104.19,650.95,370.47,136.49,0.23,8.53,199.46,184.23,15.23,335.61,202.56,26.08,48.25,58.73,1272.4,226.04,35.95,190.09,576.63,115.52,461.12,250.44,3.73,17.1,229.61,5.39,3.31,0.15,1.92,451.43,412.38,39.05,174.4,1194.65,42.19,1152.45,186.76,1.29,431.6,9442.1,1902.73,103.09,995.7,583.07,220.84,0.03,22.85,329.99,306.87,23.11,530.81,265.45,24.82,63.46,177.08,1552.34,320.23,47.87,272.36,758.0,133.11,624.89,305.92,0.23,19.9,285.79,16.8,3.11,0.53,13.16,442.75,390.74,52.01,317.03,1739.36,71.56,1667.8,407.49,1.54,794.26
7063.06,1429.68,117.37,748.05,405.96,158.09,0.22,10.26,218.13,201.21,16.92,354.81,213.22,29.47,51.32,60.8,1291.39,284.74,39.04,245.71,572.94,115.07,457.88,254.55,2.76,17.49,234.3,6.34,3.54,0.16,2.64,499.35,461.43,37.93,178.37,1329.15,51.19,1277.95,190.41,1.06,441.87,10173.62,2180.71,123.7,1140.04,657.95,258.98,0.04,27.99,363.0,337.14,25.85,563.22,291.27,27.48,69.33,175.14,1588.58,365.03,50.24,314.79,748.84,137.29,611.55,310.95,0.26,22.68,288.0,17.72,3.72,0.54,13.46,500.92,446.72,54.2,347.76,1947.31,93.11,1854.19,411.73,1.25,798.61
6128.76,1203.16,90.54,580.88,381.23,149.96,0.55,8.73,167.2,152.74,14.46,289.43,164.21,28.13,45.44,51.66,1139.04,247.59,32.69,214.91,545.14,113.18,431.96,244.1,2.65,15.22,226.23,5.4,3.62,0.0,1.78,423.75,388.77,34.98,175.12,1124.74,40.47,1084.28,172.48,1.11,381.77,9835.35,2143.56,87.05,1147.13,638.81,270.54,0.02,23.62,324.04,303.6,20.44,493.16,222.94,27.05,66.86,176.32,1529.52,357.96,47.71,310.25,763.67,140.92,622.75,326.43,0.28,22.26,303.89,17.22,2.83,0.66,13.73,439.56,391.9,47.66,337.72,1851.51,88.62,1762.89,399.8,1.87,825.73
6416.04,1293.69,91.95,643.28,400.65,157.24,0.58,10.9,172.28,158.69,13.6,272.9,154.98,24.4,44.91,48.6,1147.72,358.35,36.87,321.47,563.37,116.82,446.55,253.98,2.94,14.77,236.27,5.7,4.26,0.0,1.44,373.6,333.27,40.33,182.75,1222.69,44.95,1177.73,176.45,1.21,380.45,10397.37,2298.07,88.93,1260.62,666.03,282.48,0.01,26.15,316.67,296.72,19.95,491.03,225.28,26.76,64.67,174.32,1554.16,496.7,57.78,438.93,789.72,149.16,640.56,343.19,0.26,19.04,323.88,15.15,3.15,0.88,11.12,419.54,368.32,51.23,357.35,2028.8,109.65,1919.16,422.07,1.91,836.86
5756.68,1146.01,79.63,587.78,335.54,142.46,0.58,10.02,159.4,147.17,12.23,200.46,97.62,21.47,38.65,42.72,1074.77,251.42,32.73,218.7,511.31,103.29,408.02,226.54,4.21,14.16,208.17,5.92,3.38,0.0,2.54,345.92,311.07,34.85,182.1,1139.45,65.02,1074.43,148.71,0.5,354.15,10534.85,2302.7,83.48,1239.39,684.19,295.64,0.0,24.53,359.57,338.53,21.05,437.96,174.2,24.31,65.25,174.2,1587.93,397.46,59.17,338.28,836.03,155.59,680.45,340.89,0.39,20.3,320.2,18.57,3.67,0.67,14.24,425.8,374.13,51.67,376.47,2157.93,150.32,2007.61,419.92,1.83,847.24
6971.22,1409.03,105.64,715.93,410.04,176.98,0.44,8.35,275.68,250.22,25.46,315.65,184.98,26.3,44.86,59.51,1284.88,261.92,38.64,223.28,608.46,120.49,487.97,268.76,2.75,15.65,250.36,7.73,4.76,0.11,2.86,431.44,387.08,44.36,192.51,1256.16,44.79,1211.37,188.16,1.67,460.82,10083.86,2130.67,105.27,1090.03,642.36,292.91,0.1,23.51,441.68,396.64,45.04,503.06,241.97,27.69,57.51,175.89,1601.86,313.96,55.34,258.63,791.15,138.39,652.76,328.83,0.31,19.2,309.31,19.62,3.6,0.69,15.33,429.72,371.53,58.19,361.08,1832.24,76.31,1755.93,455.87,1.73,848.87
7035.35,1484.58,127.52,751.9,426.69,177.96,0.51,9.65,291.2,272.72,18.48,326.44,205.54,27.14,42.6,51.16,1288.1,270.73,38.02,232.71,541.03,107.5,433.53,234.14,2.1,13.24,218.8,5.98,3.0,0.07,2.91,479.09,445.71,33.37,173.38,1326.17,61.34,1264.83,179.42,1.05,424.4,10124.28,2254.95,130.21,1161.73,674.94,287.96,0.12,26.62,472.18,427.1,45.08,516.22,278.47,26.84,54.44,156.47,1614.32,328.92,50.67,278.25,729.06,127.77,601.3,282.69,0.17,15.8,266.72,18.15,3.76,0.61,13.78,465.59,421.92,43.67,345.19,1904.63,98.34,1806.29,398.7,1.17,765.88
6580.87,1241.31,151.64,566.37,365.99,156.89,0.42,9.07,188.66,174.33,14.34,344.83,231.05,26.48,37.36,49.94,1311.73,290.19,31.64,258.55,564.6,114.86,449.74,275.25,1.94,10.23,263.08,5.94,3.49,0.0,2.45,449.32,414.34,34.99,174.83,1142.44,44.46,1097.98,177.87,1.27,403.54,10468.77,2113.33,130.01,1095.13,611.43,276.75,0.01,25.95,389.07,360.07,29.0,599.04,337.55,29.01,52.47,180.0,1768.01,385.43,46.28,339.15,809.24,145.5,663.74,357.06,0.18,14.13,342.75,16.86,3.07,0.71,13.08,461.09,416.23,44.86,392.93,1811.54,75.17,1736.38,466.85,1.41,870.95
6603.46,1223.88,136.56,574.34,361.7,151.18,0.1,10.76,193.93,179.6,14.33,323.76,199.24,28.84,42.53,53.15,1370.48,247.66,33.57,214.1,615.23,125.42,489.81,274.24,3.68,10.24,260.32,4.55,3.68,0.0,0.87,319.99,272.73,47.26,182.82,1245.55,42.89,1202.66,186.57,1.33,402.7,10579.28,2102.43,113.51,1113.64,609.93,265.35,0.0,27.14,363.17,341.53,21.64,538.58,276.19,30.29,59.06,173.04,1825.92,324.22,46.33,277.89,879.04,151.46,727.58,354.22,0.38,12.64,341.2,16.13,2.25,0.73,13.15,403.83,340.57,63.26,391.06,1988.89,83.92,1904.97,481.19,1.73,881.72
6207.08,1216.59,106.22,583.28,374.57,151.44,1.09,12.32,176.5,162.72,13.78,276.84,169.08,20.66,40.88,46.23,1304.87,256.23,32.83,223.4,630.96,126.3,504.66,216.61,2.36,9.05,205.19,4.85,4.0,0.0,0.85,247.78,209.47,38.31,190.16,1149.44,40.76,1108.68,179.6,1.53,342.81,10031.55,2100.27,89.8,1124.84,625.43,260.2,0.0,25.98,353.37,328.31,25.06,468.07,223.8,22.56,59.03,162.67,1709.52,347.62,51.78,295.83,901.81,152.99,748.83,287.4,0.19,11.26,275.95,13.97,2.63,0.7,10.64,332.23,283.04,49.19,386.9,1863.92,83.99,1779.93,432.16,2.11,806.21
5938.43,1244.15,102.82,616.42,387.53,136.8,0.58,9.72,238.58,214.48,24.1,240.0,138.26,18.83,38.75,44.15,1240.95,244.12,34.38,209.75,538.46,107.03,431.43,191.87,2.34,7.94,181.59,3.61,2.66,0.0,0.95,238.76,203.41,35.35,202.54,1021.56,33.86,987.7,170.17,1.47,352.46,9493.6,2121.27,87.94,1177.03,621.41,234.89,0.0,22.41,436.91,397.62,39.29,430.13,193.86,20.89,54.96,160.41,1642.24,328.75,47.23,281.53,775.62,129.96,645.67,252.24,0.2,11.93,240.11,14.16,3.65,0.53,9.97,302.59,257.49,45.11,378.97,1622.85,68.43,1554.42,399.77,1.78,763.9
6679.5,1204.43,111.33,557.6,371.04,164.13,0.34,11.55,173.15,158.74,14.41,317.41,185.98,27.53,51.42,52.48,1340.44,293.57,45.67,247.9,622.44,121.33,501.11,255.09,2.23,14.25,238.61,6.64,5.17,0.0,1.47,421.68,350.35,71.33,204.29,1203.53,37.19,1166.33,202.87,1.73,420.7,10676.43,2114.81,102.79,1110.67,617.49,283.86,0.0,27.92,347.55,319.05,28.5,525.96,256.96,29.07,71.59,168.34,1797.72,395.65,61.07,334.58,894.3,146.22,748.08,331.05,0.32,21.99,308.74,16.71,3.8,0.93,11.97,459.62,371.31,88.31,415.19,1961.89,73.11,1888.78,485.01,2.7,900.35
6660.24,1251.23,112.02,582.85,384.59,171.2,0.57,10.43,179.91,165.02,14.9,322.24,195.66,27.1,51.81,47.67,1290.06,282.41,42.72,239.69,584.74,113.77,470.96,251.94,1.94,15.35,234.64,6.03,3.89,0.0,2.15,442.91,403.31,39.6,173.9,1266.95,41.69,1225.25,200.85,1.74,394.89,10659.55,2185.57,99.89,1145.87,646.11,293.7,0.0,25.64,380.62,351.8,28.82,535.76,269.35,30.06,69.5,166.85,1735.18,396.3,58.1,338.2,825.29,139.93,685.36,327.42,0.26,25.52,301.64,17.96,3.95,0.68,13.32,465.13,412.72,52.41,369.69,2060.35,78.57,1981.78,457.33,2.32,874.98
7629.68,1505.16,113.27,762.9,427.63,200.74,0.62,10.41,236.92,216.74,20.18,352.4,209.14,30.71,54.1,58.46,1438.75,310.53,39.0,271.53,636.01,126.56,509.45,280.75,3.69,17.62,259.45,6.38,3.9,0.16,2.31,493.87,452.91,40.96,193.69,1477.18,54.41,1422.77,213.25,1.78,472.6,10946.35,2235.38,112.54,1118.27,690.72,313.71,0.14,27.15,377.0,342.95,34.05,556.28,275.02,31.24,70.15,179.86,1754.52,432.49,61.85,370.64,827.53,142.91,684.61,340.04,0.39,23.74,315.91,18.34,4.07,0.62,13.65,511.03,455.54,55.49,382.91,2130.23,85.66,2044.57,474.66,2.3,876.5
6793.88,1305.1,92.5,597.29,419.88,194.75,0.67,9.8,185.41,168.86,16.55,297.22,168.9,29.62,47.9,50.8,1341.56,283.97,34.37,249.6,595.02,117.15,477.87,273.26,2.69,16.2,254.37,5.17,3.19,0.0,1.98,450.26,414.23,36.03,187.94,1281.87,42.78,1239.09,188.91,1.71,386.68,10831.02,2284.5,85.06,1174.22,692.43,332.78,0.0,23.37,357.12,328.92,28.21,503.56,231.42,32.13,68.28,171.72,1802.22,411.56,57.91,353.64,839.93,144.81,695.12,346.5,0.14,23.23,323.12,19.52,4.17,0.76,14.59,460.75,411.77,48.99,382.86,2061.74,83.2,1978.54,447.91,2.61,886.88
7121.55,1414.87,104.14,677.48,431.94,200.54,0.78,11.28,191.95,175.93,16.02,278.01,155.57,24.09,49.87,48.48,1383.54,399.91,38.45,361.47,612.34,121.95,490.39,281.38,1.23,14.72,265.43,5.49,4.1,0.0,1.39,399.19,358.59,40.61,194.51,1374.78,47.78,1327.0,189.25,1.83,383.21,11389.59,2464.84,91.15,1305.84,723.54,344.3,0.01,27.81,351.79,330.0,21.79,491.59,217.93,30.63,72.12,170.91,1858.92,534.79,54.13,480.66,863.73,152.29,711.44,370.3,0.24,22.6,347.46,16.32,3.37,0.7,12.25,445.52,392.75,52.77,387.59,2246.21,110.11,2136.1,454.56,2.42,873.2
6985.65,1399.58,88.84,655.31,451.56,203.14,0.73,11.44,202.09,186.7,15.39,235.83,114.64,22.05,48.16,50.98,1365.57,304.79,43.56,261.23,616.94,123.7,493.23,267.17,0.75,13.15,253.28,6.12,3.89,0.0,2.23,350.53,310.63,39.9,246.0,1423.56,68.04,1355.52,175.96,1.6,378.47,11312.79,2428.34,76.56,1262.46,741.06,348.25,0.0,25.76,379.48,358.01,21.48,429.42,163.18,27.43,69.58,169.23,1882.02,413.2,52.6,360.6,875.96,156.32,719.64,355.54,0.33,22.33,332.87,20.06,4.02,0.77,15.27,421.3,369.9,51.4,420.55,2338.82,138.82,2200.0,447.82,2.51,872.0
7070.08,1521.49,115.5,726.27,483.54,195.48,0.69,13.4,298.76,267.85,30.91,298.81,180.93,24.88,44.53,48.47,1357.86,281.98,49.52,232.46,571.09,110.24,460.85,243.27,1.03,12.91,229.32,6.32,4.26,0.0,2.06,435.9,393.88,42.02,184.32,1288.15,42.68,1245.46,180.49,1.56,386.68,11397.63,2590.97,106.99,1361.17,782.86,339.94,0.01,24.54,608.33,559.52,48.81,501.53,245.51,28.78,61.63,165.61,1931.86,335.61,51.7,283.91,825.07,138.15,686.92,324.44,0.12,19.72,304.6,16.97,3.7,0.61,12.66,453.63,398.42,55.22,390.38,2065.51,77.75,1987.77,453.91,1.94,872.94
7065.41,1306.58,137.74,581.81,388.39,197.81,0.82,11.7,201.32,183.35,17.97,340.03,226.47,25.16,41.03,47.37,1433.03,286.67,57.25,229.42,625.38,115.18,510.21,261.31,1.16,12.15,248.0,6.42,4.14,0.0,2.28,506.73,472.87,33.86,183.69,1317.03,46.55,1270.48,196.47,1.75,387.29,11398.82,2251.64,124.96,1119.93,664.55,342.19,0.0,28.14,468.02,420.89,47.14,572.23,316.47,31.76,61.64,162.37,1995.01,377.75,53.7,324.05,893.98,142.71,751.27,346.99,0.29,20.0,326.7,18.29,4.35,0.8,13.14,509.37,462.96,46.42,404.92,2131.24,80.74,2050.49,499.11,2.05,900.08
6919.33,1295.2,138.45,574.02,396.68,185.44,0.61,10.72,208.2,190.83,17.38,312.92,203.54,23.7,38.15,47.53,1410.08,286.05,44.84,241.21,638.6,122.24,516.36,288.11,4.92,11.73,271.45,5.34,3.7,0.0,1.64,448.57,413.1,35.47,183.32,1248.33,44.78,1203.55,194.32,1.59,387.97,11135.3,2186.2,119.44,1098.19,651.58,316.99,0.0,26.19,428.44,396.91,31.53,559.02,298.39,31.64,54.68,174.31,1950.11,407.67,49.09,358.58,907.78,147.58,760.2,365.82,0.22,17.15,348.44,12.16,3.63,0.9,7.63,460.69,415.48,45.21,408.75,2005.46,75.88,1929.58,503.92,2.39,910.7
6881.69,1332.24,147.26,608.13,395.85,180.37,0.63,12.45,211.38,195.24,16.15,312.31,197.42,25.02,41.9,47.97,1329.72,249.5,45.79,203.71,674.47,127.94,546.53,284.35,1.81,9.23,273.31,4.59,3.5,0.0,1.09,339.66,292.74,46.93,187.61,1364.49,43.42,1321.07,202.38,1.61,374.92,11181.01,2226.86,123.16,1136.92,662.64,304.14,0.0,29.26,394.98,372.66,22.32,551.15,295.08,34.08,61.88,160.11,1831.53,360.36,50.68,309.68,962.31,154.42,807.89,369.71,0.19,13.63,355.89,10.66,3.07,0.88,6.72,421.72,362.35,59.37,421.74,2187.26,82.73,2104.53,505.87,2.62,904.99
6545.99,1290.05,106.83,601.96,405.63,174.65,0.98,18.3,228.59,204.74,23.85,284.4,169.61,19.88,45.23,49.68,1222.11,242.31,43.42,198.89,703.38,134.52,568.86,238.25,1.25,10.4,226.6,6.19,4.8,0.23,1.17,270.1,228.64,41.46,206.27,1267.74,41.43,1226.31,208.79,2.54,356.95,10745.32,2200.33,91.69,1148.63,670.33,289.36,0.32,38.66,438.89,402.42,36.46,492.4,233.18,27.64,64.56,167.02,1635.94,368.01,49.89,318.13,985.19,161.82,823.37,317.48,0.39,19.31,297.78,12.36,3.32,1.4,7.65,360.99,308.66,52.33,435.28,2057.41,80.68,1976.73,519.61,3.7,879.07
5924.88,1227.39,102.98,578.62,389.08,156.26,0.45,10.8,221.99,203.86,18.13,235.45,131.41,18.55,42.87,42.62,1076.32,248.36,48.32,200.04,594.1,111.26,482.84,193.13,1.34,8.48,183.31,4.12,3.09,0.0,1.03,269.75,233.11,36.65,221.53,1122.41,35.86,1086.55,186.3,1.76,311.45,9581.85,2075.31,89.64,1094.85,631.09,259.73,0.0,22.63,410.23,380.56,29.67,417.14,189.58,24.36,60.68,142.51,1443.3,355.87,47.43,308.44,829.53,135.26,694.27,266.26,0.25,14.69,251.32,9.48,2.6,0.66,6.22,332.14,288.11,44.03,415.28,1805.49,70.36,1735.13,410.14,1.9,787.16
6916.0,1284.49,116.21,582.01,399.45,186.0,0.83,12.94,189.94,173.65,16.29,298.44,170.64,24.56,52.46,50.78,1249.01,290.3,44.81,245.49,691.73,131.43,560.3,264.45,1.71,15.39,247.35,5.67,4.13,0.0,1.54,457.91,389.56,68.35,214.28,1316.39,40.61,1275.77,230.22,2.07,408.16,11262.45,2223.97,110.88,1127.14,670.41,315.54,0.0,28.64,394.83,363.77,31.06,505.3,239.58,32.42,73.01,160.28,1697.42,454.55,56.0,398.56,977.71,156.43,821.28,378.83,0.15,22.84,355.84,12.91,4.32,1.16,7.43,494.09,407.65,86.43,453.17,2166.22,73.04,2093.18,523.02,2.73,949.07
6811.52,1297.02,107.98,585.1,408.38,194.62,0.93,12.71,191.95,176.33,15.61,288.65,172.16,22.82,47.68,45.99,1241.82,268.42,40.2,228.23,675.84,127.56,548.28,253.94,1.27,14.52,238.14,6.51,3.67,0.0,2.84,463.37,425.11,38.26,182.63,1313.48,42.51,1270.97,217.91,1.83,395.45,11312.38,2239.39,104.17,1126.23,677.82,331.17,0.0,28.37,412.03,378.92,33.11,503.69,242.68,30.76,69.23,161.01,1706.13,400.81,50.32,350.49,959.86,153.86,806.0,567.36,0.18,20.7,546.49,14.72,5.33,0.75,8.64,474.44,425.05,49.39,389.65,2159.41,75.69,2083.73,513.29,2.33,940.89
7439.49,1411.82,117.92,631.88,448.48,213.41,0.13,11.86,215.25,194.16,21.09,316.53,187.78,25.91,53.04,49.79,1352.3,304.73,39.85,264.88,699.82,134.97,564.85,284.29,1.86,17.45,264.98,6.31,3.39,0.0,2.92,522.71,481.81,40.9,197.17,1441.03,46.17,1394.86,222.48,1.77,451.42,12290.47,2465.8,116.3,1245.36,741.22,362.93,0.0,27.38,445.07,402.65,42.43,536.42,265.86,33.52,76.21,160.83,1840.52,479.36,54.23,425.13,1009.88,163.12,846.77,619.77,0.28,26.21,593.29,14.28,4.33,0.87,9.08,534.88,484.03,50.86,424.78,2352.1,82.79,2269.32,531.44,2.28,1006.49
7031.85,1363.5,97.98,605.01,449.12,211.26,0.13,10.6,202.36,185.13,17.23,269.51,148.02,25.43,48.52,47.54,1272.57,284.05,37.56,246.49,659.94,127.1,532.84,271.52,1.22,15.95,254.35,6.03,3.65,0.0,2.39,482.42,446.79,35.63,196.93,1367.55,43.91,1323.65,208.67,1.71,434.49,11538.45,2344.68,93.42,1173.55,719.15,358.56,0.0,23.82,401.22,367.42,33.8,475.01,217.08,32.8,70.88,154.25,1738.97,409.07,53.25,355.82,954.59,156.16,798.42,600.06,0.2,22.99,576.88,12.74,3.89,0.65,8.2,482.43,436.54,45.88,415.99,2241.88,84.42,2157.46,485.2,2.46,950.32
7043.17,1411.62,100.42,635.0,452.99,222.95,0.26,12.65,193.89,178.9,14.99,250.0,133.67,22.94,48.51,44.88,1248.03,303.36,39.8,263.56,697.44,134.66,562.77,266.64,1.17,15.12,250.35,6.0,3.85,0.0,2.15,435.75,395.15,40.6,206.31,1395.25,48.03,1347.22,203.38,1.93,410.92,11645.56,2402.01,93.52,1218.18,715.1,375.21,0.0,27.82,374.54,343.06,31.48,455.59,200.34,31.07,72.04,152.13,1678.26,446.75,55.38,391.37,997.84,166.17,831.66,626.05,0.22,20.1,605.73,13.2,3.92,0.74,8.54,464.02,415.7,48.32,420.06,2308.93,106.17,2202.76,494.36,2.6,933.54
7391.63,1430.69,91.38,642.79,472.68,223.54,0.3,12.31,216.34,198.12,18.22,228.72,114.38,21.28,47.05,46.01,1355.89,309.31,44.52,264.79,701.9,136.87,565.04,284.26,1.63,16.25,266.38,6.88,3.78,0.0,3.1,416.34,375.17,41.17,268.95,1497.8,66.51,1431.3,204.81,2.03,455.39,12186.92,2457.69,83.81,1245.03,749.14,379.71,0.0,28.66,433.66,401.57,32.09,424.62,170.36,29.13,76.58,148.53,1806.77,436.38,61.21,375.17,1014.3,165.78,848.52,660.6,0.26,21.76,638.58,15.56,4.86,0.83,9.86,467.2,417.98,49.23,466.63,2514.46,148.87,2365.6,493.74,2.67,963.98
6993.56,1497.09,114.03,693.75,471.65,217.51,0.16,11.44,290.54,261.51,29.03,259.42,152.89,22.79,43.09,40.64,1248.42,291.32,47.58,243.75,625.98,115.5,510.48,241.0,1.96,12.54,226.5,5.81,3.47,0.0,2.33,448.11,407.44,40.67,192.33,1299.22,40.81,1258.42,195.27,1.79,385.83,11445.56,2525.03,111.45,1299.05,744.22,370.31,0.0,28.52,580.31,527.07,53.24,448.64,216.54,28.42,61.79,141.89,1664.39,375.91,53.86,322.05,906.5,145.56,760.93,586.75,0.15,19.23,567.37,11.57,3.68,0.68,7.22,441.53,390.33,51.2,413.07,2083.83,75.17,2008.66,479.17,2.52,897.81
7399.72,1369.75,117.41,598.52,431.66,221.94,0.22,11.64,231.16,210.72,20.44,299.3,185.84,24.6,43.41,45.46,1351.44,311.61,63.46,248.15,725.68,128.21,597.47,288.27,3.1,17.4,267.77,7.62,3.91,0.0,3.71,543.86,508.19,35.67,194.97,1408.94,50.62,1358.32,220.57,2.29,432.63,12083.9,2325.12,120.74,1120.27,701.03,383.07,0.01,27.51,502.36,450.46,51.9,522.98,274.1,30.6,64.8,153.47,1808.18,382.91,56.12,326.79,1062.4,163.07,899.33,641.9,0.22,24.37,617.31,14.98,4.71,0.71,9.56,519.13,473.28,45.85,443.57,2308.17,83.14,2225.03,545.67,2.72,976.31
7327.86,1372.35,131.37,606.96,428.97,204.9,0.15,11.73,240.69,223.56,17.13,294.58,184.91,24.78,39.97,44.92,1378.47,302.41,42.94,259.46,705.96,132.08,573.88,306.86,4.78,14.36,287.72,6.53,3.72,0.0,2.81,499.28,464.28,35.0,199.7,1335.34,45.83,1289.5,213.38,1.76,458.83,11839.31,2270.23,122.89,1120.66,677.3,349.38,0.0,26.17,475.51,434.81,40.7,522.91,279.64,30.8,59.33,153.15,1842.72,410.21,46.71,363.5,1025.95,161.35,864.6,678.58,0.2,19.0,659.38,14.02,4.4,0.6,9.03,480.05,435.0,45.06,451.08,2149.15,72.47,2076.68,537.83,2.39,952.51
7251.52,1378.33,136.47,621.43,417.49,202.75,0.2,13.2,226.2,209.81,16.39,292.44,175.38,26.22,44.54,46.3,1403.66,251.07,41.38,209.69,732.41,135.77,596.64,287.46,1.75,12.35,273.35,4.97,3.39,0.0,1.58,364.75,317.92,46.84,199.4,1441.12,45.44,1395.68,221.99,2.12,432.39,11929.03,2278.55,125.49,1147.86,662.39,342.81,0.0,31.27,432.59,403.19,29.4,529.82,263.03,30.64,65.69,170.46,1869.33,362.61,52.35,310.26,1044.97,166.51,878.46,682.28,0.17,16.87,665.24,11.94,3.96,0.19,7.79,435.33,375.91,59.41,453.55,2321.34,78.05,2243.29,551.24,3.57,920.65
6996.33,1476.71,102.7,690.19,490.89,191.85,1.08,13.06,302.54,274.04,28.5,256.77,149.33,20.69,42.91,43.85,1355.57,254.6,36.36,218.24,724.22,134.99,589.23,228.38,1.24,11.11,216.03,5.19,4.14,0.0,1.05,282.66,243.25,39.41,207.67,1291.93,41.59,1250.34,212.76,1.99,382.28,11573.14,2439.74,93.27,1287.33,734.69,324.45,0.0,29.35,571.75,523.52,48.23,447.78,203.02,24.85,64.63,155.28,1803.83,364.68,45.44,319.24,1057.14,167.78,889.36,554.11,0.22,13.78,540.12,9.97,3.93,-0.03,6.08,361.19,312.51,48.67,454.76,2093.68,73.9,2019.78,512.58,3.14,869.43
6111.41,1196.13,66.22,519.76,427.34,182.41,0.4,20.34,183.01,168.37,14.64,201.88,102.8,19.06,38.71,41.31,1182.8,257.76,40.71,217.04,700.47,122.08,578.39,222.41,1.55,11.11,209.75,4.02,2.67,0.03,1.31,260.26,226.47,33.79,243.19,1061.16,28.68,1032.48,199.52,2.5,375.97,10079.64,2034.75,63.14,1008.89,653.88,308.69,0.14,40.37,341.74,318.07,23.67,381.63,146.31,23.49,58.55,153.28,1579.35,408.42,49.83,358.59,1008.24,149.22,859.02,504.84,0.28,18.2,486.35,9.35,3.89,-0.11,5.57,303.55,260.25,43.3,410.53,1720.28,48.87,1671.41,478.29,4.49,853.83
6249.16,1408.13,64.54,617.97,518.61,207.01,0.0,15.47,217.73,203.81,13.92,192.75,99.41,18.24,37.28,37.83,1159.63,275.75,41.87,233.87,642.49,99.16,543.33,249.28,2.17,16.3,230.81,3.29,2.15,0.0,1.14,357.35,321.08,36.27,117.09,1026.17,23.26,1002.91,196.32,2.04,385.67,9989.78,2345.58,55.13,1171.85,772.42,346.18,0.0,28.31,423.82,397.47,26.34,355.98,139.16,24.07,53.14,139.6,1557.96,398.33,48.99,349.34,876.86,116.03,760.83,530.31,0.16,24.68,505.47,7.23,2.63,0.0,4.6,324.49,282.05,42.44,207.49,1597.26,40.68,1556.58,456.73,3.58,875.86
6402.73,1356.36,80.22,593.09,478.75,204.3,0.0,13.81,217.2,203.51,13.68,218.24,119.96,20.66,37.73,39.88,1059.55,265.16,40.37,224.79,672.6,107.88,564.71,263.84,2.8,19.98,241.06,3.28,2.1,0.0,1.18,436.61,400.9,35.71,142.7,1143.38,24.74,1118.65,200.51,2.24,407.26,10488.9,2290.62,83.63,1146.92,713.3,346.76,0.0,31.01,442.54,417.44,25.11,403.77,178.69,26.94,55.37,142.77,1437.1,416.58,51.56,365.02,968.54,133.02,835.53,556.92,0.18,30.69,526.04,7.89,2.92,0.0,4.97,399.89,353.6,46.29,296.36,1848.13,45.61,1802.52,478.39,3.03,908.13
7278.79,1494.16,89.59,665.89,510.67,227.91,0.1,43.77,254.87,236.94,17.94,310.56,187.82,27.15,53.12,42.47,1027.7,336.81,53.88,282.93,700.47,114.06,586.41,289.99,2.85,21.59,265.56,5.71,2.59,0.1,3.02,550.91,506.83,44.08,171.75,1421.71,37.83,1383.88,233.1,7.32,429.94,12266.59,2625.19,118.51,1317.79,793.72,395.01,0.16,90.99,529.38,491.48,37.91,585.46,313.88,35.82,81.06,154.7,1396.05,514.44,77.64,436.8,1051.16,143.67,907.49,647.37,2.37,35.63,609.37,11.41,3.07,0.36,7.98,545.35,486.93,58.42,390.64,2354.22,67.12,2287.09,541.9,10.77,972.25
7362.82,1532.15,85.89,733.72,458.97,253.44,0.12,62.25,230.34,217.43,12.91,270.08,158.0,26.13,44.4,41.56,1101.91,379.08,52.76,326.31,726.31,126.21,600.1,292.9,2.71,21.9,268.3,6.38,2.44,0.21,3.73,509.29,472.94,36.34,177.7,1367.85,40.01,1327.84,229.34,9.45,467.79,10862.71,2250.87,92.32,1059.46,705.95,393.0,0.13,67.04,375.68,350.4,25.28,472.72,244.57,30.24,61.81,136.1,1346.91,511.7,66.59,445.11,986.42,142.61,843.81,613.1,1.74,28.91,582.45,10.59,2.88,0.07,7.64,472.06,425.17,46.9,370.59,2002.69,63.91,1938.78,491.88,8.33,882.12
6699.31,1344.99,73.17,586.16,449.26,236.4,0.0,13.74,212.72,198.49,14.23,213.36,112.66,22.28,39.52,38.91,1078.78,279.8,42.3,237.51,709.85,125.25,584.6,286.03,2.17,21.19,262.67,4.14,2.26,0.0,1.89,445.04,412.13,32.91,186.96,1319.49,41.56,1277.93,208.33,2.18,393.89,11163.66,2309.32,76.66,1131.24,692.66,408.75,0.0,27.81,408.59,378.61,29.98,414.61,186.58,29.66,58.37,140.0,1449.46,424.3,53.53,370.77,1058.35,167.22,891.13,632.28,0.18,27.01,605.09,9.89,3.43,0.0,6.45,438.73,395.46,43.27,390.11,2159.34,79.49,2079.86,507.11,2.68,931.08
6856.68,1472.95,68.88,659.42,502.8,241.86,0.0,14.64,222.34,209.66,12.67,179.48,88.4,20.23,37.77,33.08,1085.34,321.95,40.27,281.68,667.63,118.5,549.13,282.86,2.37,17.45,263.05,3.94,1.94,0.0,2.0,408.58,375.41,33.17,256.5,1346.07,53.83,1292.25,195.06,2.04,397.28,11358.66,2525.08,70.68,1261.86,771.13,421.41,0.0,30.65,445.64,423.04,22.6,363.4,153.99,27.58,55.21,126.61,1463.18,511.91,57.04,454.86,975.94,158.56,817.37,655.98,0.23,27.97,627.77,10.27,3.53,0.0,6.74,415.01,371.85,43.16,393.19,2198.46,109.3,2089.16,465.31,2.42,902.23
6775.08,1499.57,80.88,673.11,509.05,236.53,0.0,14.22,308.13,281.12,27.01,207.73,115.1,18.75,35.38,38.51,1071.37,308.47,46.27,262.2,699.24,116.49,582.76,291.99,2.0,19.02,270.97,4.42,2.61,0.0,1.81,453.19,419.36,33.83,180.74,1130.9,32.23,1098.67,192.02,2.94,410.13,11302.12,2569.85,83.61,1280.55,787.77,417.93,0.0,31.58,618.94,569.28,49.66,411.19,188.78,27.52,50.81,144.08,1463.78,429.94,58.79,371.15,1030.77,152.55,878.23,643.25,0.34,29.84,613.07,10.31,3.85,0.0,6.46,407.74,364.19,43.55,397.76,1807.01,60.83,1746.18,529.76,2.78,947.46
6805.87,1389.11,105.17,595.73,453.91,234.29,0.0,12.77,245.25,227.74,17.51,257.61,167.95,19.74,35.01,34.91,1095.17,286.27,47.3,238.97,634.71,108.14,526.58,280.18,1.85,17.9,260.43,4.53,2.07,0.0,2.46,575.91,546.63,29.28,170.02,1255.39,44.24,1211.16,200.14,1.81,396.99,11318.83,2391.31,115.48,1128.35,734.98,412.49,0.01,29.78,550.23,509.16,41.06,497.77,283.18,29.58,52.22,132.79,1482.55,409.43,54.06,355.37,976.51,158.94,817.57,608.37,0.22,28.47,579.68,10.71,3.87,0.0,6.84,511.38,472.62,38.77,390.43,1998.11,77.32,1920.79,522.31,2.11,937.83
6834.55,1403.0,113.62,604.39,457.6,227.38,0.0,13.91,240.8,226.63,14.17,241.79,154.54,19.35,34.29,33.61,1123.0,321.13,43.29,277.84,654.79,113.16,541.63,295.31,3.15,16.65,275.51,4.04,1.97,0.0,2.07,516.26,487.89,28.38,172.57,1233.63,42.7,1190.93,213.79,1.97,398.56,11023.07,2324.36,109.7,1115.27,709.57,389.83,0.0,31.11,515.15,474.21,40.93,474.02,258.91,29.4,50.54,135.18,1485.97,456.44,48.4,408.05,977.51,159.85,817.66,546.89,0.23,19.82,526.83,9.08,2.79,0.0,6.3,453.95,415.02,38.93,388.42,1890.94,70.56,1820.38,520.34,2.39,946.49
6076.86,1380.62,79.93,587.88,493.29,219.52,0.0,16.68,229.6,216.47,13.14,196.85,111.34,17.73,33.87,33.91,1144.66,241.16,37.22,203.94,683.22,116.99,566.24,326.62,4.62,19.95,302.05,2.49,1.26,0.0,1.24,274.96,237.57,37.39,163.53,850.48,27.31,823.17,190.88,2.49,372.61,10630.84,2313.22,86.09,1125.27,723.54,378.32,0.0,35.4,466.48,428.36,38.12,440.44,213.03,29.48,55.05,142.89,1572.09,382.84,46.13,336.71,1034.66,166.76,867.89,615.34,0.2,20.05,595.09,9.12,3.05,0.0,6.07,343.13,290.97,52.16,383.59,1489.85,52.88,1436.97,564.1,3.73,976.87
5943.5,1374.79,76.36,594.78,497.15,206.51,0.0,14.81,230.64,215.52,15.12,182.32,94.81,16.67,37.55,33.3,1159.06,276.26,34.69,241.57,690.71,116.99,573.73,279.72,3.15,15.0,261.57,3.02,1.9,0.0,1.12,205.71,170.47,35.24,179.68,831.02,25.03,805.99,199.22,2.59,313.96,10248.2,2339.67,80.34,1147.03,758.43,353.86,0.0,29.57,451.11,419.89,31.22,375.26,170.27,25.98,56.2,122.81,1559.17,422.25,40.97,381.28,1041.69,174.1,867.59,557.21,0.21,17.62,539.38,8.48,3.58,0.0,4.89,262.5,216.16,46.33,414.66,1406.23,47.06,1359.17,505.68,3.12,871.58
5954.78,1343.6,85.51,599.85,466.49,191.75,0.0,10.2,266.44,245.74,20.7,175.55,89.84,15.52,39.16,31.02,1122.04,245.72,31.84,213.87,634.09,110.31,523.78,228.44,2.22,16.77,209.45,2.66,1.38,0.0,1.28,295.65,264.19,31.46,243.17,881.22,26.61,854.62,190.77,1.95,313.28,9882.93,2241.46,89.77,1129.2,695.95,326.53,0.0,23.7,507.34,470.6,36.74,356.35,158.12,23.34,55.54,119.36,1491.24,377.41,38.91,338.5,935.07,157.01,778.06,448.42,0.14,22.87,425.41,8.15,2.94,0.0,5.2,315.19,273.5,41.69,411.93,1448.0,50.55,1397.45,471.99,2.76,843.91
6939.21,1394.82,103.5,588.3,471.83,231.2,0.0,6.28,211.84,199.06,12.79,231.71,129.29,20.62,44.72,37.07,1278.78,279.24,39.28,239.96,718.0,120.51,597.48,290.89,2.64,23.06,265.19,2.98,1.32,0.01,1.66,523.56,475.77,47.79,194.32,1146.81,34.21,1112.6,243.65,2.41,413.91,11475.21,2361.59,116.57,1112.71,737.33,394.98,0.0,19.21,441.32,415.84,25.48,464.97,235.33,29.62,67.43,132.6,1734.14,417.97,49.07,368.9,1087.47,183.16,904.31,549.67,0.23,30.75,518.69,9.96,3.47,0.0,6.49,495.9,434.66,61.24,433.48,1912.41,64.56,1847.84,556.29,3.35,987.5
6918.83,1376.2,88.6,575.28,479.51,232.81,0.0,4.86,220.94,207.7,13.24,229.69,128.51,20.27,44.23,36.67,1280.11,250.31,38.48,211.83,703.48,120.78,582.7,300.93,2.4,23.05,275.49,3.79,1.83,0.03,1.93,553.2,520.09,33.11,176.6,1160.34,35.18,1125.16,227.52,2.34,428.53,11519.46,2346.94,94.17,1119.58,732.41,400.78,0.0,16.24,466.02,440.41,25.6,455.18,229.19,29.55,64.26,132.17,1737.06,374.38,45.2,329.18,1088.1,184.33,903.77,562.87,0.2,31.52,531.15,9.86,3.38,0.0,6.48,502.16,455.44,46.72,405.63,1976.98,71.6,1905.38,544.95,3.09,1030.0
7375.3,1527.37,106.82,651.73,521.31,247.52,0.0,5.26,252.29,236.76,15.53,243.58,137.2,21.91,47.1,37.36,1283.4,286.3,36.91,249.39,687.04,114.87,572.18,289.89,0.06,19.51,270.32,3.63,1.44,0.04,2.15,598.26,560.33,37.94,182.64,1319.73,41.33,1278.4,238.32,1.75,455.83,12158.17,2633.66,141.69,1267.41,795.52,429.04,0.0,4.12,525.48,490.23,35.26,467.09,236.78,32.79,66.52,131.0,1742.42,420.81,49.71,371.09,1058.8,173.99,884.81,544.06,0.26,32.56,511.23,9.73,2.86,0.0,6.86,554.66,503.97,50.68,432.0,2188.25,86.13,2102.12,545.06,2.93,1029.11
7181.93,1438.23,84.74,597.62,499.57,256.29,0.0,4.71,221.91,209.34,12.57,227.6,125.03,21.06,43.13,38.37,1295.69,278.21,36.97,241.24,712.76,122.91,589.85,311.18,0.16,17.53,293.49,4.35,1.97,0.04,2.34,576.19,545.93,30.26,185.21,1233.0,42.7,1190.3,226.86,2.47,463.57,11757.57,2441.3,98.12,1150.08,750.61,442.49,0.0,7.04,443.8,416.52,27.28,429.12,203.85,31.19,63.87,130.2,1745.01,411.02,46.8,364.22,1106.74,188.54,918.2,608.12,0.21,30.13,577.77,10.53,3.46,0.0,7.07,528.46,486.73,41.73,426.09,2046.33,84.46,1961.86,536.75,2.94,1014.33
7482.37,1505.62,84.64,635.72,516.77,268.5,0.0,5.13,235.38,223.07,12.3,213.99,110.03,20.8,44.49,38.68,1395.25,300.51,32.66,267.85,737.4,129.87,607.53,331.34,2.23,17.51,311.6,3.76,1.81,0.03,1.91,571.92,534.92,37.0,201.3,1291.66,51.6,1240.06,225.76,2.16,461.19,12343.93,2567.75,94.31,1228.29,784.93,460.22,0.0,7.96,453.49,424.55,28.94,416.57,181.23,32.66,68.62,134.06,1878.46,490.12,46.5,443.63,1163.69,197.91,965.78,665.45,0.27,27.39,637.79,10.2,3.44,0.0,6.76,512.62,464.01,48.61,453.77,2117.48,101.24,2016.25,564.24,3.44,1038.67
7264.96,1566.88,79.43,664.88,545.36,277.22,0.0,6.01,254.92,243.19,11.73,184.63,86.05,18.69,45.21,34.68,1328.06,253.77,34.41,219.36,711.45,122.04,589.42,290.09,0.61,17.93,271.54,4.82,1.85,0.02,2.95,512.2,478.53,33.67,277.75,1249.64,60.41,1189.23,208.32,2.39,414.02,12132.66,2683.23,99.34,1277.92,826.3,479.67,0.0,8.21,516.56,489.89,26.67,370.57,147.17,29.83,67.85,125.73,1840.42,433.61,47.0,386.61,1106.41,192.86,913.55,612.75,0.24,28.58,583.93,10.33,3.02,0.0,7.32,479.56,431.64,47.92,472.16,2120.26,123.53,1996.73,519.89,2.6,956.09
7177.38,1566.4,95.29,665.76,538.69,266.66,0.0,5.02,350.48,322.81,27.67,236.6,130.07,21.46,46.08,38.98,1292.51,222.75,34.84,187.92,659.55,114.44,545.1,277.91,1.23,18.34,258.34,4.65,1.9,0.04,2.7,575.12,538.29,36.83,189.71,1178.03,43.79,1134.24,206.93,2.04,409.67,12114.15,2687.77,108.73,1269.65,838.84,470.54,0.0,7.04,731.23,671.49,59.74,449.32,218.65,30.73,69.03,130.9,1793.59,362.67,46.57,316.09,1039.28,177.24,862.04,610.36,0.28,30.37,579.71,10.27,3.44,0.0,6.82,524.59,472.1,52.49,427.12,1937.19,86.31,1850.88,552.06,3.32,978.34
7746.64,1458.85,114.47,589.41,488.02,266.95,0.0,5.61,258.98,243.37,15.6,274.44,166.76,23.42,45.65,38.61,1460.71,256.98,45.24,211.74,755.56,126.58,628.98,332.59,3.19,18.31,311.08,5.32,1.95,0.02,3.35,677.7,643.94,33.76,188.93,1365.41,56.81,1308.6,247.37,2.09,456.09,12994.2,2523.28,146.65,1131.69,773.88,471.06,0.0,7.17,617.7,557.34,60.36,527.48,287.89,34.29,65.71,139.59,2035.35,404.75,52.11,352.64,1196.86,191.92,1004.94,688.58,0.27,30.0,658.31,11.67,4.12,0.01,7.54,585.69,537.79,47.9,467.66,2264.53,100.76,2163.78,610.34,4.83,1048.31
7750.62,1482.93,117.38,612.06,489.13,264.36,0.0,6.02,267.33,253.07,14.26,259.19,161.17,22.19,39.81,36.02,1563.51,253.07,37.47,215.6,736.9,117.51,619.39,331.94,5.73,12.44,313.77,5.11,2.13,0.06,2.93,599.79,569.84,29.95,184.86,1370.87,56.48,1314.39,241.76,1.9,445.44,12596.53,2460.39,135.91,1128.2,749.84,446.44,0.0,7.73,567.27,513.59,53.69,495.54,274.65,31.65,57.66,131.58,2074.99,428.75,48.43,380.32,1113.79,176.9,936.89,692.62,0.23,23.27,669.12,11.32,3.99,0.02,7.3,533.49,491.22,42.27,444.09,2160.69,94.94,2065.75,587.36,5.32,1013.18
7210.33,1407.43,113.02,576.21,467.73,250.47,0.0,6.44,253.85,240.64,13.22,247.78,142.08,21.67,44.5,39.53,1524.53,216.22,37.99,178.23,749.25,123.42,625.82,333.4,2.14,11.41,319.86,4.34,2.52,0.01,1.81,389.43,344.9,44.53,187.0,1210.67,43.45,1167.21,231.17,2.92,445.89,12188.72,2372.54,127.72,1090.48,729.96,424.38,0.0,7.29,512.93,474.52,38.41,483.16,243.43,32.07,62.45,145.21,2074.71,353.61,48.49,305.12,1145.45,187.46,957.99,728.02,0.22,19.97,707.83,10.7,4.2,0.0,6.51,430.5,372.01,58.5,453.58,1969.28,86.99,1882.29,615.65,7.09,1024.2
7066.11,1545.86,98.13,660.69,545.96,241.08,0.0,7.12,341.64,318.02,23.62,221.46,121.3,19.2,44.26,36.7,1457.28,223.56,35.49,188.07,768.3,125.34,642.96,280.28,0.12,11.09,269.07,3.17,1.73,0.03,1.41,279.64,244.19,35.45,193.27,1109.8,40.9,1068.9,235.05,2.28,397.41,12208.85,2636.92,125.22,1294.14,811.94,405.62,0.0,8.16,672.69,625.51,47.18,437.37,210.17,28.16,64.14,134.9,2010.06,377.84,48.28,329.56,1186.53,188.61,997.92,602.28,0.24,19.88,582.16,9.71,3.24,0.0,6.47,347.19,297.84,49.35,489.59,1868.68,82.5,1786.18,603.88,3.87,954.07
6119.37,1242.53,79.74,512.98,428.69,221.12,0.0,6.39,205.99,195.03,10.97,168.81,85.51,16.23,39.2,27.88,1333.0,227.41,30.13,197.28,691.22,103.29,587.93,221.67,1.24,11.74,208.69,3.0,1.62,0.02,1.36,289.57,259.26,30.31,243.28,935.27,38.27,897.0,196.94,2.24,352.05,10263.6,2151.87,99.43,1012.39,666.52,373.53,0.0,6.88,421.18,396.69,24.49,350.08,152.39,22.83,57.18,117.67,1799.07,385.98,43.13,342.86,1036.82,158.1,878.72,465.94,0.24,23.34,442.35,7.93,2.69,0.0,5.25,327.59,284.81,42.78,429.33,1566.43,76.59,1489.85,479.43,2.95,832.11
7410.51,1447.31,90.21,582.63,500.42,274.05,0.0,7.21,227.99,214.31,13.68,219.74,117.69,20.08,44.52,37.46,1605.61,216.03,32.15,183.88,791.7,116.25,675.44,288.96,7.72,16.62,264.62,3.53,1.67,0.03,1.83,522.85,474.57,48.28,193.59,1146.52,39.67,1106.86,260.48,2.76,476.24,12267.61,2514.57,115.37,1153.11,780.2,465.9,0.0,9.04,470.94,441.93,29.01,438.52,210.12,29.49,64.31,134.6,2237.49,380.19,45.52,334.67,1180.43,176.1,1004.33,575.98,0.23,34.36,541.39,9.37,3.1,0.0,6.27,503.49,435.43,68.05,458.67,1915.39,71.64,1843.75,585.46,3.62,983.92
7927.81,1456.17,103.98,585.29,495.25,271.66,0.0,6.67,245.37,229.23,16.14,255.0,149.81,22.48,45.77,36.94,1701.46,222.81,35.09,187.71,757.39,122.92,634.47,309.24,0.36,21.46,287.42,4.48,1.81,0.02,2.65,633.63,599.71,33.92,179.43,1367.44,46.89,1320.55,263.46,2.54,522.73,13103.19,2548.33,130.04,1174.99,776.05,467.24,0.0,6.86,542.73,507.16,35.57,495.07,259.2,33.2,66.65,136.03,2360.25,362.79,46.78,316.0,1156.83,189.06,967.77,616.54,0.24,35.57,580.73,10.21,3.03,0.0,7.18,584.77,536.24,48.53,444.93,2304.94,87.54,2217.4,612.33,3.76,1052.38
