강원_합계,강원_종합소매,강원_ 백화점,강원_ 대형마트/유통전문점,강원_ 슈퍼마켓,강원_ 편의점,강원_ 면세점,강원_전자상거래/통신판매,강원_식료품,강원_ 일반식료품,강원_ 건강보조식품,강원_의류/잡화,강원_ 의복/직물,강원_ 복식잡화,강원_ 시계/귀금속/안경,강원_ 화장품,강원_연료,강원_가구/가전,강원_ 가구,강원_ 가전제품/정보통신기기,강원_의료/보건,강원_ 종합병원,강원_ 일반병의원/기타의료기관,강원_자동차,강원_ 국산자동차신품,강원_ 기타운송수단,강원_ 자동차 부품 및 정비,강원_여행/교통,강원_ 여행사/자동차임대,강원_ 항공사,강원_ 대중교통,강원_오락/문화,강원_ 스포츠/오락/여가,강원_ 서적/문구,강원_교육,강원_숙박/음식,강원_ 숙박,강원_ 음식점,강원_공과금/개인 및 전문 서비스,강원_금융/보험,강원_기타
5493.62,975.64,62.04,630.39,225.39,57.73,0.09,9.8,175.77,166.09,9.68,327.53,222.86,24.49,29.39,50.79,1100.93,179.38,18.84,160.54,403.47,105.92,297.55,210.45,0.85,8.82,200.78,9.49,5.26,0.0,4.23,478.88,448.89,29.99,125.42,1045.6,182.49,863.11,112.96,0.4,337.89
5523.43,1053.05,65.75,691.89,226.21,69.18,0.03,9.5,164.55,155.65,8.9,321.16,210.52,28.16,29.0,53.48,1074.72,126.13,16.91,109.22,388.42,103.76,284.66,231.6,0.61,6.78,224.21,8.29,5.31,0.0,2.98,398.48,359.83,38.65,110.57,1184.12,266.21,917.9,109.45,0.42,342.96
5521.1,1011.42,51.44,639.52,240.56,79.86,0.03,10.19,184.06,174.36,9.69,264.61,165.02,19.12,30.96,49.51,1055.03,113.39,15.46,97.93,445.97,117.77,328.2,155.0,0.62,6.58,147.79,8.62,5.61,0.02,2.98,393.47,359.87,33.6,118.47,1298.69,379.87,918.82,121.09,0.38,340.72
4813.2,973.24,45.26,637.68,226.66,63.6,0.05,16.2,191.64,181.56,10.08,237.36,144.76,16.09,29.61,46.9,933.51,115.67,15.67,99.99,382.12,97.87,284.25,125.81,0.66,6.91,118.24,7.28,4.46,0.0,2.82,307.21,278.03,29.18,133.46,976.58,218.67,757.91,106.22,0.33,306.57
5246.59,942.2,52.67,609.88,220.44,59.06,0.15,19.63,162.98,152.84,10.14,294.43,181.04,22.71,37.61,53.07,1011.03,158.57,23.95,134.63,422.23,110.77,311.46,177.15,0.74,11.61,164.79,8.31,4.74,0.0,3.57,393.19,338.86,54.33,122.99,1048.47,163.84,884.63,122.33,0.34,362.76
5168.55,980.55,57.07,637.74,228.83,56.77,0.13,18.6,161.13,151.6,9.53,287.22,177.15,21.97,37.16,50.94,992.57,131.86,22.21,109.65,409.17,111.88,297.29,170.76,0.78,11.23,158.75,8.23,4.58,0.0,3.65,405.75,364.56,41.19,110.82,998.17,133.97,864.2,121.38,0.39,371.93
5766.94,1097.52,59.67,707.16,262.67,67.91,0.12,16.43,192.27,180.84,11.44,347.01,224.9,24.85,41.1,56.15,1028.13,159.49,21.91,137.58,404.44,112.43,292.01,180.99,0.77,11.84,168.37,10.29,5.6,0.0,4.69,510.99,477.02,33.97,112.15,1172.86,178.29,994.57,126.03,0.46,407.86
5405.17,1041.72,44.86,662.73,264.93,69.11,0.09,12.66,181.29,171.29,10.01,279.54,170.08,23.92,38.03,47.52,978.83,158.58,21.99,136.58,381.92,105.47,276.45,174.14,0.71,11.26,162.17,8.71,5.23,0.0,3.48,456.11,425.35,30.75,109.71,1117.8,191.49,926.31,116.97,0.38,386.79
5952.04,1210.84,47.66,790.01,289.29,83.78,0.1,11.5,190.96,182.11,8.85,262.19,152.72,22.79,38.06,48.63,1058.32,190.22,21.67,168.55,418.22,120.92,297.3,185.26,0.97,11.97,172.32,10.98,6.92,0.02,4.03,433.88,400.29,33.59,114.1,1337.76,295.02,1042.74,121.74,0.47,405.59
6915.36,1301.99,36.75,817.18,335.28,112.68,0.1,10.87,262.09,251.68,10.41,219.98,114.99,18.68,38.98,47.34,1309.92,178.75,21.06,157.69,413.19,115.11,298.09,194.56,0.92,11.67,181.96,18.21,10.71,0.07,7.44,510.12,476.34,33.78,147.71,1808.78,492.72,1316.05,122.34,0.46,416.39
5598.22,1186.44,59.23,767.07,283.62,76.46,0.06,8.89,244.54,230.54,14.0,280.69,178.29,21.6,33.76,47.04,1038.2,119.22,20.56,98.66,365.77,99.96,265.8,160.03,0.81,9.09,150.13,10.13,5.67,0.05,4.41,444.15,410.16,33.99,105.49,1134.64,209.71,924.94,112.76,0.38,386.89
5727.52,1014.41,66.04,630.76,242.91,74.59,0.11,12.19,202.95,189.8,13.15,316.17,206.17,23.02,33.71,53.27,1079.7,139.9,24.42,115.48,418.96,110.11,308.84,177.16,0.58,9.53,167.05,13.46,6.57,0.26,6.63,516.88,486.83,30.05,111.18,1193.25,200.53,992.72,126.02,0.52,404.78
5491.43,1002.6,78.54,627.44,230.64,65.89,0.09,10.42,169.79,160.6,9.19,324.39,219.73,22.98,29.99,51.69,1049.28,163.94,18.97,144.97,405.1,107.99,297.11,237.52,0.79,7.8,228.93,8.75,4.61,0.31,3.83,471.73,442.29,29.44,108.58,1030.52,164.02,866.5,116.28,0.49,392.06
5695.28,1084.33,80.16,679.48,242.47,82.13,0.09,11.33,171.05,162.0,9.05,326.07,215.82,25.47,32.17,52.61,1057.38,117.27,18.82,98.45,405.15,114.28,290.88,223.93,0.55,5.7,217.68,8.25,4.72,0.41,3.13,419.35,380.85,38.5,110.76,1234.67,256.59,978.08,123.8,0.51,401.44
5508.17,1060.62,53.44,652.57,268.64,85.87,0.1,11.04,232.62,219.51,13.11,259.11,159.85,17.37,32.39,49.5,999.29,109.77,15.87,93.9,422.53,115.54,306.99,143.49,0.59,5.51,137.39,9.54,5.36,0.6,3.59,381.33,349.73,31.61,113.36,1275.77,334.64,941.13,126.14,0.55,363.01
4552.19,900.13,59.35,557.78,209.92,71.29,1.78,46.88,135.5,127.64,7.86,218.03,132.27,14.5,30.47,40.79,807.14,109.01,17.28,91.73,384.93,109.21,275.72,124.82,7.82,5.78,111.21,10.97,5.1,1.99,3.88,280.6,252.69,27.91,132.48,957.33,216.54,740.79,117.39,12.18,314.83
5218.27,984.85,61.02,622.35,235.25,66.11,0.12,11.43,163.12,152.6,10.52,285.89,177.13,21.48,38.86,48.41,947.46,149.65,28.03,121.62,424.64,117.64,306.99,181.53,0.79,11.36,169.38,8.37,4.86,0.23,3.29,378.4,325.62,52.78,119.53,1054.87,147.81,907.06,124.35,0.42,383.75
5021.73,940.18,53.79,584.36,238.99,62.86,0.19,11.5,161.25,151.81,9.44,274.28,171.93,20.06,36.17,46.12,907.54,119.3,21.98,97.31,402.83,113.21,289.62,181.22,0.74,12.13,168.35,8.23,4.47,0.38,3.38,391.65,358.51,33.14,109.1,976.45,126.57,849.88,120.5,0.6,417.09
5814.14,1088.41,58.16,676.53,274.93,78.7,0.09,12.8,213.15,201.05,12.1,310.1,195.77,22.53,40.55,51.25,1010.94,165.37,24.18,141.18,396.42,109.65,286.77,178.24,0.67,13.37,164.2,10.01,5.65,0.19,4.17,473.27,439.69,33.58,112.9,1264.39,187.51,1076.88,131.12,0.54,446.49
5591.77,1104.35,52.76,682.4,285.95,83.08,0.17,14.66,201.11,191.81,9.3,258.82,155.44,21.5,38.18,43.7,955.45,174.87,24.17,150.7,377.33,106.24,271.09,162.24,0.79,11.13,150.32,9.11,5.39,0.17,3.55,439.54,410.47,29.07,108.54,1230.94,203.31,1027.64,124.07,0.45,430.29
6024.42,1154.29,47.09,718.51,295.81,92.77,0.11,12.77,208.81,198.67,10.14,261.66,147.45,21.67,42.85,49.68,1021.27,193.96,23.71,170.25,434.14,123.69,310.45,188.07,0.68,13.43,173.96,14.96,6.91,0.32,7.74,432.85,398.9,33.95,120.5,1394.75,288.63,1106.13,126.86,0.55,458.99
6984.4,1294.85,42.66,781.21,355.82,115.02,0.15,10.11,302.51,291.12,11.39,226.39,118.67,18.41,42.27,47.04,1192.41,163.32,28.36,134.97,425.54,114.94,310.59,189.27,0.6,13.28,175.4,20.84,9.29,0.42,11.13,492.72,456.83,35.89,155.24,1909.72,468.37,1441.35,131.32,0.56,469.6
5648.55,1156.21,55.62,712.68,297.54,90.28,0.1,9.44,251.17,237.12,14.05,264.55,164.85,20.34,36.0,43.37,960.86,145.46,27.28,118.19,385.11,102.38,282.73,166.95,0.55,11.68,154.72,13.62,5.79,0.31,7.52,433.26,398.87,34.39,121.94,1193.86,207.59,986.27,116.93,0.49,428.67
5933.91,1054.57,71.63,632.31,266.12,83.71,0.79,29.6,226.54,214.13,12.41,304.34,197.62,22.36,35.62,48.75,1007.5,169.76,31.07,138.68,435.05,114.88,320.17,183.73,6.56,10.66,166.51,22.22,7.29,1.84,13.09,473.33,441.98,31.35,112.85,1293.05,192.52,1100.53,136.81,9.47,475.07
5523.51,1014.91,78.21,609.0,252.8,74.84,0.06,14.52,191.92,180.6,11.32,302.11,199.62,21.64,32.64,48.22,941.58,181.83,25.72,156.11,418.01,111.49,306.53,210.18,0.64,7.42,202.12,12.93,5.28,0.15,7.5,441.06,410.72,30.34,111.84,1113.1,160.07,953.03,124.23,0.5,444.78
5829.95,1131.37,98.94,672.6,260.86,97.2,1.76,57.1,182.61,172.71,9.9,315.7,209.65,24.0,34.47,47.59,927.37,133.51,21.84,111.68,428.98,121.07,307.91,264.76,18.45,7.06,239.25,15.62,6.39,1.56,7.67,388.09,347.39,40.69,118.73,1258.83,245.86,1012.96,149.53,14.54,443.2
5573.52,1027.7,55.47,608.56,271.33,92.24,0.1,9.61,206.6,196.95,9.66,250.84,151.28,17.57,36.25,45.74,819.78,118.45,22.78,95.67,469.44,128.72,340.72,150.38,0.72,6.87,142.79,13.13,6.29,0.28,6.56,380.14,346.6,33.54,126.64,1447.88,357.72,1090.17,139.19,0.47,413.27
5056.77,1091.01,52.27,674.31,280.95,83.4,0.08,8.52,240.86,228.42,12.45,234.06,141.36,15.84,34.87,41.98,719.23,120.36,21.88,98.48,393.59,108.39,285.21,125.28,0.42,6.65,118.21,10.43,4.78,0.15,5.5,301.98,273.05,28.93,137.92,1168.35,242.76,925.59,121.36,0.51,383.3
5346.6,1036.82,64.91,631.06,258.97,81.73,0.15,10.01,172.37,162.31,10.06,291.64,178.17,22.66,43.72,47.09,816.11,157.75,30.72,127.03,461.5,124.6,336.89,196.31,0.97,12.8,182.53,11.25,5.17,0.18,5.89,374.75,322.07,52.68,126.57,1116.9,148.22,968.69,139.11,0.42,435.09
5238.97,1026.77,53.74,610.38,274.15,88.35,0.16,10.3,182.97,172.66,10.31,280.33,170.01,20.81,43.07,46.45,764.85,128.51,26.02,102.49,453.15,126.49,326.66,187.96,0.63,12.2,175.14,12.24,4.97,0.15,7.11,392.38,357.39,34.98,114.53,1109.75,138.99,970.76,134.67,0.64,439.93
6294.68,1252.7,64.37,741.59,330.61,116.0,0.13,9.61,245.68,233.81,11.88,338.78,211.89,24.7,50.15,52.05,882.34,156.58,29.66,126.92,445.79,118.42,327.36,198.29,0.61,15.05,182.63,15.54,6.64,0.15,8.75,512.9,477.24,35.66,119.0,1486.71,228.49,1258.23,153.09,0.55,477.11
5458.29,1166.03,45.0,686.05,321.15,113.68,0.15,9.53,200.85,189.39,11.47,254.48,147.65,20.42,41.14,45.26,786.47,150.2,28.3,121.9,407.74,99.64,308.1,183.87,0.56,15.26,168.05,11.52,4.68,0.11,6.73,415.77,385.91,29.86,117.45,1178.49,165.12,1013.37,135.36,0.52,440.01
6173.54,1263.53,48.24,740.96,342.2,131.77,0.36,11.52,228.51,216.5,12.0,260.3,147.26,20.81,43.41,48.81,863.55,202.21,29.58,172.64,467.66,118.32,349.33,201.46,0.69,15.18,185.59,13.97,4.83,0.17,8.96,444.3,408.13,36.17,125.73,1491.17,292.49,1198.68,142.64,1.09,455.9
7112.76,1454.04,44.43,830.38,408.71,170.18,0.35,9.82,304.34,294.47,9.88,228.87,119.61,19.33,44.57,45.36,1008.3,187.66,29.09,158.57,454.67,115.17,339.5,193.17,0.64,11.66,180.88,18.52,7.3,0.08,11.15,496.62,463.14,33.48,159.97,2014.35,470.08,1544.27,141.83,0.9,439.7
5756.0,1278.5,56.85,753.32,343.88,124.1,0.35,7.19,294.27,276.07,18.2,296.16,190.54,19.99,38.77,46.86,800.7,134.21,30.19,104.02,433.54,106.44,327.1,181.39,0.51,11.65,169.23,12.56,4.44,0.09,8.04,436.42,401.12,35.3,119.57,1223.29,179.55,1043.74,128.33,0.63,409.23
5983.68,1102.69,72.08,615.08,289.7,125.42,0.41,9.51,239.86,225.8,14.06,326.54,213.61,23.01,39.55,50.37,836.96,158.13,31.97,126.16,480.92,115.26,365.66,196.44,0.69,11.36,184.39,17.13,6.41,0.13,10.58,516.36,485.17,31.18,127.52,1390.49,231.58,1158.9,139.0,0.85,441.28
5567.12,1126.87,81.14,648.92,282.37,114.28,0.16,8.23,197.92,188.01,9.9,317.64,217.57,21.39,34.68,44.0,777.43,181.78,29.02,152.76,444.04,106.87,337.17,221.86,0.74,8.05,213.07,10.95,3.88,0.15,6.92,438.09,408.24,29.85,116.97,1183.69,160.45,1023.24,132.2,0.52,408.94
5876.27,1137.29,73.41,644.45,292.68,126.63,0.13,10.92,204.9,195.1,9.8,320.82,210.18,22.48,38.93,49.24,820.2,140.14,29.9,110.24,493.08,121.24,371.84,231.55,0.96,7.71,222.87,11.6,4.39,0.12,7.09,405.32,363.37,41.94,131.65,1396.44,252.74,1143.71,143.92,0.99,427.45
5918.57,1165.23,57.14,659.44,318.75,129.78,0.13,10.14,237.38,225.93,11.45,270.13,165.47,17.97,39.54,47.14,814.76,132.11,30.78,101.32,509.68,122.63,387.05,176.99,0.38,6.6,170.01,11.19,4.29,0.15,6.75,377.85,344.18,33.67,136.61,1527.89,346.56,1181.33,152.91,0.58,395.12
5294.0,1181.09,51.94,693.48,315.87,119.63,0.17,10.2,237.97,224.53,13.45,241.91,146.42,16.29,37.76,41.44,693.08,139.23,31.24,107.99,448.22,112.31,335.91,140.21,0.57,7.16,132.48,10.46,4.02,0.06,6.38,311.74,281.46,30.28,154.14,1221.11,227.44,993.67,136.75,0.66,367.23
5499.78,1110.66,58.25,636.89,300.42,114.74,0.37,12.67,178.32,166.58,11.74,296.2,180.05,22.02,44.05,50.08,726.95,157.17,35.44,121.73,512.73,131.16,381.58,202.98,1.35,13.48,188.14,10.41,4.15,0.06,6.2,388.12,332.94,55.18,139.95,1188.68,165.02,1023.66,152.43,0.68,421.82
5546.89,1113.87,54.6,634.04,306.11,119.0,0.11,11.95,195.95,182.88,13.06,306.87,190.53,21.96,44.65,49.72,715.78,134.15,30.58,103.58,488.59,120.69,367.9,208.54,1.1,13.62,193.81,12.75,4.45,0.14,8.15,433.09,398.66,34.43,128.15,1208.86,137.84,1071.02,151.99,0.69,435.68
6403.0,1329.47,63.96,759.51,357.12,148.64,0.25,12.35,237.1,221.61,15.49,342.46,215.44,26.46,49.45,51.11,806.33,161.52,33.69,127.83,486.36,128.15,358.21,198.75,0.53,13.93,184.29,14.56,5.32,0.11,9.14,522.07,485.87,36.2,129.02,1516.56,201.2,1315.36,173.57,0.45,472.43
6166.23,1257.25,50.09,705.64,349.16,152.08,0.28,12.33,222.37,208.87,13.5,302.63,183.27,24.29,45.58,49.49,810.91,166.29,33.77,132.52,494.26,127.96,366.31,198.7,1.45,12.44,184.8,15.49,5.13,0.08,10.27,471.47,438.41,33.06,133.46,1455.81,221.4,1234.41,159.55,0.45,465.24
6540.35,1342.79,48.57,748.7,383.33,161.81,0.37,12.55,236.37,224.35,12.01,272.33,152.21,23.56,46.09,50.47,855.92,206.62,35.03,171.58,519.44,134.82,384.61,209.36,0.72,12.4,196.24,16.91,5.82,0.16,10.93,454.44,416.85,37.59,137.63,1651.19,293.11,1358.07,158.69,0.69,465.43
7718.38,1594.64,43.56,871.91,456.11,222.81,0.25,12.1,299.85,288.21,11.64,235.45,123.85,21.91,45.3,44.39,1009.79,199.32,34.37,164.95,505.37,130.78,374.59,207.14,0.76,13.01,193.37,22.11,7.8,0.1,14.21,521.62,486.24,35.38,171.93,2299.32,580.02,1719.29,164.75,0.58,474.42
6156.99,1344.17,49.74,757.46,376.01,160.66,0.31,12.57,279.75,259.06,20.68,263.85,155.17,22.58,40.18,45.92,807.07,145.51,34.92,110.6,481.45,121.32,360.13,192.4,0.82,12.57,179.01,15.76,5.47,0.11,10.18,427.83,392.37,35.45,139.65,1455.74,260.01,1195.73,145.86,0.49,444.9
6479.85,1279.3,66.58,697.03,353.66,161.68,0.36,11.67,281.56,265.4,16.16,308.24,196.11,24.18,40.28,47.67,863.25,157.89,37.49,120.4,521.6,127.2,394.4,202.06,0.38,12.16,189.52,20.9,5.2,0.19,15.52,515.27,482.29,32.98,134.85,1555.66,238.12,1317.54,159.19,0.8,467.6
6066.33,1195.87,79.16,650.85,320.47,145.13,0.26,11.23,215.48,204.29,11.19,313.48,206.52,22.78,36.44,47.73,853.83,175.94,32.45,143.49,513.08,130.13,382.95,238.92,0.8,10.14,227.99,18.72,4.31,0.07,14.34,457.59,425.81,31.78,136.05,1322.61,197.73,1124.87,153.03,1.27,459.24
6241.73,1208.47,70.17,661.26,324.42,152.34,0.28,12.87,222.94,211.24,11.7,297.17,184.3,22.9,39.53,50.44,880.96,132.97,33.72,99.26,569.39,141.43,427.96,253.57,0.62,10.43,242.51,18.93,4.19,0.06,14.68,375.97,333.17,42.8,140.87,1504.88,267.72,1237.16,158.73,1.45,462.55
6394.13,1389.16,57.17,788.55,374.92,168.28,0.24,11.11,298.55,283.15,15.4,254.7,153.27,18.54,38.95,43.94,892.08,124.7,28.13,96.57,521.22,133.79,387.43,175.17,0.43,6.75,167.99,17.38,4.53,0.0,12.85,364.32,329.7,34.62,130.68,1628.39,363.54,1264.85,160.57,1.35,424.74
5616.35,1050.32,51.29,569.54,288.35,140.85,0.29,12.2,191.43,181.78,9.65,243.77,137.06,17.9,43.82,44.98,807.51,141.58,29.76,111.82,522.92,129.76,393.15,156.98,0.78,8.57,147.64,19.83,4.45,0.02,15.36,315.38,284.42,30.96,163.94,1430.28,291.54,1138.73,158.56,1.18,400.47
6133.36,1209.42,57.84,678.79,328.88,143.53,0.38,13.02,205.73,194.26,11.47,295.48,173.16,22.31,49.0,51.01,882.74,156.07,32.13,123.94,572.85,137.91,434.94,215.71,0.99,13.54,201.17,19.04,4.88,0.0,14.17,408.01,355.85,52.16,151.0,1358.99,178.47,1180.52,172.49,1.31,471.5
6165.87,1211.15,53.84,667.77,344.61,144.62,0.32,11.52,220.25,207.94,12.31,304.99,183.77,22.41,49.04,49.77,855.48,144.57,29.78,114.79,562.9,135.78,427.12,211.7,0.97,14.71,196.02,20.72,4.54,0.0,16.18,454.15,419.48,34.67,135.86,1384.35,169.23,1215.11,172.96,1.16,474.11
7171.88,1451.53,62.55,795.14,401.39,192.11,0.35,11.28,272.27,258.1,14.18,330.83,201.51,24.93,53.73,50.66,931.21,183.24,32.64,150.6,562.51,135.79,426.71,206.11,0.7,15.8,189.6,23.94,5.49,0.0,18.45,569.39,534.32,35.07,138.76,1793.42,281.66,1511.76,190.58,1.07,505.74
6540.71,1327.5,46.18,719.65,378.64,182.66,0.37,11.7,233.5,222.45,11.05,282.64,158.95,22.99,50.79,49.9,844.98,164.5,27.71,136.79,566.22,138.94,427.28,210.27,0.97,18.64,190.66,25.21,5.19,0.01,20.01,496.23,466.2,30.03,142.01,1569.01,243.35,1325.66,172.35,1.33,493.27
7199.75,1501.53,49.44,824.88,418.56,208.3,0.34,13.46,259.3,248.24,11.06,273.79,155.62,22.94,47.06,48.17,898.36,242.07,30.55,211.52,573.23,143.57,429.66,215.33,1.01,13.24,201.09,23.8,5.89,0.0,17.91,473.66,438.52,35.14,143.27,1891.07,328.78,1562.29,184.77,1.5,504.62
8179.65,1627.5,42.25,857.51,476.11,251.35,0.28,12.73,335.39,323.61,11.78,240.31,124.03,20.98,48.79,46.52,1022.75,170.34,30.73,139.61,593.15,149.26,443.89,218.7,0.79,13.78,204.14,32.39,7.63,0.0,24.76,546.0,510.5,35.5,180.99,2491.26,581.94,1909.32,186.44,1.33,520.36
6715.6,1366.56,54.2,733.33,386.09,192.62,0.31,13.03,298.1,277.95,20.14,290.65,171.49,23.09,44.53,51.53,903.77,142.77,32.25,110.52,579.06,142.29,436.77,222.6,0.49,16.01,206.1,28.9,6.46,0.0,22.44,475.39,439.76,35.63,147.61,1561.87,223.16,1338.71,176.28,1.13,507.87
7523.95,1529.63,69.59,818.22,421.69,219.8,0.33,11.9,355.06,339.29,15.76,306.35,196.56,23.22,42.02,44.56,1026.56,159.6,30.54,129.06,515.17,126.42,388.76,194.23,0.76,11.9,181.57,31.78,7.92,0.01,23.85,571.67,541.36,30.31,133.84,2020.75,349.38,1671.37,178.44,0.91,488.05
6637.68,1288.0,93.13,673.28,344.34,176.87,0.38,13.27,235.05,224.06,10.99,332.23,219.86,24.38,39.27,48.71,980.71,176.27,29.4,146.87,575.58,140.46,435.12,274.79,0.55,9.7,264.54,23.56,5.09,0.0,18.47,480.8,451.05,29.75,141.36,1460.69,198.3,1262.39,174.07,1.48,479.82
6851.35,1307.03,76.49,691.93,353.25,185.12,0.24,15.32,252.51,240.92,11.59,307.01,189.97,24.29,42.53,50.23,1031.92,139.05,29.19,109.87,606.29,148.99,457.29,255.96,0.45,8.91,246.61,21.92,4.9,0.06,16.96,379.38,337.8,41.57,148.85,1716.29,279.55,1436.74,183.32,1.72,484.77
6852.17,1340.06,57.16,703.47,374.59,204.51,0.33,19.53,260.33,249.17,11.16,250.97,145.78,18.67,42.64,43.89,1008.43,148.25,29.2,119.04,612.93,150.07,462.86,176.53,0.8,8.57,167.17,20.77,5.55,0.0,15.22,359.14,326.12,33.02,150.17,1871.17,402.31,1468.86,183.39,1.64,448.85
6137.31,1330.56,52.3,732.28,373.54,172.12,0.32,16.85,286.22,270.36,15.86,229.93,130.77,16.26,39.82,43.09,928.63,135.2,26.14,109.06,522.9,125.78,397.12,152.52,0.57,8.63,143.32,17.29,4.36,0.0,12.92,287.67,257.21,30.46,166.65,1480.58,249.37,1231.22,162.3,1.45,418.56
6525.87,1270.45,61.84,678.95,347.77,181.46,0.42,21.43,221.71,210.91,10.81,295.44,170.17,22.47,52.42,50.37,941.67,164.41,33.78,130.63,606.04,142.78,463.27,226.11,0.73,17.92,207.47,19.83,5.42,0.0,14.41,399.76,348.62,51.14,163.16,1513.56,182.29,1331.27,193.35,1.5,487.45
6684.65,1321.42,57.37,705.6,367.61,190.51,0.33,18.47,243.84,232.75,11.09,298.24,177.85,22.43,51.98,45.98,931.98,164.33,32.62,131.71,576.01,135.37,440.63,220.52,0.85,15.52,204.14,21.8,5.6,0.0,16.2,460.98,427.4,33.57,139.19,1603.92,177.38,1426.54,187.64,1.63,494.7
7563.81,1488.27,62.19,788.49,415.22,221.96,0.4,21.7,290.27,276.32,13.95,322.0,192.91,23.77,52.79,52.52,1023.96,185.88,34.23,151.65,591.25,139.84,451.41,222.42,0.56,18.1,203.76,24.51,6.56,0.0,17.95,553.48,517.2,36.28,148.9,1934.61,273.55,1661.06,208.99,1.37,546.19
7133.55,1427.09,50.41,737.56,412.88,225.8,0.45,20.92,253.59,241.48,12.11,286.83,163.46,23.37,50.54,49.46,993.01,183.53,32.8,150.72,582.63,137.63,445.0,224.01,0.77,17.23,206.0,25.98,6.27,0.0,19.71,515.72,484.21,31.51,149.74,1759.14,246.08,1513.06,186.64,1.64,523.07
7938.34,1658.42,58.47,877.9,461.2,260.42,0.42,26.34,280.04,268.48,11.56,275.0,151.4,24.84,51.31,47.44,1069.91,271.07,34.25,236.83,599.1,144.76,454.33,227.6,0.55,15.6,211.45,24.52,6.56,0.0,17.96,507.91,473.77,34.14,153.6,2110.07,370.36,1739.71,196.09,1.89,536.79
8801.05,1764.43,48.93,893.25,520.13,301.55,0.57,39.8,347.22,336.47,10.75,238.47,120.18,22.9,50.7,44.7,1184.22,185.97,33.4,152.57,605.39,145.26,460.13,232.46,0.79,17.51,214.16,33.17,8.58,0.0,24.59,544.05,510.03,34.02,205.56,2675.25,603.83,2071.43,197.24,1.69,546.13
7470.19,1627.74,62.13,861.28,469.02,234.91,0.4,35.01,385.83,362.36,23.47,285.24,170.0,23.33,45.65,46.27,1052.78,146.82,34.69,112.13,541.29,124.4,416.89,207.08,0.45,14.97,191.65,23.91,6.12,0.01,17.78,504.24,469.66,34.59,150.56,1803.01,266.73,1536.28,182.37,1.05,523.28
7544.28,1402.79,77.73,701.9,391.58,231.03,0.55,41.19,307.17,291.84,15.33,340.24,224.34,25.53,44.1,46.26,1125.29,181.11,40.59,140.52,608.87,136.06,472.81,220.93,0.59,13.02,207.32,27.24,6.92,0.0,20.32,556.02,525.7,30.33,149.53,1857.79,265.73,1592.06,203.37,1.64,521.09
7017.94,1346.44,71.94,681.15,386.77,206.17,0.41,43.06,255.8,244.3,11.5,320.98,212.28,23.66,39.59,45.44,1059.08,194.61,41.02,153.59,610.05,138.35,471.69,264.7,0.7,10.68,253.32,14.73,5.17,0.0,9.56,469.05,438.45,30.6,149.25,1586.36,198.27,1388.09,187.45,1.83,514.54
7352.83,1417.14,74.8,720.15,397.35,224.49,0.34,50.07,272.28,260.78,11.5,315.93,201.94,24.79,44.17,45.03,1047.16,157.02,37.99,119.02,651.53,145.45,506.08,263.53,0.69,9.42,253.42,14.3,6.03,0.04,8.24,425.49,384.8,40.69,153.1,1875.88,280.46,1595.42,195.63,2.04,511.72
7427.93,1436.65,55.43,726.21,423.14,231.05,0.83,59.86,323.43,308.92,14.52,270.81,156.39,20.42,47.22,46.78,968.96,166.67,36.06,130.61,680.18,154.83,525.35,191.98,0.46,8.47,183.05,18.24,8.28,0.2,9.77,434.64,400.02,34.62,166.06,2004.89,379.5,1625.39,210.49,2.63,492.44
6510.32,1335.17,53.93,687.5,391.95,201.4,0.39,36.19,292.04,278.44,13.6,236.81,135.66,17.15,44.46,39.54,821.86,158.76,34.57,124.19,568.81,127.11,441.7,157.27,0.28,9.49,147.5,15.87,7.64,0.0,8.23,368.5,339.27,29.23,190.27,1704.2,290.86,1413.34,181.15,1.37,442.02
7095.66,1377.42,64.59,708.85,395.6,208.0,0.38,40.53,253.92,241.6,12.32,292.89,168.7,22.01,52.71,49.47,916.23,204.21,40.08,164.13,654.83,143.68,511.14,231.14,0.41,14.43,216.3,18.42,9.44,0.0,8.98,447.67,397.32,50.35,168.21,1743.72,202.11,1541.62,214.63,1.8,530.03
6852.41,1369.31,55.78,700.31,400.1,212.74,0.38,43.84,239.08,227.74,11.35,276.44,161.8,20.51,48.72,45.42,907.17,182.9,36.35,146.55,646.43,142.95,503.47,217.74,0.42,14.35,202.97,16.74,7.75,0.0,8.99,472.67,440.05,32.62,147.7,1606.35,182.87,1423.48,202.07,1.55,522.41
7872.11,1563.04,68.56,794.81,449.46,249.52,0.71,41.65,291.34,276.16,15.18,319.25,191.28,24.09,54.28,49.61,1018.71,213.9,36.39,177.51,670.28,148.83,521.45,237.75,0.75,15.79,221.22,18.08,7.71,0.01,10.37,594.72,559.89,34.83,158.17,1927.57,241.1,1686.48,225.81,1.6,590.23
7538.67,1508.94,52.05,750.42,455.46,250.58,0.42,40.45,282.64,269.02,13.62,272.13,153.09,22.52,51.12,45.4,973.9,171.02,35.06,135.96,646.11,143.57,502.54,220.91,0.35,15.61,204.94,18.25,7.78,0.0,10.48,569.24,539.31,29.93,156.42,1914.38,249.99,1664.39,205.81,1.38,557.08
7999.66,1640.94,53.66,820.63,475.61,290.6,0.44,38.84,289.09,276.92,12.17,255.6,140.31,21.17,50.88,43.25,983.41,199.5,39.01,160.5,670.21,155.31,514.9,218.98,0.66,14.05,204.27,18.97,7.44,0.01,11.53,578.8,545.36,33.44,161.58,2172.57,368.27,1804.3,210.42,1.77,558.97
9309.4,1820.4,47.29,884.36,549.12,339.22,0.41,38.48,384.11,370.26,13.85,235.03,117.64,21.32,50.93,45.13,1157.59,190.32,39.88,150.44,684.21,158.0,526.21,238.56,0.8,16.45,221.31,25.4,10.52,0.0,14.88,672.72,638.22,34.5,221.99,2828.23,576.05,2252.17,216.73,1.63,593.99
7325.56,1607.63,63.88,816.89,466.57,260.03,0.27,34.75,366.63,344.75,21.88,258.33,153.42,19.91,44.34,40.67,955.45,152.88,37.94,114.95,599.03,133.73,465.3,200.3,0.57,12.63,187.1,16.11,7.52,0.0,8.59,497.06,464.38,32.67,151.2,1787.3,241.45,1545.85,188.77,1.61,508.5
7933.99,1469.95,67.03,706.92,434.36,261.4,0.25,39.98,351.31,334.15,17.16,302.39,187.48,23.02,45.0,46.89,1036.51,183.24,43.71,139.53,694.24,150.36,543.88,238.07,0.62,13.49,223.97,25.59,10.12,0.0,15.46,595.0,565.54,29.46,156.77,2053.79,297.4,1756.38,215.55,1.99,569.62
7431.74,1436.24,77.15,706.13,419.99,232.58,0.39,44.21,291.01,277.47,13.54,293.09,185.67,22.23,40.94,44.25,1030.85,189.6,40.44,149.16,685.41,151.79,533.62,280.48,1.59,12.65,266.25,20.51,6.87,3.27,10.37,503.89,475.37,28.52,155.75,1752.84,208.23,1544.61,202.73,2.09,543.03
7723.76,1478.72,78.82,719.03,424.25,256.33,0.29,38.28,303.29,291.25,12.04,288.06,172.74,23.19,46.99,45.14,1080.57,163.22,37.39,125.83,679.73,153.77,525.96,257.96,0.9,13.73,243.34,23.38,7.12,6.91,9.35,436.71,398.42,38.28,156.02,2065.13,311.92,1753.21,214.03,2.98,535.7
7826.17,1634.29,55.11,829.14,488.58,261.04,0.42,38.32,401.9,382.46,19.44,234.16,125.81,19.62,46.2,42.53,1047.89,172.96,38.55,134.41,693.29,156.34,536.95,184.49,0.49,8.37,175.63,24.27,6.88,7.75,9.63,417.06,384.23,32.82,165.33,2091.64,395.76,1695.88,216.78,2.11,501.68
6416.57,1314.77,41.03,640.25,413.83,219.39,0.27,42.87,241.09,229.91,11.17,199.5,99.84,16.7,43.04,39.92,868.4,166.74,40.25,126.49,677.57,136.93,540.64,181.33,0.87,12.38,168.08,12.61,6.14,-1.38,7.85,307.67,281.04,26.63,192.22,1534.91,221.43,1313.48,190.88,2.92,483.1
6464.54,1504.7,32.49,764.3,479.11,228.72,0.09,41.89,263.81,253.04,10.77,196.39,102.52,17.74,39.34,36.78,852.62,178.24,36.53,141.71,635.42,118.53,516.9,217.3,0.64,17.96,198.71,11.99,4.32,0.15,7.52,359.31,329.24,30.07,107.99,1390.31,126.24,1264.07,187.91,2.03,514.62
6655.4,1452.57,44.46,733.14,452.42,222.49,0.06,48.35,270.02,258.4,11.62,214.2,118.78,17.88,39.23,38.31,783.25,193.28,36.71,156.57,663.71,125.23,538.47,225.97,0.61,20.34,205.03,15.31,4.58,3.0,7.73,452.47,422.42,30.05,118.73,1474.43,127.95,1346.48,189.89,1.77,551.47
7945.41,1644.4,57.11,832.42,484.43,270.33,0.11,70.87,349.62,333.66,15.96,297.78,182.58,23.48,52.39,39.33,781.73,250.52,52.36,198.16,690.51,136.76,553.76,238.63,1.31,24.01,213.31,21.34,5.87,5.02,10.45,599.1,563.72,35.38,138.45,2003.41,215.61,1787.8,227.58,5.88,625.57
7531.98,1509.18,51.78,741.8,431.06,284.42,0.11,62.46,300.49,288.09,12.4,255.67,153.15,21.82,43.21,37.49,802.19,247.46,45.07,202.39,690.02,143.92,546.1,237.39,1.82,23.67,211.9,20.28,5.4,3.38,11.5,579.41,550.81,28.6,133.44,1872.2,237.58,1634.62,211.63,6.24,603.92
7852.54,1575.46,41.5,763.44,470.88,299.59,0.06,35.7,341.52,328.4,13.12,227.64,123.38,21.35,42.97,39.94,852.29,191.95,39.82,152.12,714.36,153.68,560.68,232.89,0.96,16.68,215.25,23.39,6.34,5.93,11.12,565.84,537.16,28.68,152.89,2144.01,324.38,1819.63,210.59,2.26,581.76
8774.67,1871.2,35.43,899.41,574.43,361.85,0.08,31.9,421.23,408.85,12.38,193.63,98.49,20.14,38.9,36.1,926.3,223.44,36.17,187.27,660.82,141.5,519.32,228.99,0.55,17.18,211.26,22.63,7.94,2.49,12.2,575.97,547.37,28.6,190.89,2651.45,520.61,2130.84,204.53,1.58,570.1
7214.37,1674.96,38.89,855.08,507.5,273.43,0.07,30.45,388.33,366.96,21.37,214.69,120.26,18.4,36.98,39.05,795.21,187.92,39.45,148.47,695.99,132.83,563.16,240.59,0.64,18.54,221.41,14.83,5.14,0.54,9.15,500.48,472.57,27.91,146.8,1583.53,203.39,1380.14,187.56,1.58,551.44
7737.13,1567.47,56.9,747.48,466.98,296.06,0.06,29.3,386.01,368.9,17.11,263.95,168.85,21.59,36.15,37.36,894.67,168.03,33.3,134.73,655.86,136.45,519.41,229.42,0.61,17.32,211.49,25.37,6.95,3.43,14.99,633.55,608.56,24.98,139.99,1999.62,290.76,1708.86,198.44,2.0,543.46
7132.4,1516.0,53.38,746.83,449.63,266.1,0.06,30.28,327.59,313.84,13.74,245.68,156.45,19.68,35.15,34.41,849.0,193.45,30.63,162.82,658.1,133.98,524.11,248.1,0.66,14.47,232.97,19.31,6.1,2.85,10.36,510.98,487.71,23.27,136.81,1683.94,216.32,1467.62,193.76,2.15,517.25
6468.64,1504.6,40.82,747.32,464.56,251.87,0.03,35.04,299.91,286.46,13.45,216.27,123.41,19.99,37.02,35.84,882.47,153.47,29.76,123.71,695.39,140.72,554.68,286.66,1.19,15.96,269.51,10.49,4.09,-1.17,7.57,312.01,280.33,31.68,135.57,1269.09,175.66,1093.43,185.67,3.73,478.26
6125.02,1489.35,37.4,748.4,469.7,233.8,0.04,27.71,298.77,287.02,11.75,182.13,93.87,16.73,38.17,33.36,868.72,168.65,26.28,142.37,702.1,147.21,554.89,218.33,1.04,13.37,203.92,10.89,4.09,1.05,5.75,230.77,202.66,28.11,148.4,1187.56,148.87,1038.7,187.01,2.17,402.45
6431.07,1479.38,41.52,751.95,449.64,236.24,0.03,22.16,359.69,343.46,16.23,185.39,97.55,16.64,38.71,32.5,851.75,159.16,23.72,135.44,646.16,137.13,509.03,178.28,0.42,17.68,160.18,16.8,5.0,4.67,7.13,321.53,295.49,26.04,196.25,1403.35,204.27,1199.08,185.38,2.14,423.66
7168.84,1506.08,52.92,745.03,446.77,261.24,0.11,22.81,289.88,278.73,11.15,239.16,135.93,21.78,45.44,36.01,952.69,216.34,30.52,185.82,737.95,156.96,581.0,235.75,0.65,19.83,215.27,15.58,4.23,3.86,7.49,484.36,447.77,36.58,156.83,1557.43,192.33,1365.1,221.0,2.4,530.59
7413.56,1518.57,46.2,754.76,453.38,264.17,0.06,21.91,307.97,296.21,11.76,239.25,137.29,20.86,44.73,36.37,969.23,192.01,30.56,161.45,734.47,156.19,578.28,255.46,0.59,25.56,229.31,16.38,4.12,3.66,8.6,575.32,548.22,27.1,147.44,1638.97,202.44,1436.54,218.53,2.38,575.67
8198.6,1738.27,57.12,867.63,509.92,303.49,0.1,19.66,374.51,360.27,14.24,255.2,147.95,23.12,46.25,37.87,1010.9,205.59,33.33,172.26,709.54,147.87,561.67,255.91,0.88,22.95,232.08,17.9,4.93,3.22,9.75,645.5,614.17,31.34,152.51,1979.26,268.76,1710.5,232.54,2.13,599.17
8080.17,1637.32,43.07,783.67,493.1,317.42,0.07,22.75,348.32,336.63,11.69,238.97,136.53,22.15,42.35,37.93,1018.54,192.76,28.05,164.7,762.82,163.01,599.81,246.96,0.58,22.33,224.05,19.58,4.72,5.01,9.85,653.8,628.0,25.81,155.03,1957.09,307.18,1649.91,222.34,1.89,601.99
8684.65,1816.05,42.74,861.46,553.18,358.59,0.08,19.67,376.5,364.87,11.63,231.01,124.25,23.83,43.58,39.35,1135.43,224.07,30.02,194.05,786.47,171.32,615.15,268.4,1.54,21.11,245.75,20.21,5.61,3.54,11.06,654.07,621.89,32.19,162.99,2158.22,376.13,1782.09,227.93,2.12,601.52
9204.94,1983.37,36.53,939.78,605.65,401.34,0.07,20.56,443.02,431.5,11.52,203.44,98.59,23.03,46.39,35.43,1163.77,216.9,33.0,183.9,746.55,156.76,589.79,238.34,0.85,20.55,216.94,20.81,6.06,2.5,12.25,651.78,621.31,30.47,225.64,2492.34,501.17,1991.17,221.82,2.2,574.4
8115.37,1772.17,49.14,857.61,529.29,336.07,0.07,19.82,474.26,449.85,24.41,246.09,140.61,23.62,43.98,37.88,1036.48,187.63,35.75,151.87,718.29,150.92,567.36,227.67,1.11,16.6,209.97,18.85,5.1,3.82,9.93,632.27,601.62,30.65,158.09,1873.96,288.25,1585.71,210.75,1.92,537.12
8871.86,1677.66,61.42,782.59,500.38,333.21,0.05,19.02,425.97,411.36,14.61,297.91,187.1,26.07,45.07,39.67,1200.7,196.82,38.5,158.32,801.91,157.36,644.54,277.48,1.58,27.95,247.95,29.6,7.7,7.28,14.62,720.35,691.61,28.74,160.37,2228.66,329.9,1898.77,240.63,1.75,593.03
8430.99,1627.94,68.04,768.38,477.43,314.03,0.06,20.22,380.1,368.23,11.87,276.11,176.71,23.91,38.82,36.66,1215.86,185.39,32.64,152.76,777.51,160.8,616.71,300.87,2.21,22.98,275.68,27.95,6.17,8.2,13.58,623.92,598.51,25.41,154.17,2043.24,289.72,1753.52,224.33,2.55,570.83
7951.7,1598.73,58.08,747.55,482.02,311.07,0.03,22.82,359.1,347.76,11.34,247.72,144.1,22.92,41.28,39.43,1173.13,205.14,27.69,177.46,809.38,168.44,640.94,299.97,1.88,19.88,278.21,16.29,3.91,3.45,8.93,422.52,387.6,34.92,162.11,1860.69,319.66,1541.02,225.05,3.78,545.28
8261.37,1826.99,52.78,885.2,560.26,328.71,0.03,21.33,486.94,469.18,17.76,224.05,122.09,21.8,42.76,37.4,1170.5,168.81,30.05,138.76,816.62,167.39,649.24,223.27,0.99,13.58,208.69,28.75,5.65,13.19,9.91,373.11,340.69,32.42,166.75,2012.02,382.13,1629.89,236.84,2.42,502.98
7091.85,1454.0,43.03,681.41,435.23,294.25,0.08,17.37,318.17,308.67,9.5,186.43,98.5,17.14,39.94,30.84,1053.16,173.76,25.46,148.3,728.85,139.01,589.84,172.21,0.6,14.58,157.03,22.84,5.26,8.38,9.2,370.93,344.33,26.6,199.72,1730.33,350.09,1380.24,203.72,2.36,457.99
7533.8,1549.71,54.63,738.46,460.78,295.68,0.16,20.25,289.13,277.45,11.68,220.29,123.33,18.8,41.5,36.66,1174.74,170.69,27.86,142.83,835.15,152.07,683.08,239.04,1.73,24.16,213.15,22.46,4.69,8.8,8.98,498.97,461.61,37.36,159.85,1535.21,197.65,1337.56,237.25,2.76,578.29
8520.33,1627.32,54.9,769.79,492.1,310.42,0.11,20.23,343.11,331.01,12.1,264.02,157.5,22.74,44.53,39.25,1272.99,168.14,30.58,137.56,832.62,157.37,675.25,268.44,1.57,29.23,237.64,30.24,6.78,12.67,10.79,700.63,671.83,28.8,152.15,1928.43,224.26,1704.17,254.39,2.35,655.26
