전북_합계,전북_종합소매,전북_ 백화점,전북_ 대형마트/유통전문점,전북_ 슈퍼마켓,전북_ 편의점,전북_ 면세점,전북_전자상거래/통신판매,전북_식료품,전북_ 일반식료품,전북_ 건강보조식품,전북_의류/잡화,전북_ 의복/직물,전북_ 복식잡화,전북_ 시계/귀금속/안경,전북_ 화장품,전북_연료,전북_가구/가전,전북_ 가구,전북_ 가전제품/정보통신기기,전북_의료/보건,전북_ 종합병원,전북_ 일반병의원/기타의료기관,전북_자동차,전북_ 국산자동차신품,전북_ 기타운송수단,전북_ 자동차 부품 및 정비,전북_여행/교통,전북_ 여행사/자동차임대,전북_ 항공사,전북_ 대중교통,전북_오락/문화,전북_ 스포츠/오락/여가,전북_ 서적/문구,전북_교육,전북_숙박/음식,전북_ 숙박,전북_ 음식점,전북_공과금/개인 및 전문 서비스,전북_금융/보험,전북_기타,전남_합계,전남_종합소매,전남_ 백화점,전남_ 대형마트/유통전문점,전남_ 슈퍼마켓,전남_ 편의점,전남_ 면세점,전남_전자상거래/통신판매,전남_식료품,전남_ 일반식료품,전남_ 건강보조식품,전남_의류/잡화,전남_ 의복/직물,전남_ 복식잡화,전남_ 시계/귀금속/안경,전남_ 화장품,전남_연료,전남_가구/가전,전남_ 가구,전남_ 가전제품/정보통신기기,전남_의료/보건,전남_ 종합병원,전남_ 일반병의원/기타의료기관,전남_자동차,전남_ 국산자동차신품,전남_ 기타운송수단,전남_ 자동차 부품 및 정비,전남_여행/교통,전남_ 여행사/자동차임대,전남_ 항공사,전남_ 대중교통,전남_오락/문화,전남_ 스포츠/오락/여가,전남_ 서적/문구,전남_교육,전남_숙박/음식,전남_ 숙박,전남_ 음식점,전남_공과금/개인 및 전문 서비스,전남_금융/보험,전남_기타
6230.83,1099.92,221.32,599.68,238.79,40.13,0.01,9.81,189.6,174.08,15.52,441.42,317.17,30.32,37.39,56.54,1449.83,220.95,22.89,198.07,556.03,142.83,413.21,219.3,3.4,11.43,204.47,63.95,4.54,56.84,2.57,454.52,415.87,38.66,175.29,896.83,44.62,852.21,154.02,0.81,298.54,5148.08,844.26,79.19,554.29,178.41,32.33,0.04,7.97,188.52,179.96,8.56,319.48,228.69,19.97,27.44,43.38,1303.89,166.86,20.47,146.39,371.27,106.96,264.31,191.2,0.36,6.83,184.0,6.6,3.43,0.0,3.16,442.24,415.88,26.35,133.81,805.11,49.88,755.23,87.15,0.11,279.63
6300.67,1219.21,236.43,692.0,251.72,39.05,0.01,11.17,178.27,165.5,12.77,438.94,308.98,34.54,36.25,59.18,1391.59,183.64,22.11,161.54,545.92,135.41,410.52,241.67,1.33,10.08,230.26,56.68,3.94,50.6,2.14,420.22,373.2,47.01,155.26,1000.63,67.81,932.83,156.39,0.71,300.36,5133.3,928.7,82.81,627.4,187.98,30.49,0.02,8.97,190.93,183.01,7.92,316.87,220.51,20.41,27.91,48.04,1285.71,168.97,17.64,151.33,364.46,103.23,261.23,201.1,0.21,6.49,194.4,4.58,2.37,0.0,2.21,359.08,326.41,32.66,111.53,825.19,48.66,776.54,84.84,0.11,282.27
5979.45,1090.54,171.5,620.2,260.26,38.57,0.01,9.86,184.55,169.84,14.7,330.15,213.88,21.44,39.38,55.45,1342.77,148.19,19.67,128.52,642.13,161.89,480.24,203.59,1.42,8.73,193.45,72.1,3.37,66.36,2.37,360.75,315.84,44.91,168.13,951.56,92.7,858.86,180.55,0.93,293.67,4890.77,841.52,53.73,562.7,194.62,30.37,0.1,7.75,210.6,200.67,9.94,259.34,171.91,14.74,30.09,42.6,1249.86,130.15,18.27,111.88,430.45,118.93,311.52,183.05,0.23,6.19,176.63,4.91,2.41,0.0,2.5,281.63,250.41,31.23,123.27,800.6,52.72,747.88,92.93,0.13,274.58
5522.59,1085.01,151.41,641.63,255.88,36.07,0.02,10.01,219.06,198.49,20.57,306.4,200.51,18.03,36.56,51.29,1262.39,155.58,20.63,134.95,561.25,139.16,422.09,174.44,2.13,9.36,162.95,67.72,3.02,62.8,1.9,300.17,263.25,36.92,205.59,773.92,52.55,721.37,131.74,0.55,268.76,4566.48,877.21,50.5,600.3,196.62,29.74,0.05,6.9,260.59,247.41,13.19,234.78,154.04,13.04,28.48,39.23,1170.21,136.09,15.59,120.5,363.58,98.42,265.16,153.13,0.41,5.86,146.86,4.55,2.01,0.04,2.5,257.96,233.12,24.84,108.68,662.31,38.73,623.58,80.88,0.08,249.53
6068.88,1051.54,171.54,589.39,250.02,40.57,0.01,10.63,176.0,161.02,14.98,384.73,251.09,27.72,46.32,59.6,1396.41,204.33,25.81,178.51,594.55,146.91,447.64,208.79,2.51,14.49,191.79,96.04,3.66,90.1,2.28,412.43,335.93,76.51,171.59,897.18,42.28,854.91,152.41,0.89,311.36,5121.19,845.26,62.53,557.84,191.63,33.22,0.04,7.58,188.8,179.27,9.53,291.56,191.14,18.66,34.53,47.24,1295.25,167.29,22.06,145.23,401.82,112.52,289.3,182.24,0.37,9.22,172.66,6.21,2.9,0.04,3.27,397.22,340.49,56.73,118.18,834.37,50.07,784.3,95.9,0.14,289.38
5963.79,1098.65,183.57,611.66,261.79,41.62,0.01,10.46,182.41,168.13,14.27,372.02,242.26,27.42,45.85,56.49,1358.75,177.58,24.04,153.53,575.48,148.1,427.38,202.59,2.5,15.33,184.75,85.85,4.08,79.64,2.13,394.0,341.35,52.65,148.84,902.7,39.19,863.51,145.46,1.01,308.0,5102.86,887.57,64.51,588.02,200.9,34.09,0.05,7.78,198.63,189.35,9.28,285.46,187.11,18.38,34.82,45.14,1246.3,153.06,21.54,131.52,392.14,110.19,281.95,175.72,0.29,8.77,166.66,6.35,2.97,0.0,3.38,392.33,354.48,37.85,110.3,859.34,52.81,806.53,92.1,0.25,295.53
6401.99,1193.02,178.88,672.42,295.48,46.23,0.02,10.78,206.95,188.16,18.79,449.62,303.15,33.48,50.7,62.3,1366.15,222.93,21.88,201.06,585.6,148.25,437.34,227.51,2.6,14.74,210.18,74.96,4.29,68.51,2.16,436.75,394.81,41.94,151.96,982.39,44.3,938.09,157.58,0.67,335.11,5518.73,980.37,64.83,652.24,225.07,38.17,0.05,8.11,230.81,218.07,12.74,357.72,248.93,21.46,38.09,49.24,1211.2,197.73,20.37,177.36,399.86,112.52,287.35,195.19,0.37,9.59,185.23,8.14,4.12,0.0,4.02,439.68,412.49,27.19,108.68,965.94,61.19,904.75,101.47,0.15,313.68
5898.99,1112.61,145.86,614.88,307.13,44.73,0.01,9.26,177.23,163.87,13.36,355.76,226.44,31.21,43.93,54.18,1291.07,223.46,22.92,200.54,549.49,140.0,409.49,226.98,1.63,14.47,210.87,79.22,3.25,73.94,2.02,355.98,318.64,37.34,149.59,892.81,41.91,850.9,155.88,0.75,318.89,4999.95,915.5,42.39,612.45,224.64,36.0,0.02,7.13,203.85,195.35,8.5,265.04,169.37,19.89,33.16,42.62,1141.34,196.35,19.3,177.05,374.77,107.79,266.98,192.41,0.32,9.01,183.08,7.07,3.53,0.0,3.55,358.37,333.1,25.27,108.92,847.79,54.3,793.49,91.88,0.16,289.36
6363.58,1255.01,158.61,721.09,325.94,49.35,0.01,10.98,185.88,170.28,15.6,338.67,205.4,28.21,47.2,57.86,1356.36,266.85,20.84,246.01,591.24,156.91,434.33,231.86,2.48,14.32,215.06,98.8,3.92,92.48,2.41,340.46,296.0,44.47,157.45,1010.21,55.43,954.79,173.94,0.73,345.14,5453.91,1050.93,47.78,717.68,244.02,41.41,0.05,8.13,208.4,199.83,8.57,262.22,162.36,20.13,36.78,42.95,1200.96,241.57,20.39,221.18,413.27,119.07,294.2,202.04,0.37,9.96,191.71,7.12,3.59,0.0,3.53,370.77,340.83,29.94,113.6,972.38,65.2,907.18,98.64,0.12,303.77
6375.91,1203.29,126.17,681.93,343.64,51.54,0.01,10.21,216.01,199.95,16.06,263.94,145.6,20.67,46.51,51.15,1456.86,239.86,21.94,217.92,588.81,149.05,439.77,233.63,1.37,14.96,217.3,84.31,4.24,77.5,2.58,297.5,256.67,40.83,213.06,1083.19,72.96,1010.23,153.54,0.48,331.22,5659.14,1033.21,34.91,688.04,266.08,44.11,0.06,7.54,257.88,248.95,8.93,199.29,109.37,14.7,35.87,39.34,1326.04,216.09,18.06,198.03,422.93,119.13,303.79,203.45,0.31,7.88,195.27,12.24,5.73,0.02,6.49,357.68,330.25,27.43,122.78,1106.95,102.02,1004.94,99.01,0.13,293.93
6188.77,1307.2,181.87,733.63,340.42,51.26,0.02,10.4,298.84,267.72,31.12,355.08,234.33,26.96,40.59,53.2,1357.31,162.24,22.99,139.25,519.71,126.96,392.74,210.04,2.39,14.95,192.71,62.08,3.1,56.76,2.22,362.23,317.91,44.32,158.04,898.99,41.39,857.6,150.07,0.66,335.88,5290.07,1091.11,54.28,729.13,265.72,41.96,0.02,7.78,344.78,327.46,17.32,275.27,185.15,18.5,30.47,41.16,1203.17,132.64,19.48,113.16,359.18,100.81,258.38,176.58,0.11,8.58,167.88,6.95,3.21,0.0,3.74,350.78,320.97,29.82,104.33,839.15,53.5,785.65,95.33,0.11,302.88
6246.93,1085.35,186.78,570.92,277.39,50.25,0.02,10.35,202.72,184.65,18.06,422.34,289.72,30.28,43.04,59.3,1389.48,180.41,26.94,153.47,586.32,144.34,441.97,229.64,2.82,14.55,212.26,75.48,3.93,68.54,3.01,434.57,397.12,37.45,153.53,960.86,45.69,915.17,169.33,0.55,346.02,5193.85,878.24,65.26,558.99,213.13,40.82,0.04,8.1,202.84,194.23,8.61,313.06,214.15,20.41,32.54,45.96,1197.24,140.94,21.8,119.14,408.03,112.6,295.43,196.24,0.2,9.17,186.87,8.15,4.37,0.0,3.78,425.82,400.92,24.9,112.23,906.62,58.43,848.19,95.8,0.13,300.41
6286.48,1109.53,215.05,580.56,266.95,46.95,0.01,10.05,207.65,191.57,16.08,443.26,322.84,28.48,37.68,54.26,1399.37,222.11,23.92,198.18,550.06,136.97,413.1,246.21,5.3,12.1,228.81,85.45,3.61,79.09,2.76,443.86,406.64,37.22,149.39,927.06,46.05,881.01,152.47,0.79,339.22,5119.82,855.5,71.73,549.44,198.27,36.01,0.05,7.42,193.71,186.17,7.54,337.53,245.87,20.15,29.17,42.33,1207.22,161.42,19.99,141.43,391.47,107.51,283.97,196.43,0.21,6.28,189.94,6.3,3.05,0.0,3.25,438.65,413.77,24.88,112.63,829.52,52.22,777.3,95.79,0.13,286.12
6536.47,1208.46,225.13,657.65,278.1,47.56,0.02,10.97,198.73,183.39,15.34,437.13,308.4,29.88,40.73,58.12,1401.34,190.73,25.01,165.72,584.89,146.87,438.02,242.79,4.79,11.93,226.07,91.6,3.31,85.82,2.47,431.76,385.9,45.86,150.56,1077.43,71.74,1005.69,163.7,0.71,345.66,5331.72,947.49,76.43,622.63,212.73,35.67,0.03,8.79,206.91,199.47,7.44,328.45,229.34,21.61,30.28,47.22,1254.25,180.66,21.03,159.63,410.49,114.54,295.96,196.81,0.16,6.38,190.27,5.15,2.49,0.0,2.66,377.97,345.51,32.46,113.05,898.86,54.61,844.25,97.12,0.17,305.55
6187.07,1150.84,165.37,633.41,309.54,42.49,0.02,10.54,280.67,253.55,27.12,331.27,215.22,19.05,41.47,55.53,1324.68,162.2,21.42,140.79,616.72,150.44,466.28,210.08,4.64,10.66,194.78,87.59,2.9,82.36,2.33,352.6,307.15,45.45,160.99,971.76,86.26,885.5,186.87,0.77,339.48,5037.42,914.7,52.46,598.52,230.94,32.7,0.07,8.0,316.86,302.35,14.51,259.22,170.46,14.93,30.91,42.91,1188.63,134.8,20.21,114.58,436.69,113.85,322.84,177.38,0.13,6.1,171.15,5.18,2.4,0.02,2.76,280.21,250.93,29.28,117.44,813.07,51.85,761.22,99.38,0.12,285.75
5622.45,986.97,156.19,544.42,241.11,41.87,3.38,91.3,166.24,152.14,14.09,310.11,199.95,18.1,40.51,51.55,1199.91,162.02,25.48,136.54,585.85,145.02,440.83,186.51,17.73,12.09,156.69,87.26,4.93,76.97,5.36,311.05,271.56,39.5,199.05,837.08,55.41,781.67,176.68,24.03,298.41,4497.25,817.84,69.3,527.65,186.61,32.6,1.68,49.99,174.56,167.06,7.5,239.31,156.67,13.37,29.9,39.37,1066.88,138.26,21.45,116.81,400.09,107.01,293.08,153.03,8.62,5.93,138.47,10.01,3.12,2.05,4.85,256.18,229.93,26.25,116.96,707.9,42.26,665.64,101.72,17.03,247.48
6121.52,1099.14,177.47,595.82,279.88,45.95,0.03,10.45,199.43,182.67,16.77,381.03,252.11,25.65,47.79,55.47,1326.37,199.31,30.61,168.7,593.48,144.76,448.73,201.32,2.47,14.36,184.49,91.3,3.32,85.81,2.17,400.09,324.0,76.09,165.37,956.38,41.66,914.72,160.14,1.07,336.64,5056.64,880.09,58.37,572.28,213.25,36.14,0.05,8.78,200.89,192.52,8.37,286.96,188.96,18.93,35.86,43.21,1172.79,168.74,26.8,141.94,415.13,109.94,305.2,170.71,0.18,7.85,162.69,6.18,2.71,0.03,3.43,375.61,318.07,57.54,115.77,866.95,48.32,818.63,100.69,0.15,287.21
5992.63,1043.28,160.81,551.47,282.75,47.41,0.83,40.85,202.78,184.11,18.66,373.74,243.73,25.45,48.43,56.13,1285.9,160.0,24.52,135.48,583.38,146.07,437.3,226.0,13.57,15.92,196.51,75.18,3.63,65.8,5.75,370.28,327.25,43.03,144.09,929.8,40.4,889.4,165.52,10.96,380.88,4929.16,848.46,52.22,541.37,217.39,37.41,0.07,8.02,203.42,195.37,8.05,289.19,193.34,19.02,34.23,42.6,1125.88,133.4,21.56,111.84,401.5,108.69,292.81,182.61,0.41,9.01,173.19,6.76,2.91,0.01,3.83,353.07,323.75,29.32,106.97,847.42,52.02,795.39,96.28,0.27,325.92
6391.35,1176.6,174.07,630.36,320.29,51.85,0.02,10.73,230.06,209.51,20.55,406.05,269.05,28.93,49.32,58.75,1340.73,199.01,25.89,173.12,578.49,141.27,437.22,224.19,2.15,17.62,204.42,59.86,2.98,54.66,2.22,392.93,350.68,42.25,150.86,1064.67,47.26,1017.41,158.86,0.78,397.55,5422.25,965.74,56.48,621.6,245.67,41.92,0.06,8.49,244.22,232.25,11.97,324.96,218.72,21.21,37.69,47.33,1163.66,176.69,22.84,153.85,396.53,106.06,290.47,189.82,0.16,9.98,179.68,8.67,3.58,0.0,5.09,387.65,360.29,27.36,108.41,993.31,60.55,932.77,108.85,0.26,344.98
6088.43,1174.71,153.16,627.44,340.61,53.49,0.01,20.49,207.77,188.15,19.62,345.65,217.31,28.48,47.43,52.43,1257.3,224.75,24.92,199.83,550.48,133.6,416.88,214.97,2.68,17.03,195.27,49.19,2.32,44.86,2.01,338.82,304.81,34.02,146.94,1007.02,47.08,959.94,158.55,0.74,391.04,5096.13,970.8,44.52,626.67,257.12,42.43,0.06,8.17,212.31,204.78,7.54,262.04,164.78,20.3,35.42,41.53,1081.48,188.14,21.88,166.26,380.63,102.64,277.99,181.39,0.22,9.55,171.63,7.65,3.26,0.0,4.39,342.35,318.19,24.16,107.16,921.68,57.91,863.77,98.7,0.2,333.45
6327.1,1152.04,135.64,631.8,330.45,54.13,0.02,25.68,206.85,187.65,19.2,327.04,194.53,25.71,49.93,56.86,1291.85,254.31,28.89,225.42,636.96,157.1,479.86,231.71,2.88,16.9,211.94,65.84,3.05,60.53,2.26,327.69,284.0,43.69,162.5,1054.84,52.45,1002.39,181.27,0.94,407.59,5302.96,971.74,40.35,631.8,255.29,44.25,0.04,8.75,209.69,201.4,8.29,248.43,148.44,18.86,37.55,43.57,1101.15,224.0,23.42,200.58,440.54,119.04,321.5,200.4,0.21,9.38,190.81,5.77,3.37,0.0,2.41,334.9,305.05,29.84,119.2,979.9,62.51,917.39,108.09,0.13,350.26
6531.71,1185.02,121.1,653.41,354.33,56.11,0.07,27.79,261.21,239.03,22.18,285.31,157.45,21.66,52.29,53.92,1352.54,205.77,31.67,174.09,633.88,149.94,483.93,227.8,2.42,16.21,209.17,58.39,3.08,52.87,2.44,310.02,268.56,41.46,221.41,1193.81,79.88,1113.92,156.97,0.73,411.07,5638.23,1024.96,31.11,665.2,281.48,47.06,0.11,8.35,295.85,285.51,10.34,212.44,116.11,15.83,37.17,43.32,1180.29,176.81,24.81,152.0,446.84,116.0,330.83,200.03,0.25,8.93,190.85,7.95,4.09,0.0,3.86,335.44,305.95,29.49,136.18,1151.26,97.85,1053.42,110.28,0.19,351.37
6252.03,1246.38,159.04,682.67,344.8,59.81,0.04,26.06,296.57,268.07,28.5,346.67,224.52,25.55,45.23,51.37,1277.79,181.81,28.6,153.22,560.7,135.18,425.52,212.31,2.4,15.86,194.05,63.53,3.13,58.17,2.24,348.24,304.02,44.22,165.36,974.44,46.27,928.17,152.04,0.87,399.24,5268.17,1063.53,52.27,684.64,277.15,49.4,0.06,8.21,318.05,303.16,14.89,271.42,181.46,18.54,32.27,39.14,1104.02,143.36,22.89,120.47,392.52,100.56,291.96,185.37,0.13,9.73,175.5,5.93,3.02,0.0,2.92,344.71,315.21,29.51,108.31,883.5,52.58,830.92,98.12,0.13,340.99
6769.9,1191.85,180.56,609.6,320.7,61.4,19.58,48.61,240.17,219.49,20.68,441.89,296.52,33.29,48.26,63.81,1309.08,218.17,35.53,182.64,649.82,154.43,495.39,246.27,13.68,17.41,215.19,63.59,4.51,51.65,7.42,422.78,383.79,38.98,159.31,1127.33,53.69,1073.64,179.02,13.89,458.12,7569.72,1290.79,134.63,753.81,328.12,73.31,0.92,435.21,255.5,241.39,14.11,401.09,260.9,29.33,45.44,65.41,1297.97,191.43,34.67,156.76,641.71,149.35,492.36,367.47,127.33,12.58,227.56,33.93,5.45,1.7,26.78,547.33,507.3,40.02,154.0,1283.92,67.05,1216.87,187.76,11.06,470.55
6300.98,1089.94,184.18,564.33,288.6,52.74,0.07,22.87,230.19,212.04,18.15,427.7,303.79,26.98,40.93,56.0,1276.28,240.58,28.95,211.63,583.6,138.56,445.04,233.57,4.17,12.09,217.31,52.44,2.91,46.64,2.89,404.36,365.81,38.55,153.43,1023.8,47.8,976.0,150.61,0.83,410.78,5137.32,861.57,60.18,543.08,215.51,42.75,0.05,7.9,207.38,200.31,7.07,317.45,222.96,19.8,29.7,44.98,1090.23,163.17,21.61,141.56,423.8,111.38,312.42,196.55,0.26,7.17,189.12,5.89,3.02,0.0,2.86,393.98,369.31,24.67,113.83,915.34,54.6,860.75,100.44,0.1,339.68
6714.87,1243.36,231.66,645.64,301.92,60.57,3.56,131.7,212.57,195.85,16.72,431.68,301.02,30.25,41.84,58.57,1203.3,189.01,27.29,161.72,611.03,149.27,461.76,289.51,39.93,11.32,238.26,76.66,6.3,62.82,7.55,397.1,345.48,51.63,161.39,1122.95,64.34,1058.61,191.08,26.8,426.73,5416.8,1011.24,110.86,622.15,228.79,47.75,1.69,64.75,208.16,200.23,7.92,319.82,221.48,20.78,31.32,46.23,1063.96,167.95,19.64,148.31,446.53,117.06,329.47,222.9,15.11,7.92,199.86,14.06,3.44,2.19,8.43,339.09,305.39,33.7,120.59,932.7,51.44,881.26,126.01,20.84,358.21
6080.14,1065.89,145.36,564.81,305.82,49.82,0.08,34.98,221.91,204.3,17.61,317.65,198.37,20.5,45.7,53.09,1080.81,164.68,27.4,137.28,680.52,156.28,524.24,213.68,8.0,13.67,192.01,83.77,2.94,78.28,2.54,337.62,291.54,46.08,168.87,1117.64,89.33,1028.31,189.65,0.88,401.58,4878.86,863.72,49.59,544.15,230.25,39.55,0.18,8.21,225.58,218.62,6.96,240.6,150.58,14.45,33.57,42.0,953.26,127.56,19.36,108.2,489.65,121.71,367.93,180.72,0.2,6.81,173.71,10.05,2.51,0.01,7.53,269.29,239.2,30.08,123.19,947.49,57.09,890.4,110.6,0.08,328.85
5727.49,1183.78,145.89,658.79,325.67,53.36,0.06,23.64,300.8,272.31,28.49,300.14,186.6,18.63,42.4,52.5,985.51,162.16,28.07,134.09,575.11,134.97,440.15,190.88,15.41,10.85,164.62,50.08,2.44,45.43,2.21,287.55,250.03,37.52,194.37,951.89,61.37,890.52,149.84,0.74,370.99,4754.57,981.13,45.46,638.1,254.22,43.31,0.03,8.77,338.97,322.91,16.06,227.03,137.02,13.57,32.41,44.04,883.14,126.08,18.13,107.96,427.0,107.51,319.49,157.94,0.23,6.25,151.45,9.12,2.37,0.0,6.75,253.28,228.73,24.55,118.84,812.33,47.75,764.58,100.21,0.15,310.6
6277.41,1127.66,166.58,595.98,303.73,61.28,0.09,20.54,213.3,194.24,19.06,395.88,254.31,27.44,54.48,59.65,1168.59,206.7,35.51,171.19,640.53,150.98,489.55,241.34,15.96,19.33,206.05,78.5,3.26,72.93,2.31,394.84,316.8,78.04,174.09,1038.36,42.16,996.2,172.57,1.08,403.41,5210.78,923.86,59.48,578.91,234.74,50.67,0.05,10.01,215.01,205.91,9.11,304.1,193.41,19.85,41.32,49.52,1010.47,155.19,24.97,130.22,472.48,120.72,351.76,191.44,0.24,8.91,182.29,8.68,3.19,0.0,5.49,376.41,317.65,58.76,120.1,960.84,54.23,906.61,116.87,0.1,345.23
6026.59,1118.45,159.3,566.26,324.77,67.96,0.16,24.77,225.51,207.18,18.33,381.11,244.46,26.12,54.04,56.49,1068.23,166.13,29.0,137.13,646.56,152.63,493.93,230.17,11.63,18.55,199.98,61.13,3.38,55.32,2.43,364.8,322.01,42.78,150.59,1034.53,43.76,990.76,164.21,1.08,389.33,5084.08,924.57,55.01,562.11,250.11,57.3,0.05,8.85,230.09,221.41,8.68,295.23,189.23,20.47,40.2,45.32,933.32,129.37,21.29,108.08,466.07,119.53,346.54,193.02,0.25,9.91,182.87,10.89,3.45,0.0,7.43,354.19,323.58,30.61,110.5,972.11,57.75,914.35,112.31,0.1,343.45
6757.48,1293.72,169.23,668.29,377.33,78.7,0.17,23.75,267.48,245.96,21.52,442.48,286.12,31.42,61.9,63.05,1163.78,191.0,30.55,160.45,652.07,148.93,503.15,272.04,27.12,20.48,224.44,56.31,3.26,50.51,2.54,416.94,373.73,43.21,156.19,1226.51,55.36,1171.15,176.77,0.91,417.51,5793.05,1103.66,65.9,681.61,289.21,66.74,0.19,8.88,283.18,271.59,11.59,342.05,220.72,22.89,47.08,51.37,1011.77,156.51,23.72,132.79,456.56,113.65,342.91,207.41,0.31,12.39,194.71,16.37,4.76,0.0,11.61,417.36,389.44,27.92,112.68,1175.19,71.93,1103.26,132.88,0.14,368.43
5997.0,1221.98,138.08,617.84,385.75,80.14,0.17,24.12,225.99,205.61,20.38,336.35,198.37,27.39,50.95,59.64,1054.23,195.75,30.62,165.13,588.87,121.12,467.75,262.5,29.78,19.57,213.14,52.63,2.67,47.97,1.99,321.82,284.22,37.6,155.62,1001.32,37.08,964.24,174.8,0.85,380.19,5133.55,1044.19,42.73,639.59,293.25,68.39,0.22,9.28,231.8,221.87,9.93,264.29,158.74,20.01,38.3,47.24,923.29,167.86,26.73,141.13,424.68,103.96,320.72,197.74,0.28,11.6,185.85,7.53,2.48,0.0,5.05,332.03,306.12,25.91,114.54,958.29,51.96,906.33,110.82,0.29,346.92
6566.82,1265.72,140.72,658.23,381.21,85.32,0.25,38.55,230.65,211.63,19.02,338.23,196.14,27.19,54.88,60.02,1115.59,257.73,33.25,224.47,677.74,147.79,529.95,305.79,46.13,21.96,237.7,102.05,2.67,96.94,2.44,335.6,288.41,47.18,166.61,1138.18,51.98,1086.2,200.86,1.05,392.47,5518.27,1086.81,41.06,671.93,300.64,73.0,0.18,10.32,235.61,225.99,9.62,262.01,152.5,19.96,41.08,48.48,953.25,216.72,27.25,189.47,483.96,119.92,364.04,219.52,0.33,11.76,207.44,11.18,3.82,0.04,7.33,341.78,309.37,32.41,120.97,1090.53,65.43,1025.09,120.51,0.43,364.69
6771.77,1337.08,126.94,704.12,413.53,92.07,0.43,32.92,263.26,244.3,18.96,294.19,158.95,23.31,57.57,54.35,1166.37,231.41,35.24,196.17,671.93,150.71,521.22,270.63,29.73,17.69,223.22,86.61,2.73,80.99,2.89,320.93,276.84,44.09,237.85,1297.11,79.28,1217.83,173.95,0.97,386.55,5914.25,1159.87,38.48,702.82,337.14,80.96,0.47,9.69,291.47,282.41,9.06,225.39,122.04,16.98,42.51,43.86,1024.94,201.3,26.73,174.57,480.5,120.85,359.65,203.1,0.25,10.17,192.68,21.68,5.56,0.01,16.11,355.19,325.2,29.99,137.58,1318.91,104.39,1214.52,130.34,0.3,353.98
6510.36,1378.87,143.35,736.66,407.52,91.06,0.28,28.27,354.9,318.73,36.17,351.24,219.29,26.54,47.3,58.1,1089.47,173.64,33.73,139.91,645.06,144.01,501.05,289.99,53.32,18.09,218.57,71.7,2.9,66.39,2.41,347.36,298.51,48.85,166.24,1050.33,43.38,1006.96,174.32,0.98,387.98,5492.68,1177.01,50.25,716.36,332.88,77.23,0.29,9.74,397.87,376.41,21.46,270.3,170.05,19.15,35.46,45.65,938.76,148.73,26.39,122.33,451.88,110.65,341.23,189.34,0.3,10.34,178.69,11.68,3.74,0.02,7.92,333.31,298.79,34.52,112.23,984.63,54.19,930.44,112.0,0.38,354.84
6551.09,1198.31,200.37,581.84,325.41,90.36,0.33,29.48,238.25,216.88,21.37,413.31,274.19,30.2,49.81,59.12,1107.35,196.28,39.09,157.18,696.02,153.12,542.9,311.92,62.15,19.44,230.32,91.45,3.74,83.95,3.76,410.55,370.43,40.13,169.38,1113.78,53.81,1059.97,187.34,0.7,386.97,5389.31,960.91,63.36,552.46,267.29,77.13,0.67,9.25,231.98,220.71,11.27,317.65,210.01,21.86,36.95,48.83,933.57,155.4,27.39,128.01,493.52,118.07,375.45,208.62,0.2,11.15,197.27,13.76,4.19,0.0,9.57,402.14,375.18,26.95,122.31,1060.07,67.08,992.99,125.23,0.14,354.75
6439.51,1222.58,198.3,611.72,326.29,85.96,0.31,24.28,239.76,220.19,19.57,425.01,296.56,28.5,46.06,53.89,1090.57,224.5,34.33,190.17,640.96,141.99,498.97,277.28,40.17,16.67,220.44,75.14,2.86,69.23,3.05,396.47,358.99,37.48,157.12,1111.43,48.47,1062.97,177.54,0.68,376.19,5255.46,952.86,66.39,560.56,253.6,71.72,0.59,8.62,220.02,211.14,8.88,326.62,229.91,19.96,32.99,43.76,907.55,156.81,24.11,132.7,465.5,113.65,351.85,195.34,0.23,7.83,187.27,11.19,3.76,0.0,7.44,379.8,354.1,25.7,117.92,1023.88,61.0,962.88,155.43,0.16,333.77
6739.73,1237.8,193.85,626.62,329.9,87.12,0.3,38.71,240.75,221.69,19.06,413.0,275.76,28.16,48.12,60.95,1120.98,189.01,32.96,156.06,729.19,158.56,570.63,280.61,18.54,17.49,244.58,106.78,3.14,100.81,2.83,385.06,333.45,51.61,173.66,1224.19,65.71,1158.48,199.71,1.02,399.28,5481.8,986.87,66.69,583.18,265.0,71.7,0.3,9.94,238.7,229.15,9.55,314.7,210.64,20.07,34.98,49.02,957.25,171.96,21.69,150.27,513.77,127.52,386.25,211.86,0.15,7.52,204.2,8.76,2.87,0.0,5.89,342.61,307.89,34.72,127.48,1063.87,58.52,1005.35,175.39,0.14,358.48
6315.98,1186.31,141.62,610.22,353.1,81.15,0.23,41.38,250.51,227.95,22.56,315.97,191.74,20.76,48.26,55.2,1036.96,154.53,29.66,124.88,740.92,158.39,582.53,251.37,17.98,13.12,220.27,93.37,2.97,87.38,3.02,319.05,272.91,46.14,179.04,1161.12,87.85,1073.27,214.93,1.04,369.47,5075.27,937.29,48.51,555.91,269.12,62.78,0.97,8.87,260.29,249.6,10.69,246.72,150.87,14.28,35.56,46.0,882.32,129.54,20.06,109.48,534.3,124.52,409.78,195.56,0.25,7.13,188.18,10.77,3.64,0.0,7.13,253.99,222.81,31.19,130.32,991.42,59.14,932.28,173.68,0.13,320.07
6151.27,1291.28,160.55,688.24,360.94,81.22,0.34,32.75,298.9,267.66,31.23,301.46,182.05,20.3,48.0,51.11,976.89,173.09,33.75,139.34,674.25,149.08,525.17,252.23,43.57,14.91,193.75,74.03,2.83,68.91,2.3,295.37,254.33,41.04,220.32,1033.39,60.64,972.75,179.64,0.91,346.77,4946.6,1031.16,48.89,637.31,280.84,63.74,0.37,8.75,317.64,301.83,15.81,227.35,137.19,13.67,34.71,41.79,833.2,142.76,23.47,119.28,480.19,115.16,365.03,162.37,0.18,6.97,155.22,9.81,2.93,0.0,6.88,243.22,216.52,26.71,130.17,877.38,46.75,830.64,180.88,0.14,301.56
6529.53,1197.38,153.51,609.63,344.53,89.4,0.31,36.93,234.03,212.64,21.39,379.41,235.28,26.36,57.28,60.48,1056.5,198.05,37.81,160.24,744.92,169.36,575.57,320.95,64.31,21.78,234.86,87.85,2.95,82.5,2.4,387.17,306.06,81.11,189.12,1093.39,42.17,1051.23,208.18,1.33,394.31,5300.72,952.07,55.78,561.25,263.42,71.25,0.37,10.25,223.51,212.82,10.69,285.21,178.63,18.12,39.96,48.5,895.93,159.67,25.86,133.81,533.93,130.96,402.97,200.99,0.21,11.5,189.28,10.77,3.72,0.25,6.8,344.32,284.55,59.77,130.72,1008.16,54.63,953.53,200.21,0.29,344.68
6344.12,1198.24,160.74,592.06,354.49,90.61,0.34,29.18,247.52,225.86,21.66,384.93,241.63,26.56,58.42,58.32,1017.8,171.67,33.8,137.87,705.64,156.32,549.32,266.41,26.72,20.98,218.71,73.22,3.15,67.55,2.52,374.74,329.76,44.98,162.1,1116.57,42.41,1074.16,196.74,1.32,398.05,5238.96,965.36,51.96,565.79,275.07,72.1,0.44,9.08,241.56,231.89,9.67,294.17,187.0,19.13,40.44,47.59,852.89,140.68,25.75,114.93,497.24,120.17,377.07,199.6,0.14,11.12,188.34,12.75,3.76,0.01,8.98,343.98,313.94,30.04,116.86,1034.06,59.02,975.03,181.18,0.18,349.37
6947.78,1376.01,181.36,686.59,404.02,103.64,0.4,32.36,271.89,246.49,25.4,428.88,272.11,32.75,62.42,61.61,1104.9,212.02,40.91,171.11,696.79,155.94,540.85,273.89,19.22,20.26,234.41,77.3,2.65,71.82,2.83,415.55,373.09,42.46,162.09,1290.3,49.47,1240.83,208.36,1.18,396.28,5849.81,1142.36,64.43,679.07,316.53,81.93,0.41,11.12,283.05,269.05,14.0,326.21,211.25,21.92,43.69,49.35,925.64,164.72,30.94,133.78,488.58,119.33,369.25,207.99,0.38,13.48,194.13,17.19,5.08,0.4,11.7,397.97,368.96,29.01,117.96,1205.02,67.5,1137.52,204.39,0.12,357.51
6571.36,1262.86,135.18,627.44,396.21,103.74,0.29,32.56,243.47,221.53,21.94,373.14,231.25,30.16,54.03,57.69,1103.95,209.89,39.81,170.08,701.11,159.54,541.58,267.71,14.94,21.46,231.31,91.88,3.01,86.12,2.74,347.32,307.76,39.56,168.64,1176.5,46.23,1130.27,203.75,1.11,387.47,5470.51,1065.8,47.04,624.66,311.99,81.8,0.32,9.34,245.73,235.09,10.64,285.5,179.11,20.83,38.98,46.59,910.2,171.51,28.4,143.11,489.9,119.58,370.31,211.61,0.29,11.8,199.53,13.57,4.29,0.27,9.01,329.06,302.99,26.07,121.74,1087.45,61.22,1026.23,181.81,0.07,347.23
6889.02,1306.22,139.55,649.48,411.71,105.16,0.32,40.26,233.15,214.91,18.24,341.42,197.71,29.4,55.2,59.12,1129.05,305.45,39.87,265.57,757.47,167.47,590.0,304.57,22.0,24.27,258.3,111.03,2.98,105.53,2.52,334.04,285.68,48.36,176.79,1233.82,48.59,1185.22,219.1,1.22,395.43,5714.44,1111.43,38.56,659.47,327.42,85.46,0.51,10.75,238.68,229.0,9.68,261.94,154.27,19.84,40.82,47.01,920.03,257.68,31.26,226.42,521.86,124.76,397.1,226.19,0.23,10.61,215.35,12.27,3.67,0.3,8.3,328.45,296.21,32.24,127.83,1151.88,64.21,1087.67,187.93,0.07,357.47
7032.09,1415.46,134.92,711.15,448.04,121.03,0.31,32.89,259.71,241.93,17.79,294.51,155.47,24.86,57.98,56.21,1159.97,255.47,39.64,215.82,747.81,168.43,579.38,251.25,0.77,23.28,227.2,90.55,3.28,84.78,2.5,315.71,271.92,43.79,248.39,1381.53,79.03,1302.51,194.26,1.05,383.51,6126.08,1216.64,34.87,720.75,359.91,100.38,0.73,11.92,289.13,279.14,9.99,211.83,112.55,16.74,40.33,42.21,992.66,222.21,29.98,192.22,522.64,127.38,395.26,220.09,0.53,12.52,207.05,21.75,5.76,0.41,15.57,337.88,307.95,29.94,142.39,1360.79,104.07,1256.72,228.9,0.09,347.16
6598.89,1400.65,149.73,702.8,434.92,112.95,0.25,27.53,333.02,295.26,37.76,335.89,201.51,26.62,49.29,58.46,1082.53,181.94,39.35,142.59,698.91,151.15,547.76,244.94,1.12,26.87,216.95,74.27,2.92,68.88,2.47,321.17,276.86,44.31,186.01,1128.75,44.99,1083.76,193.26,1.07,388.97,5610.78,1189.08,47.44,692.13,355.9,93.08,0.53,11.15,355.48,333.49,21.99,247.05,147.81,18.34,35.14,45.76,917.17,153.98,29.19,124.79,484.13,118.62,365.51,202.02,0.63,10.81,190.59,12.58,4.1,0.33,8.14,309.87,278.35,31.52,123.45,1031.98,57.07,974.91,219.63,0.14,353.07
6808.63,1339.36,193.81,622.87,408.45,113.95,0.29,26.34,275.53,252.65,22.88,392.96,253.23,28.24,52.29,59.2,1114.81,184.12,39.89,144.23,741.67,155.42,586.25,249.03,0.59,26.41,222.04,82.46,3.24,76.27,2.95,401.91,361.29,40.62,171.98,1222.41,51.29,1171.12,202.93,1.24,401.88,5633.35,1083.12,57.48,603.45,328.07,93.5,0.63,9.26,279.71,267.74,11.97,288.26,185.91,19.14,36.5,46.7,930.21,148.83,30.34,118.49,505.92,120.23,385.69,210.01,0.22,12.02,197.76,13.64,4.63,0.2,8.81,380.51,352.95,27.56,123.34,1107.35,63.12,1044.23,196.04,0.22,356.94
6726.35,1246.51,184.41,578.45,376.11,107.18,0.35,24.75,257.61,239.63,17.98,423.95,288.68,26.77,48.29,60.22,1177.6,201.41,35.41,166.0,743.86,159.2,584.65,258.41,0.53,21.25,236.63,77.12,3.27,70.58,3.28,401.12,362.61,38.51,174.11,1159.18,46.82,1112.36,189.9,1.17,389.66,5522.27,991.86,60.66,556.77,287.91,85.98,0.53,8.18,235.14,226.0,9.14,320.33,223.46,17.86,32.96,46.04,987.53,144.03,24.07,119.96,511.65,121.85,389.81,218.08,0.33,10.09,207.66,11.56,3.71,0.19,7.66,375.84,349.25,26.59,131.98,1043.02,59.89,983.13,198.39,0.29,344.4
6995.11,1274.08,182.56,608.18,377.64,105.37,0.32,37.55,255.87,238.99,16.88,396.82,256.8,26.61,51.0,62.41,1209.67,172.5,36.96,135.53,820.82,172.87,647.95,281.34,0.57,21.5,259.26,109.92,2.95,104.22,2.75,371.15,318.77,52.38,176.57,1266.6,57.81,1208.79,208.93,1.32,411.99,5708.4,1061.39,88.6,586.6,301.39,84.41,0.38,8.97,255.42,246.3,9.12,288.06,187.38,17.81,35.6,47.27,1042.01,150.52,22.98,127.54,573.76,132.73,441.03,229.86,0.33,9.33,220.19,9.71,3.57,0.28,5.87,313.83,278.58,35.25,133.14,1072.18,56.67,1015.52,196.49,0.54,372.52
7012.75,1431.39,162.39,722.76,441.3,104.59,0.36,47.63,353.75,325.36,28.39,333.62,203.82,21.52,50.46,57.81,1192.36,161.05,33.39,127.66,758.79,163.24,595.54,232.43,0.61,19.59,212.23,148.19,2.85,142.85,2.5,322.49,276.39,46.1,168.18,1256.51,88.12,1168.39,214.64,1.24,390.48,5808.68,1266.13,91.84,738.73,352.68,82.16,0.73,11.86,370.59,353.43,17.17,269.73,176.92,13.83,36.11,42.86,1038.11,133.65,23.05,110.6,538.78,123.05,415.73,194.13,0.13,7.82,186.18,10.94,3.32,0.51,7.11,246.49,215.78,30.71,123.28,1035.32,58.0,977.32,217.64,0.3,351.73
6155.59,1068.68,137.06,508.21,329.11,93.99,0.31,43.28,201.36,185.97,15.4,298.31,167.45,19.82,53.59,57.46,1096.5,172.96,36.87,136.09,762.91,155.44,607.47,208.34,0.51,19.3,188.53,122.87,2.89,117.66,2.33,290.14,247.02,43.13,235.78,1108.18,62.54,1045.63,198.81,0.99,346.47,5012.05,933.37,68.15,519.45,271.09,73.94,0.75,11.28,198.79,190.08,8.71,237.4,143.47,12.1,38.15,43.67,951.48,141.69,23.81,117.89,520.05,112.16,407.89,179.88,0.17,9.34,170.37,10.18,3.37,0.65,6.16,225.83,198.14,27.69,131.77,935.33,50.28,885.04,217.73,0.26,317.0
6978.12,1276.08,152.63,615.0,399.13,108.94,0.38,42.94,251.64,233.27,18.37,380.05,224.49,26.28,61.95,67.32,1263.66,190.46,36.46,154.0,804.35,166.31,638.04,248.91,0.7,25.64,222.57,115.51,3.26,110.01,2.24,379.58,298.77,80.8,196.44,1193.86,39.68,1154.18,223.69,1.5,409.48,5964.47,1129.84,79.26,637.54,323.25,89.51,0.29,14.09,251.82,241.37,10.45,307.62,194.92,17.31,44.69,50.71,1099.57,161.81,27.82,133.99,566.47,125.18,441.29,213.49,0.21,12.56,200.72,13.06,4.28,0.4,8.39,343.78,285.35,58.43,135.15,1103.96,58.24,1045.72,241.58,0.38,381.86
6907.7,1261.86,150.53,595.1,405.72,110.23,0.28,40.23,267.43,248.13,19.3,386.62,231.33,26.69,64.78,63.82,1203.38,194.76,34.02,160.74,803.87,162.19,641.68,253.5,0.78,26.7,226.01,117.38,3.51,111.68,2.19,371.5,326.3,45.21,167.0,1218.18,43.75,1174.43,218.02,1.34,402.62,5945.25,1123.81,73.16,623.91,335.19,91.13,0.43,13.23,276.32,264.36,11.96,319.69,207.54,18.17,44.48,49.5,1036.97,155.38,26.02,129.37,563.24,128.42,434.82,214.79,0.16,13.72,200.91,16.42,4.68,0.26,11.48,359.42,328.09,31.34,124.3,1147.92,63.19,1084.73,220.28,0.27,373.22
7513.3,1458.79,175.26,699.24,453.85,130.15,0.3,45.73,300.08,278.29,21.79,411.47,247.82,30.53,68.41,64.71,1232.69,242.24,37.29,204.95,806.97,166.06,640.91,257.51,0.96,29.76,226.79,122.12,3.65,116.33,2.14,414.33,371.96,42.37,171.19,1411.48,55.92,1355.56,224.5,1.15,413.06,6611.08,1311.74,87.38,733.2,381.32,109.33,0.51,14.07,325.87,311.34,14.54,342.38,223.06,19.94,48.35,51.04,1080.59,194.23,26.89,167.33,556.73,127.26,429.47,215.75,0.24,12.98,202.53,22.71,6.28,0.25,16.18,412.93,383.46,29.46,125.04,1370.19,81.81,1288.37,245.53,0.25,393.08
6903.55,1326.33,129.78,625.24,443.61,127.39,0.3,41.87,257.55,239.92,17.63,347.92,197.45,28.67,60.75,61.05,1143.25,217.44,34.7,182.74,804.29,169.21,635.08,258.08,0.62,27.68,229.78,129.19,3.0,124.18,2.01,343.49,303.58,39.92,177.8,1227.06,42.57,1184.48,216.38,1.48,411.42,5861.83,1191.21,59.9,663.71,362.34,104.93,0.33,12.74,262.65,252.37,10.28,276.52,166.38,17.71,44.54,47.89,964.36,178.96,23.92,155.05,543.42,125.98,417.44,217.82,0.3,13.74,203.78,13.17,4.33,0.28,8.56,336.69,310.18,26.51,129.53,1141.65,63.21,1078.44,213.24,0.67,379.19
7337.96,1455.6,145.89,706.07,469.54,133.74,0.36,58.55,255.56,237.83,17.73,341.55,196.51,27.38,59.54,58.12,1157.47,331.4,37.66,293.74,798.35,173.66,624.7,260.14,0.55,28.09,231.5,146.53,3.66,141.04,1.84,324.82,280.4,44.42,179.26,1364.36,53.21,1311.15,237.26,1.35,425.75,6340.02,1305.63,60.84,739.09,391.41,113.99,0.31,15.45,273.02,263.59,9.42,278.39,168.91,18.34,44.88,46.26,978.1,287.71,27.41,260.31,577.22,132.12,445.1,225.92,0.21,12.46,213.25,14.37,4.81,0.34,9.22,336.21,305.13,31.08,133.3,1293.62,71.2,1222.42,236.74,0.46,383.89
7408.3,1443.01,121.01,688.11,489.43,144.07,0.39,41.48,291.38,274.3,17.08,287.34,146.52,23.31,60.93,56.58,1209.25,238.97,35.93,203.03,833.87,180.99,652.88,261.02,0.63,24.23,236.16,107.75,3.44,102.26,2.05,318.69,272.84,45.86,251.51,1478.67,79.45,1399.22,219.04,1.32,425.02,6577.66,1322.03,49.19,733.81,412.75,125.68,0.6,15.99,326.5,316.44,10.06,229.71,124.57,15.23,46.37,43.54,1041.69,192.55,25.47,167.08,600.99,139.18,461.81,222.08,0.29,14.45,207.34,23.92,6.27,0.41,17.24,344.97,313.25,31.72,139.92,1465.31,105.38,1359.93,272.3,0.31,379.37
7241.14,1430.04,159.9,663.51,465.1,141.2,0.33,31.89,357.5,324.86,32.63,354.49,209.73,27.51,54.65,62.6,1220.46,189.43,34.98,154.45,824.34,175.31,649.03,263.41,1.31,27.43,234.67,102.8,5.02,95.51,2.27,339.02,290.4,48.62,192.42,1260.28,44.53,1215.75,225.98,1.48,447.61,6184.69,1255.97,66.82,695.2,377.84,115.85,0.27,21.95,382.31,363.6,18.71,279.17,173.7,17.16,39.07,49.24,1018.35,156.38,29.26,127.12,577.84,127.7,450.13,219.68,0.31,12.05,207.32,12.07,4.41,0.38,7.28,318.74,287.42,31.32,135.51,1148.8,59.45,1089.36,254.19,0.31,403.41
7398.36,1512.6,176.26,706.83,480.12,149.12,0.27,32.83,353.32,330.0,23.31,384.16,247.85,27.91,54.22,54.18,1257.09,204.69,35.75,168.94,731.9,151.75,580.14,228.58,0.73,18.7,209.14,100.91,4.05,94.02,2.85,401.79,364.61,37.18,166.66,1404.62,62.85,1341.77,209.68,1.01,408.55,6587.64,1393.87,85.02,761.98,417.15,129.0,0.71,14.16,375.43,363.04,12.39,307.99,209.0,17.93,38.6,42.46,1087.23,162.98,26.47,136.51,515.24,115.79,399.45,191.19,0.15,10.72,180.32,22.41,6.09,0.39,15.93,399.28,374.72,24.56,121.52,1322.42,82.35,1240.07,299.93,0.31,373.7
7292.65,1330.79,196.43,591.38,409.38,133.28,0.31,28.6,283.72,265.54,18.18,430.06,293.9,27.88,49.86,58.41,1313.77,226.39,34.61,191.77,803.68,170.85,632.83,270.53,0.65,23.64,246.23,113.73,3.3,107.52,2.91,413.14,373.8,39.34,176.13,1269.32,49.42,1219.9,211.08,1.6,420.12,6187.25,1143.33,92.06,612.22,327.01,111.65,0.39,14.69,266.91,257.93,8.98,346.76,248.24,17.79,36.23,44.5,1129.05,163.6,25.33,138.27,575.88,129.72,446.16,226.22,0.3,10.62,215.31,13.13,4.35,0.38,8.4,381.72,356.4,25.32,133.58,1148.38,64.66,1083.71,272.28,0.43,371.31
7545.99,1359.45,190.13,613.47,421.69,133.88,0.28,44.91,285.63,268.87,16.75,393.58,252.28,28.96,52.12,60.22,1335.01,200.33,36.57,163.76,858.63,178.61,680.02,277.28,0.63,19.5,257.16,166.68,4.52,159.92,2.24,365.69,312.5,53.19,186.47,1413.06,67.9,1345.16,226.23,1.61,431.44,6342.22,1190.76,88.31,648.03,346.14,107.7,0.57,15.28,290.38,280.99,9.38,319.95,216.77,17.95,39.14,46.1,1187.52,172.43,25.92,146.5,628.73,141.81,486.92,226.42,0.25,8.81,217.36,10.66,3.65,0.56,6.45,307.18,272.55,34.63,141.48,1196.12,61.48,1134.63,268.34,0.45,386.53
7169.07,1341.31,145.94,613.31,447.46,134.24,0.36,55.6,266.3,249.93,16.38,301.5,174.94,20.55,54.31,51.7,1232.1,220.88,44.84,176.05,875.72,180.61,695.11,220.17,0.67,17.2,202.3,177.34,3.09,172.29,1.95,306.43,263.8,42.63,190.89,1351.19,90.36,1260.83,248.87,1.69,379.06,6016.84,1170.14,61.29,641.86,357.63,108.22,1.14,14.82,271.66,262.31,9.35,243.57,150.99,13.79,38.97,39.82,1105.93,156.12,25.47,130.65,644.24,139.54,504.7,189.39,0.24,9.67,179.48,11.2,3.35,0.44,7.42,234.2,205.21,28.99,144.86,1155.15,59.63,1095.53,332.44,0.53,342.59
6803.12,1387.83,146.8,659.13,458.24,123.4,0.25,41.31,355.62,323.39,32.24,277.69,158.0,18.86,50.67,50.16,1194.74,205.96,43.44,162.52,769.6,156.96,612.64,208.96,0.46,22.09,186.42,115.59,3.11,111.23,1.24,272.42,231.98,40.44,222.26,1161.32,63.54,1097.78,207.38,1.15,381.28,5816.58,1228.09,60.18,699.06,366.84,101.2,0.8,11.95,386.74,367.54,19.2,226.32,137.9,12.4,36.18,39.84,1070.68,147.55,23.68,123.87,556.99,120.4,436.59,177.38,0.21,9.26,167.91,9.96,3.19,0.38,6.39,222.99,196.98,26.0,137.64,989.4,49.9,939.5,313.25,0.42,337.23
7332.66,1331.32,153.55,604.94,432.89,139.58,0.36,45.87,262.33,244.12,18.21,369.53,219.97,27.28,63.04,59.24,1283.36,240.79,49.36,191.43,851.8,172.9,678.9,263.95,0.65,33.06,230.24,122.4,4.92,115.77,1.71,375.04,297.82,77.22,214.63,1292.9,42.48,1250.42,239.92,2.06,436.75,6341.05,1174.19,74.05,637.59,345.26,116.55,0.75,14.57,264.55,254.33,10.21,293.77,185.53,17.83,46.26,44.15,1164.78,171.29,28.45,142.83,629.93,131.95,497.98,212.57,0.25,10.74,201.58,11.29,4.06,0.39,6.84,338.2,281.26,56.94,146.88,1199.85,60.24,1139.61,327.44,0.65,391.08
7295.1,1400.0,180.48,620.44,453.76,145.08,0.25,40.84,278.25,261.46,16.78,366.5,220.14,26.51,63.43,56.42,1247.66,226.08,45.61,180.47,800.89,164.11,636.78,249.1,0.63,25.96,222.51,113.85,3.79,108.31,1.76,360.35,316.36,43.99,172.14,1360.98,42.92,1318.06,232.86,1.92,443.68,6426.29,1227.49,74.93,664.4,367.19,120.5,0.48,13.21,296.59,287.01,9.58,295.9,187.5,18.19,47.3,42.92,1118.42,171.0,26.02,144.98,584.7,123.08,461.62,209.02,0.19,11.43,197.4,15.45,4.65,0.41,10.4,344.73,314.7,30.03,129.45,1291.68,67.77,1223.92,329.94,0.59,398.11
7870.88,1559.97,215.76,689.04,493.96,160.89,0.32,41.53,305.11,281.79,23.33,389.87,235.11,29.11,64.27,61.39,1312.3,246.08,38.86,207.22,833.19,176.05,657.14,263.29,0.46,25.34,237.49,120.59,4.23,114.42,1.94,389.98,346.64,43.34,183.64,1500.42,50.98,1449.44,242.67,1.82,480.42,6943.21,1355.63,76.56,738.78,404.71,134.69,0.89,15.48,336.85,321.84,15.01,315.83,202.21,20.2,46.47,46.95,1173.63,192.36,27.31,165.06,620.19,130.74,489.45,226.52,0.28,14.93,211.32,16.4,5.72,0.42,10.25,388.14,358.95,29.19,134.5,1432.41,72.85,1359.55,314.19,0.5,420.58
7399.99,1444.53,160.88,624.74,497.6,160.95,0.36,41.28,271.27,250.99,20.28,340.12,196.0,27.54,59.65,56.94,1285.62,229.41,36.07,193.34,810.59,170.95,639.64,274.25,0.66,31.48,242.11,132.75,4.33,126.53,1.89,340.88,301.28,39.59,186.34,1352.54,42.97,1309.58,227.37,1.84,461.21,6423.03,1289.76,58.12,689.35,405.37,136.32,0.6,15.84,286.29,276.52,9.77,272.8,167.42,18.83,43.26,43.3,1132.75,185.64,26.86,158.77,595.6,126.64,468.97,227.21,0.11,12.54,214.56,13.81,5.31,0.39,8.11,339.47,313.71,25.76,136.65,1266.77,62.0,1204.78,262.88,0.54,397.01
7870.55,1583.57,183.11,710.58,521.29,168.05,0.53,48.23,267.81,251.06,16.76,326.82,184.04,26.12,61.89,54.77,1336.37,325.62,37.73,287.89,840.52,179.91,660.61,277.5,0.74,22.82,253.94,164.33,3.6,159.17,1.57,320.98,277.78,43.2,186.39,1476.7,53.01,1423.69,246.4,1.86,467.44,6939.88,1405.96,62.62,764.42,432.18,145.92,0.82,17.39,289.34,280.39,8.94,268.88,164.59,17.98,45.33,40.98,1167.19,274.18,27.22,246.96,623.21,135.27,487.94,242.11,0.34,11.27,230.51,15.8,4.94,0.46,10.4,328.45,298.97,29.49,141.75,1426.91,75.92,1351.0,330.67,0.62,407.42
7837.58,1566.97,152.03,692.74,546.32,175.33,0.55,40.32,302.44,285.96,16.48,268.06,131.15,21.26,62.39,53.26,1360.27,220.9,35.12,185.78,870.69,187.91,682.79,273.17,0.52,22.75,249.9,130.1,3.95,124.19,1.95,295.34,251.63,43.71,269.31,1558.47,75.72,1482.76,222.88,1.58,457.07,7118.52,1421.19,47.43,759.44,458.03,155.33,0.96,15.73,333.97,325.05,8.92,225.41,123.15,15.91,45.26,41.1,1204.13,185.14,27.21,157.93,646.25,140.31,505.94,231.79,0.34,10.89,220.55,22.37,5.59,0.63,16.15,323.05,292.95,30.1,154.5,1577.01,107.77,1469.23,372.05,0.44,405.49
7848.08,1719.98,196.02,773.77,575.56,174.11,0.52,29.63,453.24,415.03,38.21,332.46,196.24,25.17,56.79,54.25,1364.69,189.39,39.08,150.31,770.04,168.02,602.01,255.3,0.44,23.27,231.59,94.6,5.49,87.21,1.9,344.99,298.32,46.67,190.38,1401.67,46.26,1355.41,222.53,1.51,477.67,7067.17,1557.33,68.81,852.97,485.57,149.25,0.75,12.34,501.4,478.15,23.25,272.01,172.14,17.73,40.24,41.9,1184.33,156.15,27.69,128.46,587.4,122.01,465.39,261.48,0.43,10.54,250.52,14.46,5.22,0.28,8.96,339.34,307.89,31.44,133.35,1296.32,64.45,1231.87,329.74,0.38,421.14
7734.66,1481.51,235.87,617.89,455.11,171.94,0.69,40.58,295.53,277.91,17.63,402.44,262.2,28.69,56.05,55.51,1393.52,206.84,40.14,166.7,821.99,172.53,649.46,261.38,0.68,20.33,240.36,108.67,5.86,100.0,2.81,402.27,364.66,37.6,181.79,1440.19,59.46,1380.73,233.73,1.48,462.75,6846.46,1280.52,84.76,658.93,387.92,148.1,0.82,15.84,294.44,285.43,9.0,326.5,224.32,19.17,41.66,41.34,1222.92,159.32,29.47,129.85,613.01,124.3,488.71,290.93,0.22,12.67,278.04,16.63,5.5,0.62,10.51,392.03,367.08,24.95,136.59,1342.93,73.67,1269.26,342.95,0.64,411.23
7671.77,1436.64,224.33,606.66,446.71,158.22,0.73,39.69,301.79,284.41,17.38,392.12,259.26,27.16,50.49,55.22,1400.69,239.3,34.92,204.38,841.72,175.86,665.86,276.4,0.41,19.9,256.1,107.11,3.76,100.56,2.79,381.72,342.75,38.97,182.33,1371.56,52.22,1319.35,224.53,1.91,474.23,6725.45,1228.35,85.4,638.23,366.56,137.08,1.08,16.24,299.59,289.9,9.69,327.52,231.17,17.81,36.95,41.59,1221.84,166.76,26.74,140.02,638.08,129.73,508.35,284.49,0.25,11.15,273.09,15.26,4.9,0.56,9.8,375.03,349.32,25.7,140.92,1295.72,69.73,1225.99,307.99,0.5,407.16
7845.42,1497.38,240.14,640.04,461.41,155.18,0.6,43.67,295.62,279.79,15.83,379.14,243.83,27.4,52.4,55.52,1322.44,220.06,35.16,184.9,896.68,178.2,718.48,284.23,0.43,18.35,265.45,139.9,4.26,133.79,1.84,352.29,303.31,48.98,186.12,1514.52,65.95,1448.57,236.24,1.6,475.54,6822.31,1306.34,89.81,687.09,394.34,133.99,1.12,15.24,315.4,306.09,9.31,314.81,215.81,18.46,39.18,41.37,1177.56,170.3,24.93,145.37,674.14,138.94,535.2,278.73,0.22,7.97,270.54,12.09,4.05,0.42,7.62,321.28,286.97,34.32,145.46,1350.1,68.4,1281.7,323.99,0.69,416.18
7581.54,1460.55,184.47,642.38,483.3,149.56,0.84,54.05,336.36,309.44,26.92,301.9,169.31,21.26,56.14,55.2,1207.83,228.3,41.47,186.83,937.41,191.63,745.78,243.57,0.61,18.35,224.61,155.54,5.16,148.01,2.37,302.07,256.04,46.03,199.97,1429.12,84.33,1344.79,274.41,2.4,448.07,6683.02,1273.68,63.0,680.77,397.37,130.73,1.81,21.76,372.91,355.12,17.79,256.86,155.7,15.45,42.18,43.54,1105.84,164.79,29.28,135.5,722.87,145.16,577.71,271.08,0.31,9.12,261.65,12.67,4.08,0.62,7.97,262.05,230.78,31.27,158.92,1300.03,67.41,1232.62,368.03,1.51,390.02
6811.65,1374.39,170.06,607.23,457.05,139.45,0.59,40.51,311.07,289.29,21.78,270.55,149.59,18.56,53.89,48.52,1080.23,218.2,45.11,173.09,777.82,158.52,619.3,203.32,0.6,19.61,183.12,116.35,3.95,110.87,1.53,282.36,243.17,39.19,237.88,1277.64,60.4,1217.25,214.54,1.32,405.47,6074.48,1243.06,59.6,673.45,385.57,122.73,1.72,13.74,348.54,332.55,15.99,227.41,137.42,13.73,40.24,36.03,984.12,148.24,24.93,123.32,600.75,117.66,483.08,229.57,0.21,8.73,220.64,12.51,3.67,0.49,8.35,251.79,225.05,26.74,146.78,1163.63,59.66,1103.97,353.12,0.43,350.79
7578.3,1443.47,197.92,618.24,468.22,158.32,0.76,40.77,273.87,257.29,16.58,346.61,199.32,26.47,63.08,57.73,1234.92,254.06,51.07,202.99,877.43,179.69,697.73,261.39,0.73,26.59,234.07,115.44,5.83,107.33,2.28,371.55,295.94,75.61,210.9,1409.68,47.07,1362.61,253.71,1.87,482.65,6906.39,1281.07,78.88,668.64,392.28,139.74,1.53,16.98,298.22,285.66,12.56,292.84,183.5,18.13,47.99,43.22,1123.69,206.99,34.11,172.88,697.47,136.65,560.82,280.85,0.18,11.8,268.87,13.6,4.6,0.63,8.37,366.57,310.9,55.67,153.45,1384.04,67.47,1316.57,363.49,0.86,426.28
7374.55,1437.64,185.86,614.52,471.62,164.74,0.9,40.48,280.19,264.11,16.08,332.02,190.75,25.64,60.69,54.95,1212.76,218.42,38.58,179.84,847.66,176.77,670.88,243.11,0.73,21.28,221.1,127.19,4.18,120.62,2.39,346.65,305.62,41.02,175.03,1397.74,49.03,1348.71,238.21,2.03,475.44,6799.68,1297.36,70.79,680.34,399.87,145.03,1.34,15.78,315.33,301.84,13.49,278.47,173.7,17.2,43.76,43.81,1120.34,177.35,33.25,144.1,669.66,130.62,539.04,262.72,0.28,13.07,249.38,13.95,4.57,0.48,8.91,357.2,326.0,31.2,136.65,1368.88,69.09,1299.78,367.08,0.66,418.24
8100.69,1574.98,201.61,677.02,513.04,182.59,0.71,41.15,309.13,288.0,21.14,370.83,215.07,30.41,65.37,59.99,1322.74,256.25,34.88,221.38,885.88,183.27,702.61,280.49,0.57,25.31,254.61,131.48,4.36,124.67,2.45,392.4,350.03,42.37,193.41,1550.13,54.83,1495.29,259.39,1.95,530.47,7429.67,1456.95,80.43,772.72,441.42,160.93,1.46,18.02,349.25,332.66,16.59,308.99,197.92,19.53,49.33,42.21,1202.74,209.85,33.62,176.23,693.95,135.79,558.16,287.54,0.22,14.85,272.48,15.86,6.25,0.46,9.16,405.7,375.23,30.47,143.69,1515.67,74.33,1441.34,356.65,0.47,464.33
7604.15,1479.45,170.82,619.43,511.22,177.31,0.67,42.02,283.46,264.94,18.52,321.36,176.91,27.99,59.88,56.58,1270.3,215.12,36.6,178.52,863.97,178.53,685.44,264.84,0.5,23.14,241.2,131.02,3.85,125.1,2.08,345.42,306.34,39.07,194.25,1443.58,49.69,1393.89,238.08,1.91,509.37,6873.1,1372.27,60.87,715.14,434.68,160.18,1.41,16.92,308.84,296.54,12.29,261.58,157.15,18.75,43.59,42.1,1113.84,181.25,30.39,150.86,673.7,132.03,541.68,268.88,0.25,14.98,253.65,14.11,5.28,0.46,8.36,361.71,335.63,26.08,144.44,1419.67,71.58,1348.09,299.84,0.6,435.45
7681.48,1528.5,170.28,655.55,517.19,184.73,0.75,39.02,274.32,253.5,20.82,301.72,163.71,26.6,59.59,51.82,1230.69,254.84,39.95,214.89,891.88,190.77,701.11,262.89,0.63,24.44,237.82,126.55,4.08,120.43,2.03,332.92,290.92,42.01,192.95,1487.01,53.88,1433.13,257.77,1.86,498.55,7065.4,1421.08,57.1,736.46,457.49,168.62,1.41,15.54,300.36,288.72,11.63,251.28,148.72,18.61,44.58,39.37,1079.76,203.46,30.94,172.53,704.93,140.17,564.77,276.75,0.18,15.27,261.3,13.37,4.41,0.51,8.44,348.93,318.97,29.96,150.12,1500.76,82.46,1418.3,366.56,0.56,431.93
8094.53,1558.98,144.93,668.23,553.0,192.25,0.57,35.06,328.45,305.28,23.17,267.98,130.64,22.43,63.72,51.2,1365.58,223.82,38.09,185.72,917.62,196.11,721.51,282.33,0.49,25.82,256.02,92.48,4.2,86.28,2.0,328.99,282.66,46.33,279.61,1646.07,78.2,1567.87,247.61,1.83,518.12,7658.48,1506.42,46.73,789.41,488.82,179.6,1.86,16.79,373.99,360.64,13.35,223.16,122.61,16.48,44.61,39.47,1189.8,195.5,30.85,164.65,724.59,145.18,579.41,287.01,0.21,13.13,273.67,21.28,5.49,0.42,15.38,370.19,341.22,28.97,164.16,1770.13,143.05,1627.08,352.32,0.42,462.71
7583.48,1645.63,192.79,721.7,543.78,186.59,0.77,35.37,419.58,378.67,40.9,296.02,169.6,24.44,53.68,48.3,1241.66,197.42,38.07,159.35,808.41,172.63,635.78,243.27,0.45,20.97,221.85,87.22,4.31,80.98,1.93,327.08,284.63,42.45,194.52,1374.69,46.2,1328.48,234.5,1.58,476.53,7063.15,1559.19,66.96,844.75,478.58,167.72,1.18,15.46,461.16,437.92,23.24,242.81,149.96,16.59,39.41,36.85,1077.12,159.29,29.89,129.4,627.95,122.44,505.51,258.17,0.17,12.05,245.95,14.9,4.21,0.35,10.34,333.13,302.14,30.99,138.78,1327.66,78.62,1249.05,442.93,0.42,404.17
7935.8,1472.06,204.75,598.29,478.96,189.33,0.73,40.44,323.33,298.01,25.32,358.83,220.48,27.84,58.1,52.41,1333.68,216.96,42.85,174.1,922.13,190.07,732.06,279.41,0.75,25.11,253.55,112.94,4.98,105.17,2.8,397.11,361.17,35.94,189.65,1516.68,58.85,1457.83,256.69,2.44,513.44,7261.83,1375.5,79.17,699.33,424.46,171.34,1.19,14.75,330.91,318.7,12.21,288.95,189.13,18.62,40.53,40.67,1157.13,154.91,35.51,119.4,727.24,141.16,586.08,298.21,0.38,16.36,281.46,21.86,5.84,0.45,15.57,414.17,387.4,26.77,144.39,1520.91,99.7,1421.22,380.04,0.56,432.31
7958.96,1477.99,221.92,610.2,469.05,175.81,1.0,37.43,326.21,307.14,19.07,358.68,229.08,26.09,50.99,52.51,1386.64,232.02,38.75,193.27,907.24,186.34,720.9,291.27,0.53,24.76,265.98,118.28,5.03,109.85,3.4,390.11,351.11,39.0,196.22,1469.09,54.69,1414.4,247.69,2.42,517.68,7120.01,1335.04,83.37,691.31,398.94,159.97,1.44,14.44,327.03,315.27,11.77,297.07,200.12,18.14,39.01,39.8,1199.61,164.87,29.5,135.38,721.9,145.16,576.74,288.54,0.16,11.62,276.75,17.89,4.92,0.39,12.58,404.69,378.78,25.91,149.33,1457.37,88.89,1368.48,325.09,0.58,416.56
8089.29,1514.68,229.82,635.14,472.77,176.13,0.82,43.64,314.12,298.27,15.85,343.36,208.48,26.14,56.38,52.36,1396.66,209.78,40.51,169.28,932.48,190.88,741.6,273.52,0.74,20.53,252.26,144.91,3.94,138.96,2.01,351.45,302.93,48.52,196.53,1598.02,69.53,1528.49,255.54,3.1,511.49,7327.06,1395.33,83.49,730.33,420.86,159.26,1.39,14.73,343.61,332.13,11.48,288.05,186.46,17.88,42.57,41.14,1257.46,169.09,27.97,141.12,736.03,146.56,589.47,277.39,0.31,11.35,265.73,15.66,4.21,0.39,11.06,341.48,306.93,34.56,154.31,1512.76,91.06,1421.71,403.71,0.99,416.46
7951.46,1629.73,177.07,727.69,551.87,172.26,0.84,40.96,430.58,397.51,33.07,265.6,139.54,20.49,55.86,49.7,1317.32,235.64,37.23,198.41,955.58,203.11,752.47,234.61,0.62,16.88,217.1,126.05,3.43,120.69,1.92,295.67,252.81,42.86,199.82,1465.34,82.86,1382.48,266.25,2.35,485.96,7294.86,1512.7,58.14,825.1,470.53,157.27,1.65,13.02,492.36,466.63,25.72,229.03,134.57,15.09,40.82,38.55,1226.29,162.04,26.13,135.91,759.44,147.64,611.8,247.41,0.23,8.45,238.73,15.26,4.04,0.42,10.8,277.49,246.91,30.58,159.81,1398.68,85.95,1312.73,407.94,0.51,392.89
6531.7,1219.17,102.61,486.96,475.67,153.76,0.17,30.3,244.22,228.22,16.01,226.98,114.29,17.46,49.4,45.83,1149.86,209.61,38.94,170.68,918.11,177.27,740.85,229.73,0.48,19.25,210.0,-5.24,2.87,-9.77,1.65,244.54,207.37,37.17,238.66,1152.09,49.02,1103.07,222.22,3.27,448.17,6202.2,1206.88,42.2,609.79,408.49,145.83,0.57,20.17,263.58,250.88,12.7,192.55,105.87,13.33,37.84,35.52,1058.21,159.7,29.13,130.57,728.02,128.46,599.56,249.24,0.29,11.07,237.88,9.04,3.01,0.33,5.71,242.94,215.05,27.88,152.86,1176.24,60.46,1115.78,371.18,1.54,370.05
6867.33,1473.12,123.88,623.2,558.4,167.64,0.0,20.37,311.19,295.51,15.68,245.09,129.86,20.48,49.17,45.57,1103.71,229.92,40.46,189.45,868.2,158.77,709.43,245.43,0.63,26.4,218.4,-1.32,2.25,-5.29,1.73,281.51,238.54,42.97,162.86,1181.37,31.19,1150.18,241.53,2.83,501.52,6734.15,1440.81,43.5,740.87,491.98,164.47,0.0,25.37,321.73,308.82,12.91,203.33,115.26,14.83,37.66,35.59,1124.13,184.61,31.13,153.49,702.15,121.39,580.76,269.31,0.18,14.76,254.36,7.57,2.87,0.36,4.35,284.56,252.48,32.08,111.5,1213.07,51.24,1161.83,444.28,1.01,400.7
6889.14,1405.26,150.68,580.25,509.66,164.68,0.0,25.59,304.39,288.96,15.43,257.4,140.59,21.72,46.66,48.42,1053.57,240.14,40.78,199.35,895.48,170.33,725.15,255.52,0.82,27.32,227.39,-7.59,2.19,-11.17,1.4,301.79,262.45,39.34,159.06,1237.93,29.19,1208.74,240.0,2.46,518.14,6494.51,1355.17,51.21,700.79,444.17,159.0,0.0,15.62,318.05,305.86,12.19,218.36,132.54,14.85,36.32,34.64,943.07,188.9,32.3,156.6,707.06,127.01,580.05,266.08,0.32,17.81,247.95,7.05,2.83,-0.12,4.34,324.01,294.86,29.15,121.11,1274.83,55.64,1219.2,346.77,0.66,407.78
7749.26,1564.21,203.69,664.25,512.51,183.7,0.07,50.44,357.64,337.56,20.07,348.63,210.25,28.71,60.5,49.18,973.07,309.67,58.37,251.3,890.63,173.93,716.7,287.87,4.25,34.06,249.56,5.28,2.91,-0.73,3.1,406.0,361.79,44.21,176.69,1538.11,49.59,1488.52,269.03,7.55,564.44,7599.69,1512.02,80.05,772.99,475.73,183.1,0.15,53.03,400.39,385.54,14.85,306.57,202.33,20.1,46.01,38.12,958.68,231.16,42.22,188.94,726.9,135.88,591.03,295.58,1.08,23.16,271.34,16.46,4.61,0.01,11.85,441.17,405.34,35.83,142.85,1635.67,90.96,1544.71,404.37,6.25,468.59
7224.48,1470.73,177.92,623.15,479.57,190.02,0.07,49.89,287.59,272.38,15.21,289.27,168.73,26.16,50.74,43.63,966.34,306.66,52.17,254.5,877.28,178.89,698.39,271.0,1.63,29.33,240.03,5.2,2.42,-0.1,2.88,353.38,315.52,37.86,166.59,1362.84,44.66,1318.19,260.66,7.75,549.31,6922.8,1371.33,62.91,702.73,421.92,183.68,0.09,50.72,312.95,303.4,9.55,255.31,163.52,17.44,38.68,35.68,937.6,249.91,38.05,211.87,710.88,139.31,571.57,273.19,1.67,18.38,253.15,13.52,4.52,0.02,8.98,378.93,349.3,29.63,134.54,1417.46,80.64,1336.82,385.53,6.0,424.92
7235.96,1436.14,152.57,591.93,499.0,192.64,0.0,26.2,297.35,282.07,15.29,255.98,136.45,24.01,49.63,45.89,1030.51,262.31,49.38,212.93,953.84,201.77,752.07,267.95,0.47,22.8,244.68,2.61,2.6,-1.68,1.69,309.88,274.58,35.3,193.21,1410.17,45.95,1364.22,261.76,2.58,525.46,6862.51,1365.24,42.71,697.72,438.04,186.77,0.0,15.34,314.95,304.88,10.07,212.78,126.09,15.64,36.7,34.35,884.9,225.99,40.38,185.61,755.46,149.37,606.09,273.94,0.37,17.18,256.39,11.08,3.79,0.0,7.29,335.17,308.92,26.25,149.93,1449.86,96.88,1352.98,385.2,0.62,482.04
7666.43,1625.29,140.75,684.06,588.96,211.52,0.0,26.29,345.21,329.8,15.41,222.37,110.83,23.15,46.52,41.87,1100.09,315.35,48.36,266.98,892.79,189.91,702.88,277.93,1.01,23.54,253.37,3.29,2.37,-0.63,1.55,305.87,266.74,39.13,255.52,1539.42,71.04,1468.38,239.97,2.26,514.78,7638.78,1617.98,39.58,824.59,539.63,214.19,0.0,20.21,403.5,393.18,10.32,186.73,104.9,15.24,35.86,30.73,984.1,256.33,39.48,216.84,707.2,143.05,564.15,290.13,0.23,16.76,273.14,22.12,4.97,-0.01,17.17,368.7,341.25,27.45,147.63,1743.99,157.75,1586.24,404.27,0.5,485.38
7383.03,1615.08,164.76,672.46,580.84,197.02,0.0,24.33,443.26,410.73,32.54,254.91,142.02,22.74,43.56,46.59,1077.51,249.36,47.8,201.57,937.54,190.44,747.1,290.74,0.53,29.18,261.03,4.38,2.84,-0.25,1.8,310.76,270.18,40.58,199.12,1208.67,36.65,1172.02,256.84,2.45,508.05,6972.57,1566.86,46.67,806.18,523.34,190.67,0.0,15.18,504.62,481.83,22.79,199.53,117.37,14.95,32.74,34.47,923.26,203.12,37.77,165.35,727.37,141.34,586.03,304.68,0.28,17.47,286.93,7.84,3.4,0.0,4.44,313.58,284.5,29.08,134.05,1194.67,61.88,1132.79,403.86,0.52,473.44
7339.38,1523.9,209.87,602.56,509.42,202.05,0.0,21.89,350.28,331.02,19.26,324.87,210.76,25.84,44.71,43.56,1072.79,211.48,40.56,170.92,871.24,181.51,689.73,274.14,0.96,29.95,243.23,5.12,2.78,-0.42,2.77,405.49,373.15,32.34,179.25,1359.8,50.05,1309.75,249.79,2.48,486.86,7102.01,1486.62,74.69,735.12,475.56,201.24,0.0,13.71,381.67,368.48,13.19,263.52,179.57,16.38,35.08,32.49,956.97,184.44,33.97,150.47,668.3,132.24,536.07,288.81,0.22,17.96,270.63,15.19,4.3,0.0,10.89,434.19,410.39,23.8,138.2,1436.74,96.86,1339.87,419.18,0.5,413.96
7287.39,1499.38,213.02,601.37,494.51,190.49,0.0,22.85,348.2,331.7,16.51,309.35,197.98,24.77,44.08,42.53,1075.55,238.65,35.81,202.84,868.22,182.32,685.9,274.4,0.53,27.35,246.52,5.85,2.95,0.01,2.89,372.62,340.75,31.87,183.52,1344.78,53.85,1290.93,250.33,2.95,490.73,6729.47,1386.21,63.85,688.57,445.44,188.34,0.0,14.43,353.91,344.9,9.01,237.22,157.45,16.09,33.35,30.33,953.19,190.77,32.15,158.62,681.01,133.54,547.47,278.14,0.23,14.53,263.38,13.16,3.92,0.0,9.24,381.95,359.44,22.51,130.35,1330.89,93.72,1237.17,390.04,0.62,387.6
6630.53,1471.85,152.88,611.54,527.22,180.21,0.0,20.51,324.88,308.55,16.33,252.06,143.65,21.9,44.37,42.14,1079.94,192.97,31.17,161.8,911.8,183.56,728.24,308.94,0.83,28.5,279.61,3.58,1.89,0.01,1.69,265.88,226.17,39.71,175.39,924.04,41.51,882.53,238.52,3.39,456.77,6626.59,1440.42,64.47,711.85,482.05,182.06,0.0,21.71,354.71,344.54,10.17,227.53,141.91,16.18,35.49,33.95,1065.78,181.44,31.17,150.27,744.19,142.38,601.81,309.74,0.29,15.78,293.66,6.8,2.59,-0.01,4.21,296.68,264.76,31.92,152.6,1059.18,64.93,994.25,393.54,0.91,371.38
6498.22,1463.34,153.09,597.72,542.51,170.01,0.0,23.28,328.78,309.78,19.01,217.05,109.46,20.38,46.81,40.4,1046.85,214.07,29.99,184.08,926.79,189.53,737.26,282.57,0.64,23.29,258.64,4.47,2.7,0.0,1.77,205.79,167.54,38.25,180.92,934.07,39.35,894.73,246.09,2.48,421.66,6370.4,1429.66,45.24,720.26,490.36,173.81,0.0,14.44,366.36,355.17,11.19,193.28,109.26,13.88,38.81,31.33,1007.74,185.57,30.86,154.71,757.85,140.88,616.97,293.4,0.18,14.61,278.61,6.66,2.57,0.0,4.09,219.95,187.97,31.98,161.7,1021.74,58.76,962.97,394.23,0.7,317.12
6214.38,1393.16,150.75,600.58,484.95,156.88,0.0,15.66,366.02,339.29,26.73,202.11,105.32,17.28,43.5,36.01,1019.86,179.56,25.58,153.99,803.75,172.62,631.13,230.19,0.72,24.91,204.56,3.88,2.16,-0.01,1.73,238.5,207.15,31.35,206.07,933.41,41.06,892.35,219.33,2.36,400.54,6221.65,1360.33,47.41,718.88,434.69,159.35,0.0,10.14,420.17,403.14,17.03,177.87,102.34,11.95,35.17,28.41,983.91,170.23,28.59,141.64,661.1,126.97,534.13,248.91,0.31,14.63,233.97,8.38,2.9,0.0,5.48,264.91,239.97,24.94,150.04,1009.61,69.14,940.47,436.92,0.65,318.48
7122.88,1439.78,185.11,579.89,489.63,185.15,0.0,15.02,307.13,287.84,19.28,277.08,159.07,23.44,52.87,41.7,1185.04,223.44,33.25,190.18,916.68,193.47,723.21,280.19,0.54,33.41,246.23,4.01,2.02,0.02,1.97,363.12,310.21,52.91,178.68,1177.56,42.01,1135.55,261.29,3.31,490.54,7209.28,1403.72,72.05,700.0,443.76,187.92,0.0,7.32,334.24,325.76,8.48,248.09,155.38,16.34,44.38,31.99,1149.36,182.58,32.98,149.6,763.75,140.49,623.26,306.04,0.14,21.08,284.82,9.68,3.46,0.0,6.22,389.52,348.01,41.51,158.33,1347.12,81.14,1265.98,496.7,0.69,412.12
7095.6,1424.47,163.69,573.12,499.45,188.22,0.0,12.07,319.45,302.24,17.21,271.03,156.35,23.17,51.16,40.34,1191.11,195.39,32.47,162.93,915.08,189.61,725.47,299.24,0.75,34.9,263.58,4.92,2.86,0.02,2.04,358.3,324.01,34.29,166.38,1160.14,41.91,1118.23,256.09,2.72,519.2,7066.35,1380.12,59.14,687.76,446.04,187.18,0.0,6.64,349.77,340.85,8.92,234.21,144.54,16.04,41.66,31.97,1133.58,164.22,31.99,132.22,744.46,140.51,603.95,309.04,0.6,25.09,283.36,10.66,3.79,0.0,6.87,402.71,376.71,26.0,147.56,1342.37,82.3,1260.06,399.06,0.71,441.23
7755.71,1610.65,196.42,660.72,549.04,204.48,0.0,13.67,375.61,355.39,20.22,292.87,169.07,25.75,55.44,42.6,1232.37,231.22,34.66,196.56,888.67,189.7,698.97,287.92,0.49,33.11,254.32,4.8,2.78,0.02,2.01,420.01,381.85,38.16,179.96,1402.97,51.01,1351.96,266.22,2.26,546.51,7581.62,1624.92,81.53,823.62,514.31,205.47,0.0,6.44,413.15,400.95,12.2,254.67,161.15,17.3,44.28,31.94,1129.93,194.52,32.56,161.97,723.6,135.88,587.71,299.39,0.19,28.34,270.85,13.68,4.64,0.0,9.04,450.83,423.71,27.12,149.16,1488.65,100.13,1388.52,386.25,0.76,445.68
7542.19,1500.7,162.72,599.6,528.94,209.44,0.0,11.72,328.2,311.37,16.83,279.11,159.19,25.53,51.15,43.24,1231.39,219.7,32.31,187.39,942.16,205.39,736.77,318.51,0.84,34.43,283.23,3.79,2.14,0.04,1.6,389.34,356.36,32.98,188.74,1314.26,47.09,1267.18,271.22,2.78,540.57,7420.65,1526.62,64.68,759.47,493.39,209.07,0.0,7.16,362.89,353.92,8.98,234.94,143.01,17.35,41.25,33.34,1154.07,179.42,29.88,149.54,765.57,145.72,619.85,303.3,0.58,22.57,280.15,12.41,4.66,0.0,7.75,430.25,407.3,22.95,156.46,1463.2,101.56,1361.65,377.52,0.74,446.08
7482.2,1418.46,155.35,587.97,473.8,201.34,0.0,12.7,303.04,286.32,16.72,252.25,133.1,23.11,53.19,42.85,1262.48,257.21,33.54,223.67,969.18,213.35,755.83,331.04,0.67,35.62,294.74,4.52,2.59,0.04,1.88,358.52,322.47,36.05,196.09,1305.76,53.78,1251.97,272.33,2.74,535.9,7692.85,1602.52,56.5,807.17,520.52,218.32,0.0,8.58,367.35,358.64,8.71,221.26,127.64,16.68,43.57,33.37,1199.03,224.68,29.25,195.43,801.3,155.05,646.25,328.38,0.19,24.3,303.89,12.31,4.03,0.0,8.28,401.93,372.95,28.98,163.84,1536.09,119.89,1416.2,379.34,0.79,445.46
7589.78,1586.45,135.79,659.39,566.87,224.4,0.0,13.92,361.78,344.86,16.93,219.8,104.82,21.39,55.96,37.62,1273.07,218.07,32.8,185.27,928.79,204.04,724.75,285.01,1.16,26.27,257.58,4.4,2.38,0.04,1.98,339.97,304.5,35.48,259.47,1358.43,68.19,1290.23,242.85,2.63,495.14,7890.07,1696.91,48.05,849.98,561.68,237.2,0.0,8.24,425.98,417.46,8.52,189.09,100.51,15.58,44.36,28.64,1189.75,189.07,32.39,156.67,768.75,149.01,619.74,301.42,0.33,22.28,278.81,16.6,4.59,0.0,12.01,400.71,373.45,27.26,167.65,1603.32,158.14,1445.19,528.44,0.68,403.47
7610.24,1679.71,221.9,670.02,565.13,222.65,0.0,12.68,488.83,454.98,33.84,269.81,152.48,24.1,51.38,41.85,1251.74,190.75,35.93,154.83,877.59,188.62,688.97,291.38,0.87,35.7,254.82,4.72,2.58,0.03,2.11,390.69,351.18,39.51,192.35,1208.5,46.38,1162.12,247.49,2.29,501.72,7634.36,1680.43,64.19,846.15,544.21,225.88,0.0,7.13,579.72,558.1,21.62,232.28,142.57,16.81,41.17,31.73,1134.99,165.69,30.34,135.36,721.05,139.75,581.3,293.11,0.42,19.2,273.49,11.21,3.59,0.0,7.62,426.48,398.53,27.95,153.72,1337.53,98.33,1239.2,487.43,0.58,403.02
8091.92,1521.06,222.96,575.81,502.44,219.85,0.0,13.34,376.46,355.99,20.48,342.63,215.19,27.6,55.75,44.08,1400.08,208.94,46.11,162.83,998.91,207.79,791.12,324.19,0.52,27.77,295.9,6.4,3.43,0.05,2.92,454.66,419.04,35.62,195.12,1440.49,65.02,1375.47,279.7,2.79,527.13,7982.25,1517.28,83.46,726.93,480.4,226.48,0.0,7.91,402.48,394.0,8.48,287.37,191.49,18.9,43.44,33.55,1281.57,186.49,42.63,143.86,811.27,150.71,660.56,342.97,0.57,20.5,321.9,15.87,4.95,0.0,10.92,500.35,475.34,25.01,158.25,1617.01,121.07,1495.93,420.52,1.58,431.34
8187.19,1574.23,225.65,610.96,519.1,218.52,0.0,11.57,393.74,375.65,18.09,330.84,212.75,25.7,50.55,41.84,1473.46,216.45,39.1,177.35,962.43,197.42,765.02,320.89,0.58,28.98,291.34,6.79,3.22,0.05,3.52,427.49,391.22,36.27,196.92,1483.32,65.2,1418.12,269.1,3.16,516.79,7942.45,1518.72,91.78,743.54,467.09,216.31,0.0,8.59,402.48,393.99,8.49,283.73,196.68,17.8,37.44,31.81,1320.33,193.28,38.17,155.1,785.35,146.44,638.9,316.72,0.27,18.83,297.62,14.94,5.01,0.0,9.93,456.08,434.4,21.68,152.86,1607.49,115.05,1492.44,447.85,0.74,433.31
7941.8,1532.51,195.75,592.27,534.12,210.37,0.0,11.75,373.24,355.89,17.36,309.63,185.14,26.28,54.99,43.22,1455.36,171.02,35.68,135.34,1020.34,205.99,814.36,345.66,0.71,32.21,312.75,4.56,2.48,0.03,2.05,360.88,314.0,46.89,210.96,1335.96,64.22,1271.74,286.87,3.27,519.76,7657.08,1494.16,76.93,730.78,477.31,209.14,0.0,8.52,399.99,391.08,8.91,259.98,167.94,17.52,40.32,34.21,1341.24,173.04,35.39,137.64,811.88,150.42,661.46,337.7,0.26,19.5,317.94,9.6,3.39,0.0,6.2,374.84,342.85,31.99,173.09,1404.78,97.64,1307.14,444.35,1.13,422.79
7926.35,1688.86,187.46,691.17,605.05,205.18,0.0,12.7,510.51,479.09,31.42,259.15,139.53,23.19,54.67,41.75,1372.18,184.2,31.61,152.59,1035.99,210.62,825.37,292.31,0.82,24.11,267.39,3.79,1.92,0.03,1.84,304.51,263.78,40.72,210.55,1278.8,86.17,1192.63,280.43,3.09,489.28,7625.82,1594.07,56.09,806.53,528.47,202.98,0.0,9.3,566.55,548.1,18.45,218.96,130.1,15.25,40.55,33.06,1290.53,188.85,33.99,154.86,832.25,146.36,685.88,296.83,0.19,14.13,282.51,10.56,3.17,0.0,7.38,326.04,297.02,29.02,168.86,1312.36,97.5,1214.86,434.43,0.82,375.42
6623.93,1337.95,145.73,548.85,460.48,182.88,0.0,10.72,294.96,279.06,15.9,210.94,110.04,18.75,48.26,33.9,1234.66,224.58,26.08,198.5,876.76,167.73,709.03,230.57,0.76,24.71,205.1,4.11,2.28,0.04,1.79,264.69,231.99,32.7,232.03,1025.39,68.9,956.49,237.99,2.29,436.3,6304.25,1237.0,45.71,619.25,395.23,176.81,0.0,8.3,307.32,299.31,8.01,169.75,98.88,11.52,35.32,24.04,1150.89,169.08,27.44,141.64,711.23,120.86,590.36,241.74,0.25,12.37,229.12,9.09,2.61,0.0,6.48,288.12,266.58,21.54,148.8,1038.79,85.73,953.06,503.16,0.67,320.32
7684.08,1497.39,173.15,593.92,513.28,217.04,0.0,14.48,332.69,317.34,15.35,264.52,150.36,22.63,51.06,40.47,1501.37,192.34,32.43,159.9,1013.01,186.7,826.31,289.1,0.48,40.24,248.37,5.49,3.48,0.03,1.97,368.68,315.36,53.31,199.95,1163.92,44.16,1119.76,283.6,3.61,553.93,7610.67,1488.14,67.1,724.73,476.84,219.46,0.0,10.42,356.79,348.74,8.04,228.19,142.76,15.18,40.9,29.34,1436.51,164.48,30.53,133.95,832.67,136.58,696.1,301.63,1.68,18.66,281.29,8.58,3.39,0.0,5.19,413.08,373.02,40.06,152.82,1290.68,81.81,1208.87,487.94,0.84,437.9
8175.53,1525.08,194.97,594.27,517.73,218.11,0.0,11.3,354.74,337.46,17.28,304.16,184.73,25.8,53.14,40.49,1593.89,177.44,32.57,144.87,985.41,191.7,793.71,309.16,0.86,34.32,273.98,7.86,5.68,0.05,2.13,430.43,396.33,34.1,182.63,1403.53,53.33,1350.2,294.11,2.86,592.93,7995.91,1509.72,77.17,728.2,482.01,222.34,0.0,8.19,401.51,392.72,8.8,264.18,173.49,17.5,41.9,31.29,1466.93,150.45,29.07,121.39,778.94,131.38,647.56,305.08,1.97,17.71,285.4,13.29,4.4,0.0,8.9,475.44,450.18,25.26,150.42,1574.1,101.49,1472.61,420.8,0.79,476.06
