대구_합계,대구_종합소매,대구_ 백화점,대구_ 대형마트/유통전문점,대구_ 슈퍼마켓,대구_ 편의점,대구_ 면세점,대구_전자상거래/통신판매,대구_식료품,대구_ 일반식료품,대구_ 건강보조식품,대구_의류/잡화,대구_ 의복/직물,대구_ 복식잡화,대구_ 시계/귀금속/안경,대구_ 화장품,대구_연료,대구_가구/가전,대구_ 가구,대구_ 가전제품/정보통신기기,대구_의료/보건,대구_ 종합병원,대구_ 일반병의원/기타의료기관,대구_자동차,대구_ 국산자동차신품,대구_ 기타운송수단,대구_ 자동차 부품 및 정비,대구_여행/교통,대구_ 여행사/자동차임대,대구_ 항공사,대구_ 대중교통,대구_오락/문화,대구_ 스포츠/오락/여가,대구_ 서적/문구,대구_교육,대구_숙박/음식,대구_ 숙박,대구_ 음식점,대구_공과금/개인 및 전문 서비스,대구_금융/보험,대구_기타
9274.31,2598.13,920.69,1083.1,554.47,39.01,0.86,19.05,141.87,126.34,15.53,676.9,457.6,42.17,75.05,102.08,1477.96,314.77,33.98,280.79,1036.19,269.71,766.48,254.06,0.89,36.3,216.87,13.13,5.18,0.57,7.39,489.15,422.53,66.63,359.68,1200.52,51.72,1148.8,232.58,1.68,458.64
9396.8,2772.1,925.59,1214.32,593.49,38.36,0.34,20.84,154.65,139.98,14.68,629.08,410.39,41.84,72.82,104.03,1479.73,256.87,32.5,224.37,993.94,251.56,742.39,257.99,1.11,34.74,222.14,12.05,4.24,0.36,7.45,463.98,393.73,70.25,302.65,1359.36,55.75,1303.61,226.3,1.84,465.41
9053.84,2474.08,766.71,1075.45,590.13,40.23,1.56,21.21,158.92,141.62,17.29,517.69,306.63,34.21,80.31,96.54,1482.47,226.88,30.67,196.21,1142.42,286.52,855.9,250.24,0.55,33.64,216.04,13.85,5.1,0.41,8.34,424.48,354.14,70.34,337.05,1253.81,47.5,1206.31,237.33,1.34,512.08
8209.37,2329.72,664.65,1084.32,541.22,38.19,1.35,17.84,176.74,157.78,18.96,503.62,308.01,30.14,75.48,89.99,1333.6,216.41,29.21,187.2,988.69,247.51,741.18,212.58,0.57,29.43,182.57,13.36,4.94,0.74,7.67,350.25,286.01,64.24,316.42,1051.66,35.82,1015.83,219.49,1.51,477.48
8981.66,2335.86,713.81,1008.66,571.01,41.47,0.92,18.66,147.31,130.86,16.45,592.08,349.73,40.92,94.18,107.25,1446.66,301.27,36.75,264.52,1070.15,267.63,802.52,259.19,0.74,42.34,216.12,14.49,4.85,0.52,9.12,477.48,365.68,111.8,329.17,1217.77,43.2,1174.57,245.75,2.17,523.65
8924.31,2458.66,783.28,1041.06,589.78,42.84,1.69,19.97,144.12,128.14,15.97,590.64,361.13,37.34,92.11,100.06,1399.92,274.51,36.47,238.03,1033.11,269.4,763.71,245.0,1.06,37.67,206.26,15.49,4.66,0.75,10.07,435.67,354.84,80.83,295.15,1234.23,46.92,1187.31,243.51,1.84,532.51
9409.06,2553.79,787.19,1096.54,622.35,46.28,1.42,19.88,163.03,141.97,21.06,665.83,410.93,43.09,103.39,108.41,1378.09,338.35,38.5,299.85,1074.91,271.08,803.83,286.79,1.2,46.34,239.24,16.72,5.08,0.47,11.17,449.74,378.47,71.26,309.62,1333.5,46.19,1287.31,252.55,1.71,564.56
8638.0,2296.7,652.57,991.91,608.3,42.94,0.98,16.96,151.0,133.56,17.44,547.8,311.92,39.8,94.88,101.2,1317.39,322.07,38.87,283.2,1013.05,249.97,763.08,271.75,0.87,41.35,229.53,17.28,5.3,1.12,10.85,381.14,314.14,67.0,301.4,1225.91,40.19,1185.73,238.6,1.59,535.36
9388.44,2605.04,700.82,1190.39,664.71,47.69,1.44,21.9,154.51,137.62,16.89,523.41,285.5,37.29,95.99,104.64,1443.37,376.17,37.52,338.64,1091.72,276.25,815.48,297.27,1.23,41.82,254.22,19.71,6.52,1.07,12.12,385.62,311.4,74.23,321.94,1337.47,42.68,1294.79,242.15,1.8,566.35
8933.38,2298.8,562.96,1051.5,634.68,47.42,2.24,20.68,158.68,142.46,16.23,433.61,216.41,31.43,95.27,90.5,1484.2,335.84,35.45,300.39,1097.45,267.62,829.83,288.28,0.74,41.24,246.3,20.04,6.78,1.31,11.96,350.97,279.42,71.55,340.83,1306.32,43.16,1263.16,239.61,2.02,556.05
8954.51,2625.32,729.88,1177.4,668.66,48.31,1.07,19.27,215.04,191.27,23.77,567.42,360.65,35.37,81.4,90.01,1354.95,251.42,38.42,213.0,957.94,236.17,721.77,245.67,0.63,36.75,208.29,19.37,6.24,0.58,12.55,392.81,319.6,73.2,285.31,1226.59,41.3,1185.29,225.59,1.64,566.18
9311.55,2530.03,858.3,1009.02,613.1,47.31,2.31,21.2,157.62,141.37,16.25,640.94,414.88,40.63,82.92,102.51,1396.43,269.54,45.77,223.77,1117.44,271.65,845.79,276.22,0.7,38.9,236.63,21.63,7.93,0.2,13.51,458.75,390.11,68.64,295.64,1286.83,51.23,1235.6,242.13,1.7,595.44
9369.42,2584.2,907.72,1034.32,596.91,44.36,0.9,20.4,162.17,146.97,15.2,665.98,451.5,39.39,76.9,98.19,1409.95,307.36,38.75,268.6,1057.16,258.95,798.21,272.26,0.93,33.34,237.99,19.81,6.18,0.27,13.36,483.2,414.35,68.86,298.91,1242.52,50.8,1191.72,243.06,1.59,600.85
9907.89,2755.09,968.62,1114.18,624.84,46.4,1.06,22.11,178.0,162.69,15.31,662.67,433.09,40.68,82.94,105.97,1450.54,280.24,41.75,238.49,1090.31,263.78,826.53,269.25,1.05,32.1,236.1,20.84,5.54,0.33,14.96,492.77,413.3,79.47,313.24,1485.83,61.3,1424.53,254.63,1.33,631.03
9213.3,2485.56,728.56,1064.06,648.86,42.71,1.38,22.03,240.14,217.27,22.87,519.94,304.19,31.98,84.67,99.11,1404.7,248.36,40.68,207.68,1151.62,274.42,877.2,248.63,1.02,29.85,217.77,20.06,5.89,0.37,13.8,402.91,332.82,70.08,319.27,1290.54,43.49,1247.05,249.82,1.55,608.17
8262.31,2087.42,592.15,921.76,523.62,43.18,6.7,124.75,148.21,135.83,12.39,490.94,299.13,27.7,78.6,85.51,1216.48,237.46,39.9,197.57,1048.91,252.32,796.59,224.28,14.04,31.82,178.41,32.55,8.52,6.02,18.01,349.32,277.8,71.52,314.46,1128.64,41.38,1087.26,254.1,27.77,577.02
9243.29,2433.79,750.84,1010.84,625.46,45.77,0.89,22.03,177.71,161.14,16.57,586.8,353.24,36.42,97.91,99.23,1344.93,304.06,51.61,252.45,1091.69,266.07,825.62,260.23,0.78,43.27,216.18,21.83,5.65,0.35,15.83,470.7,353.79,116.92,326.48,1311.92,43.2,1268.72,260.79,2.34,627.98
9075.72,2120.96,691.6,928.7,447.51,47.65,5.5,189.82,175.8,159.19,16.61,606.2,367.1,35.8,93.69,109.61,1287.16,265.8,41.64,224.16,1071.6,264.66,806.93,268.2,5.77,42.62,219.81,47.46,11.59,7.66,28.21,431.47,353.25,78.22,291.25,1288.69,48.68,1240.01,266.16,45.58,719.56
9323.86,2294.73,743.52,1021.52,478.58,49.26,1.86,29.21,193.26,175.13,18.13,635.71,384.74,40.35,104.06,106.57,1332.79,323.7,43.8,279.89,1082.44,262.09,820.35,285.74,0.99,46.13,238.61,26.33,5.63,0.34,20.36,434.59,355.97,78.62,309.59,1414.83,47.01,1367.82,261.4,1.98,697.56
8834.0,2211.37,644.85,1014.13,499.31,51.64,1.44,28.92,178.14,162.4,15.74,536.9,307.32,36.91,96.97,95.7,1259.56,326.68,44.59,282.09,1035.56,250.17,785.39,273.33,0.98,48.65,223.7,26.54,4.66,0.33,21.55,376.56,311.11,65.45,299.74,1356.72,46.56,1310.16,238.26,1.68,684.04
9242.07,2224.77,623.37,1050.4,496.2,53.48,1.31,29.89,183.45,166.6,16.85,528.57,283.33,36.7,107.3,101.24,1352.75,344.3,43.5,300.8,1167.54,288.05,879.49,304.44,1.04,49.49,253.91,51.94,6.31,0.64,45.0,385.73,309.86,75.87,341.01,1397.15,41.09,1356.06,228.31,1.94,700.28
9015.94,2114.25,554.39,1010.48,496.0,51.24,2.14,25.05,202.42,184.36,18.06,468.97,233.71,35.07,102.86,97.32,1342.45,287.86,47.03,240.84,1163.44,265.63,897.8,287.76,0.88,43.06,243.82,52.52,5.81,0.56,46.15,367.33,294.95,72.39,359.19,1422.98,41.1,1381.88,223.64,2.14,695.96
8997.58,2400.89,737.77,1107.47,495.08,58.81,1.77,23.65,235.47,214.93,20.54,568.37,353.58,34.63,89.91,90.26,1256.08,260.23,44.63,215.6,1034.17,233.87,800.3,262.07,1.48,43.79,216.81,50.45,5.54,0.13,44.78,390.56,315.98,74.58,300.24,1308.36,44.16,1264.2,214.71,1.47,690.85
9143.43,2145.97,702.34,946.94,433.73,58.92,4.04,72.9,182.18,165.52,16.66,595.86,381.43,37.43,81.63,95.38,1270.11,302.94,52.37,250.58,1101.32,245.61,855.71,288.24,11.7,43.48,233.06,67.48,6.6,5.41,55.48,441.61,374.05,67.57,285.04,1366.35,53.62,1312.73,238.1,20.31,765.0
9190.15,2316.06,820.19,997.55,445.44,51.65,1.24,31.19,185.78,170.79,14.99,640.98,416.49,37.58,83.56,103.35,1243.34,316.73,50.04,266.68,1122.13,256.49,865.64,271.55,0.72,40.11,230.72,54.15,4.82,0.15,49.17,442.49,371.57,70.92,304.49,1334.82,44.73,1290.09,214.88,1.3,710.26
10067.5,2561.45,900.36,1120.56,478.24,55.71,6.58,179.48,209.11,194.18,14.93,640.11,409.88,38.17,85.23,106.83,1264.6,289.96,50.12,239.83,1128.29,255.99,872.3,318.18,28.28,39.3,250.61,77.1,9.85,6.3,60.94,466.97,382.75,84.22,326.31,1543.95,62.82,1481.13,270.33,32.14,759.54
8998.15,2144.97,658.06,955.68,479.19,49.71,2.34,69.53,209.42,194.89,14.53,512.91,286.32,31.89,95.85,98.84,1101.15,258.7,56.17,202.53,1245.66,272.03,973.63,263.57,1.89,41.44,220.24,55.31,4.53,0.22,50.56,401.55,329.07,72.48,343.1,1438.71,45.62,1393.09,238.31,1.52,713.74
8419.99,2246.23,657.49,1057.04,478.24,52.06,1.4,111.98,262.9,241.61,21.3,491.19,283.31,28.76,88.42,90.7,950.76,234.4,49.69,184.71,1046.65,230.45,816.19,227.44,1.01,35.75,190.68,51.66,5.02,0.11,46.53,340.57,274.66,65.91,318.08,1240.41,34.8,1205.61,216.93,1.74,679.04
9393.43,2285.91,735.95,1000.34,486.97,61.29,1.37,109.11,200.05,183.69,16.36,605.71,349.6,37.59,113.68,104.84,1123.61,327.71,62.75,264.97,1191.17,271.84,919.33,285.91,1.17,51.8,232.94,51.67,5.06,0.22,46.39,472.92,351.47,121.45,344.52,1402.72,47.02,1355.69,260.52,2.28,729.6
8956.61,2217.3,704.17,938.36,505.21,67.6,1.96,99.73,197.96,180.88,17.08,593.05,345.89,35.97,108.51,102.68,1020.75,266.85,53.42,213.42,1179.09,269.32,909.77,285.5,1.2,48.8,235.5,65.76,5.95,0.47,59.34,408.98,331.85,77.13,305.01,1368.95,43.39,1325.56,242.01,1.55,704.12
9786.12,2470.0,754.78,1079.81,557.11,75.98,2.31,81.18,227.33,208.9,18.43,683.79,403.09,42.23,128.22,110.25,1100.85,327.85,58.94,268.9,1170.9,256.07,914.83,315.15,1.27,53.58,260.3,60.01,5.95,0.18,53.88,439.01,362.31,76.7,326.82,1593.91,50.21,1543.69,264.59,1.7,723.03
8747.53,2219.18,597.25,965.32,574.86,79.86,1.89,61.6,216.52,198.38,18.14,533.92,290.28,35.57,106.76,101.31,1024.09,298.87,55.81,243.06,1068.89,218.75,850.14,301.18,1.86,56.26,243.05,60.99,4.63,0.18,56.18,350.9,288.19,62.7,316.48,1380.16,43.24,1336.92,236.73,1.69,676.33
9343.69,2309.02,604.44,1047.35,569.8,85.63,1.81,41.97,216.65,197.94,18.71,525.33,275.43,35.71,111.0,103.19,1104.41,351.44,55.51,295.93,1231.01,268.77,962.24,322.72,1.19,56.5,265.03,65.89,6.13,0.23,59.53,386.9,311.47,75.44,348.81,1511.16,40.93,1470.23,245.37,2.88,680.13
11503.9,4406.13,585.6,1136.43,2592.51,88.99,2.59,39.03,217.65,201.59,16.06,478.47,237.49,32.65,113.19,95.14,1123.87,372.69,69.71,302.98,1242.07,265.56,976.51,313.39,1.22,55.39,256.78,61.81,5.18,0.29,56.33,377.94,302.46,75.48,366.56,1573.95,46.67,1527.28,241.45,2.93,685.95
9384.91,2592.01,680.85,1220.76,596.6,92.59,1.22,36.85,304.95,276.3,28.65,559.61,326.73,35.03,96.19,101.66,1035.76,283.11,72.95,210.15,1180.23,247.77,932.46,280.05,0.82,42.91,236.32,67.2,5.32,0.13,61.75,386.63,307.07,79.57,320.23,1424.23,45.12,1379.1,236.51,2.17,675.36
9743.86,2509.2,867.12,1025.9,521.46,93.0,1.72,33.81,206.61,186.06,20.55,658.82,406.8,37.79,104.4,109.83,1049.78,329.18,82.4,246.78,1334.23,269.2,1065.03,309.99,1.08,49.57,259.34,71.33,6.23,0.11,64.99,454.42,377.59,76.83,348.39,1492.0,58.03,1433.96,248.11,2.71,695.27
9706.82,2602.99,883.7,1103.25,524.67,90.07,1.29,64.8,207.23,190.12,17.11,667.04,435.05,36.87,90.99,104.13,1027.31,345.22,72.23,272.99,1248.26,250.95,997.32,287.26,1.12,44.81,241.33,67.56,4.35,0.15,63.06,437.05,368.97,68.09,318.15,1521.19,64.65,1456.54,246.62,2.34,663.79
10085.49,2592.0,853.88,1094.12,549.03,94.04,0.93,22.48,229.87,211.45,18.42,644.3,388.31,38.27,100.79,116.93,1059.05,318.31,68.87,249.44,1376.75,290.15,1086.59,320.18,1.28,51.36,267.53,75.87,5.47,0.17,70.23,460.79,368.78,92.01,355.93,1667.76,60.69,1607.07,264.76,3.72,693.73
9623.14,2394.71,665.24,1061.77,577.32,89.0,1.39,74.93,241.38,221.37,20.01,538.87,293.27,32.01,108.19,105.39,1012.16,292.8,73.08,219.72,1428.32,286.51,1141.8,294.43,1.04,40.25,253.14,65.63,5.47,0.13,60.04,400.99,324.96,76.02,367.02,1565.2,49.41,1515.79,261.04,3.07,682.6
9228.4,2473.84,692.51,1129.24,562.52,88.32,1.25,204.06,273.18,248.89,24.29,504.28,282.05,29.29,101.5,91.43,880.94,306.91,79.14,227.78,1245.59,258.64,986.95,244.14,0.85,37.82,205.47,64.57,4.56,0.17,59.85,360.02,285.03,74.99,349.02,1398.47,41.64,1356.82,262.13,5.12,656.12
9700.71,2431.95,696.86,1056.35,576.34,101.41,0.98,108.82,220.6,199.69,20.91,605.19,338.3,36.13,122.9,107.87,932.26,359.64,81.82,277.82,1400.29,296.97,1103.33,304.53,1.95,53.74,248.84,69.65,5.37,0.44,63.84,466.43,340.51,125.93,378.16,1492.23,44.94,1447.29,288.86,8.38,633.71
9359.31,2400.71,717.44,1004.71,574.82,102.35,1.39,23.25,220.63,199.98,20.65,615.82,351.74,35.79,122.12,106.17,913.68,302.27,71.51,230.76,1343.39,279.73,1063.66,299.63,1.1,49.83,248.7,79.35,7.32,0.22,71.81,423.15,342.84,80.32,339.33,1522.17,54.62,1467.55,262.48,6.04,607.4
10185.3,2624.29,813.3,1080.4,614.98,113.98,1.63,119.06,234.51,210.29,24.22,682.47,398.11,41.1,130.26,113.0,979.47,370.37,80.63,289.74,1321.97,279.58,1042.39,320.85,2.22,55.73,262.9,77.75,7.28,0.27,70.2,441.98,364.18,77.8,347.36,1726.01,61.44,1664.56,300.56,7.79,630.87
9454.17,2331.96,629.92,981.4,602.18,116.66,1.79,43.22,217.85,197.15,20.7,591.85,325.26,38.7,121.65,106.24,988.56,365.46,80.03,285.43,1324.92,277.59,1047.33,326.13,2.32,63.13,260.69,80.15,5.54,0.41,74.2,373.57,305.87,67.69,350.46,1574.59,50.97,1523.62,265.83,8.34,611.29
9879.23,2405.75,620.92,1034.96,628.14,120.32,1.41,26.97,228.11,206.73,21.38,551.46,284.61,37.5,122.3,107.06,1063.39,468.34,93.56,374.78,1395.61,288.5,1107.11,341.95,2.33,59.64,279.99,82.6,6.87,0.63,75.1,390.76,312.39,78.37,373.76,1653.0,44.18,1608.81,265.85,6.59,625.1
9776.11,2471.19,612.68,1081.06,645.75,130.07,1.64,45.85,217.96,198.18,19.78,479.68,232.71,32.93,115.8,98.24,1048.94,421.76,92.38,329.38,1359.29,279.35,1079.94,335.0,2.96,57.7,274.34,78.32,6.17,0.31,71.84,367.87,298.15,69.71,387.85,1684.14,48.37,1635.77,262.43,6.22,609.6
9535.05,2593.02,722.37,1105.7,635.01,128.07,1.87,38.62,294.58,261.05,33.53,539.45,302.71,35.0,101.97,99.78,957.2,312.63,80.33,232.3,1282.84,256.61,1026.24,298.52,4.92,51.13,242.48,84.62,7.11,0.19,77.32,377.26,303.59,73.67,360.14,1506.94,46.32,1460.63,257.75,5.88,625.6
10152.31,2689.94,872.31,1058.54,623.71,131.89,3.48,34.03,263.06,239.64,23.41,631.42,383.22,39.31,104.32,104.58,997.04,341.54,90.23,251.31,1388.44,268.09,1120.35,333.93,5.64,66.48,261.81,85.03,7.6,0.16,77.26,431.57,364.29,67.28,359.84,1659.57,64.48,1595.09,279.91,5.67,651.32
9972.65,2579.47,845.8,1016.77,584.75,127.53,4.62,35.93,238.51,217.2,21.32,667.14,427.41,36.32,95.94,107.46,1024.29,326.09,77.6,248.49,1408.83,274.14,1134.69,329.49,1.82,61.08,266.59,89.58,7.31,0.11,82.17,428.78,361.39,67.4,357.76,1568.91,60.74,1508.17,274.89,5.87,637.1
10581.31,2781.86,1032.23,1000.42,611.95,131.71,5.55,47.58,264.81,242.11,22.7,595.35,345.55,35.64,104.98,109.19,1075.3,302.45,69.93,232.52,1538.56,293.93,1244.63,337.15,1.73,63.76,271.66,98.44,7.83,0.17,90.44,438.88,352.98,85.9,366.44,1769.92,64.3,1705.62,284.09,8.04,672.44
10390.2,2917.82,1004.29,1123.02,659.55,124.75,6.21,80.41,345.94,315.27,30.67,515.37,285.19,31.09,100.92,98.17,1064.8,268.39,66.9,201.49,1417.11,274.9,1142.21,296.8,1.13,56.31,239.35,90.38,7.34,0.24,82.81,396.67,324.21,72.46,348.46,1662.14,52.24,1609.91,322.77,6.57,656.56
9369.68,2328.0,837.91,834.44,534.13,115.7,5.82,98.41,212.96,193.41,19.55,502.87,266.4,28.51,110.94,97.02,991.78,311.16,79.56,231.6,1396.63,259.58,1137.05,286.66,1.16,57.97,227.53,84.83,6.86,0.51,77.47,365.3,293.35,71.95,391.02,1489.27,46.94,1442.34,308.08,12.22,590.5
10552.48,2688.22,934.85,989.46,620.49,137.0,6.43,116.88,247.2,224.47,22.73,607.34,329.24,37.13,131.34,109.63,1091.85,345.29,79.22,266.07,1502.81,286.33,1216.48,331.68,1.4,73.22,257.06,96.57,7.67,-0.08,88.97,473.78,351.29,122.49,401.79,1631.71,46.95,1584.76,340.49,17.39,659.46
10288.03,2632.7,904.48,953.45,630.95,137.37,6.45,98.08,248.6,224.76,23.84,606.99,335.4,37.32,127.11,107.15,1055.01,333.16,70.81,262.35,1484.3,274.39,1209.91,320.72,1.85,57.4,261.46,104.28,7.93,0.18,96.17,418.89,344.3,74.59,359.68,1661.6,57.01,1604.58,305.79,13.08,645.17
11121.77,3029.7,1050.87,1131.87,681.95,158.33,6.69,89.47,263.01,236.72,26.29,657.75,367.0,41.88,137.2,111.67,1071.54,439.14,74.8,364.33,1473.8,269.93,1203.87,327.51,1.69,54.65,271.17,99.55,7.35,0.24,91.96,440.16,364.31,75.85,368.74,1829.12,58.5,1770.62,359.56,12.47,660.26
10201.56,2632.94,815.61,988.25,661.39,161.11,6.57,58.09,247.56,224.59,22.97,562.78,283.32,39.19,131.48,108.79,1027.63,366.14,66.79,299.35,1499.41,277.16,1222.26,329.02,1.17,57.62,270.23,106.2,6.75,0.06,99.4,377.13,311.64,65.49,376.21,1664.43,46.53,1617.9,298.31,14.12,641.57
10858.08,2822.76,849.15,1116.41,681.2,169.29,6.71,48.31,249.82,227.26,22.56,543.64,272.22,40.85,127.35,103.22,1094.81,489.97,77.6,412.37,1555.89,290.99,1264.9,357.49,2.41,68.23,286.85,104.57,7.42,0.2,96.95,394.73,320.75,73.98,396.73,1829.28,45.45,1783.83,301.03,9.34,659.7
10619.18,2741.02,805.04,1057.22,693.12,178.49,7.15,42.94,254.28,232.94,21.34,473.3,210.92,36.6,123.91,101.87,1090.84,405.52,89.57,315.95,1615.03,306.59,1308.44,345.94,1.02,60.08,284.84,102.74,7.52,0.13,95.09,385.76,310.06,75.71,416.6,1815.43,47.13,1768.3,294.06,11.15,624.58
10709.7,2827.17,903.16,1055.82,676.49,184.48,7.22,34.0,316.08,281.35,34.72,572.08,305.44,39.6,116.08,110.96,1082.86,364.91,89.08,275.84,1578.48,292.09,1286.38,332.78,1.39,53.2,278.19,117.19,8.98,0.08,108.14,380.65,302.21,78.44,396.04,1712.94,50.7,1662.24,305.47,10.92,678.13
10842.56,3075.81,1058.84,1149.51,677.17,182.99,7.3,38.42,306.02,280.57,25.45,601.26,359.12,39.71,105.27,97.16,1073.35,391.48,92.74,298.74,1443.18,252.92,1190.26,295.85,0.93,45.52,249.4,104.02,7.36,-0.03,96.69,415.01,353.32,61.68,357.85,1787.01,54.68,1732.33,304.93,8.5,639.88
10977.14,2982.18,1101.03,1084.17,614.16,175.24,7.57,34.79,268.89,247.01,21.87,673.77,422.81,39.02,100.97,110.98,1125.63,378.11,80.43,297.68,1595.44,291.36,1304.08,330.46,0.83,49.25,280.38,110.08,7.38,0.09,102.62,425.99,357.85,68.15,369.84,1689.31,59.45,1629.87,318.33,11.42,662.88
11458.58,3037.05,1122.47,1084.59,647.02,175.68,7.3,52.15,300.37,278.36,22.0,616.56,354.24,40.26,110.94,111.12,1206.98,343.3,72.48,270.82,1690.66,297.6,1393.06,339.45,0.89,51.74,286.83,118.98,8.39,0.05,110.54,434.66,351.27,83.39,394.03,1930.54,66.26,1864.27,321.35,8.67,663.86
10960.24,2839.91,921.14,1061.83,673.64,175.22,8.07,89.54,290.5,269.36,21.13,490.49,253.73,31.59,109.06,96.1,1136.18,349.89,74.07,275.81,1725.1,304.6,1420.5,298.79,1.41,50.23,247.16,104.5,9.35,0.05,95.1,381.01,312.53,68.48,400.5,1800.59,53.62,1746.97,405.64,7.7,639.9
10217.06,2756.23,875.0,1066.34,647.3,160.91,6.67,115.93,355.54,323.38,32.16,480.68,249.51,29.04,107.34,94.78,1078.68,314.27,68.96,245.31,1468.27,253.34,1214.93,270.45,0.51,43.96,225.98,101.69,6.09,0.04,95.56,339.9,271.7,68.2,378.44,1567.24,44.88,1522.37,355.43,10.08,624.23
11122.43,2785.31,923.31,1014.99,652.0,187.22,7.8,137.77,270.36,247.22,23.14,582.2,308.27,37.69,132.52,103.72,1154.26,403.54,86.93,316.61,1640.47,284.12,1356.34,332.54,0.43,59.45,272.66,109.32,7.78,0.08,101.46,458.61,337.71,120.9,426.05,1778.17,50.08,1728.09,342.84,16.44,684.58
11044.71,2824.13,962.26,1001.52,662.14,190.88,7.33,116.11,267.62,246.38,21.25,584.84,322.48,37.83,127.68,96.86,1121.48,409.46,78.98,330.48,1553.0,272.15,1280.85,334.62,0.61,63.01,271.0,114.07,7.11,0.11,106.85,409.62,335.31,74.3,372.66,1830.8,55.71,1775.09,421.83,12.68,671.78
11597.84,2966.16,997.35,1057.24,695.23,208.41,7.92,93.58,298.16,268.72,29.43,622.99,342.28,40.68,132.26,107.77,1195.06,429.56,81.31,348.25,1622.09,281.25,1340.84,350.92,0.62,61.58,288.71,114.53,7.82,0.04,106.67,425.86,353.71,72.14,399.26,1983.28,56.65,1926.63,370.45,14.34,711.62
10947.01,2730.42,822.86,980.46,705.53,214.31,7.26,67.41,273.72,250.47,23.25,553.05,283.56,37.76,126.88,104.85,1184.37,405.59,71.71,333.88,1598.97,279.16,1319.81,351.73,0.62,64.61,286.5,119.94,7.0,0.08,112.85,371.97,307.72,64.25,403.81,1840.76,51.5,1789.26,332.38,14.98,697.9
11594.44,2994.06,900.27,1133.01,734.92,219.01,6.86,61.83,274.28,251.63,22.66,521.48,262.37,37.94,124.58,96.58,1269.59,503.04,70.68,432.37,1652.57,297.94,1354.63,364.16,0.42,57.23,306.51,115.99,8.1,0.05,107.85,382.12,310.64,71.48,418.28,1963.68,47.62,1916.07,351.55,11.16,710.64
11108.44,2776.94,786.36,1012.68,749.07,221.68,7.15,54.02,282.25,261.42,20.83,458.01,204.59,32.87,124.38,96.18,1266.68,359.85,75.52,284.33,1662.08,286.08,1376.0,360.49,1.15,58.38,300.96,117.05,6.56,0.07,110.42,375.2,301.01,74.18,438.11,1947.14,47.9,1899.24,317.78,12.41,680.44
11346.09,3150.19,1012.67,1147.92,761.97,221.43,6.2,44.72,414.59,376.88,37.7,548.06,300.69,37.14,111.79,98.44,1225.3,327.75,80.27,247.48,1527.28,262.1,1265.18,313.41,0.94,48.15,264.32,118.9,6.54,0.02,112.34,386.46,311.48,74.98,397.93,1865.82,54.77,1811.05,310.43,10.26,705.01
11632.89,3038.85,1131.1,999.02,678.08,223.05,7.59,55.02,294.88,272.01,22.87,636.03,388.22,40.23,111.06,96.52,1258.2,403.67,85.91,317.76,1656.77,277.59,1379.18,352.39,2.07,61.08,289.24,119.21,8.58,0.03,110.6,433.0,368.58,64.42,408.56,1900.47,64.99,1835.47,355.79,11.79,708.27
11440.21,2949.6,1086.84,986.98,657.67,210.3,7.81,55.58,297.69,276.3,21.39,636.49,390.47,39.24,102.71,104.07,1224.43,359.25,75.23,284.03,1665.07,301.76,1363.31,356.08,0.66,57.77,297.64,128.84,7.51,0.06,121.27,418.01,352.36,65.64,399.63,1848.94,68.15,1780.8,354.34,13.01,733.25
11971.87,3137.17,1201.77,1023.59,691.0,212.16,8.66,73.59,337.32,315.86,21.46,599.5,349.28,39.38,110.38,100.47,1165.21,351.56,75.77,275.79,1714.6,306.38,1408.22,353.23,0.7,57.91,294.61,131.79,9.02,0.12,122.65,437.86,358.17,79.69,412.34,2099.67,70.62,2029.05,399.39,8.84,749.8
11523.49,2885.98,942.01,1006.79,719.88,207.44,9.85,108.36,364.3,335.21,29.08,508.97,253.24,33.94,118.93,102.86,1063.93,377.61,81.52,296.09,1809.73,317.92,1491.81,330.26,0.9,51.14,278.23,125.62,11.25,0.63,113.74,393.29,322.34,70.95,439.24,1929.46,60.52,1868.93,444.66,10.14,731.95
10377.11,2659.34,899.14,909.72,652.95,188.64,8.89,118.89,347.05,322.28,24.76,473.03,243.41,29.19,113.38,87.04,958.26,329.16,70.61,258.55,1526.92,262.32,1264.61,287.19,1.28,54.11,231.8,118.8,7.91,0.07,110.83,364.25,295.66,68.59,404.18,1722.88,51.38,1671.5,395.13,10.62,661.39
11662.36,2910.07,1028.82,957.87,692.94,220.86,9.58,121.55,310.16,288.43,21.73,579.14,300.61,38.52,136.97,103.04,1084.3,416.74,77.58,339.16,1733.4,304.3,1429.1,356.43,1.18,68.62,286.63,122.99,8.99,0.13,113.86,472.58,352.29,120.29,469.35,1932.15,57.77,1874.38,363.74,17.03,772.74
11307.77,2834.31,975.96,932.34,692.49,224.7,8.82,116.16,298.23,277.69,20.54,543.72,286.68,36.19,122.5,98.36,1060.19,377.33,71.13,306.2,1673.88,279.95,1393.93,339.04,0.69,62.96,275.39,130.98,7.82,0.14,123.02,410.89,338.44,72.44,405.63,1886.85,65.41,1821.43,491.05,13.01,726.53
12108.86,3046.93,1046.15,1006.07,741.14,244.13,9.43,97.15,328.05,300.98,27.06,585.88,297.47,41.0,140.73,106.68,1161.73,438.26,69.94,368.33,1793.63,310.83,1482.8,370.82,0.72,61.03,309.08,134.88,9.75,0.02,125.1,430.67,358.35,72.33,443.48,2048.93,60.94,1988.0,402.79,14.91,810.74
11319.85,2818.69,900.6,926.29,732.83,249.86,9.1,74.94,303.1,281.11,21.99,526.42,256.72,37.81,129.43,102.46,1119.51,356.2,66.53,289.67,1726.17,306.05,1420.11,352.63,1.01,57.13,294.49,130.72,7.92,-0.07,122.87,389.72,325.37,64.35,446.15,1946.99,59.28,1887.71,342.52,13.55,772.55
11558.14,2873.62,884.43,979.11,741.89,259.59,8.59,70.06,301.01,280.17,20.84,501.84,238.65,37.92,127.19,98.09,1125.53,371.92,63.94,307.97,1819.51,329.08,1490.42,363.01,1.23,59.8,301.98,133.99,8.39,0.02,125.57,398.79,326.46,72.32,451.32,2017.72,50.77,1966.95,380.9,11.22,737.72
11654.18,2858.3,859.73,969.56,765.33,254.89,8.79,65.53,317.56,294.09,23.46,458.78,198.18,35.44,128.17,96.99,1193.92,359.48,65.02,294.46,1859.36,338.27,1521.09,365.67,0.86,56.16,308.65,135.71,7.99,0.01,127.72,382.15,309.79,72.36,489.5,2032.66,51.78,1980.89,336.09,11.74,787.73
11375.74,3111.89,1043.96,1045.94,757.83,256.73,7.43,55.33,409.3,375.75,33.55,487.94,255.4,34.83,110.2,87.51,1096.47,330.02,66.85,263.17,1628.05,290.38,1337.68,316.47,0.76,48.98,266.73,135.34,7.94,0.0,127.4,383.41,312.24,71.17,434.64,1873.88,58.5,1815.38,364.78,8.76,739.45
11919.39,3037.9,1106.58,932.72,729.7,260.63,8.27,58.9,330.92,308.83,22.09,583.32,326.31,40.21,118.87,97.92,1159.18,335.04,74.21,260.83,1885.64,325.31,1560.33,357.86,0.96,54.23,302.67,146.54,9.87,0.01,136.65,418.47,355.6,62.87,443.6,2005.28,75.44,1929.84,382.06,11.56,763.13
11972.63,3058.79,1158.58,953.81,693.73,244.77,7.89,60.83,338.43,316.87,21.56,583.57,333.75,39.28,108.95,101.59,1173.71,358.95,62.57,296.38,1888.14,333.71,1554.43,368.92,0.68,58.37,309.87,152.17,8.42,0.0,143.75,420.03,353.65,66.38,447.37,1947.82,73.3,1874.52,353.25,10.61,810.03
12532.15,3207.23,1235.81,987.04,724.38,251.36,8.63,77.24,376.39,356.62,19.77,557.07,299.65,40.73,118.33,98.36,1191.52,327.2,70.79,256.4,1904.5,341.12,1563.38,357.48,1.01,58.76,297.71,157.42,8.12,0.01,149.29,452.55,371.38,81.17,442.46,2204.43,84.08,2120.34,469.17,8.96,798.54
12009.41,3070.65,958.94,1071.18,789.9,241.84,8.79,103.79,484.68,451.11,33.57,464.59,221.32,33.33,116.09,93.85,1152.38,336.03,58.14,277.89,1920.61,344.18,1576.43,312.51,1.02,45.06,266.43,145.82,8.36,0.0,137.45,393.11,326.55,66.55,448.15,1945.64,55.93,1889.71,459.52,8.56,763.37
9732.35,2430.8,598.33,779.0,828.5,221.4,3.57,144.45,346.81,327.58,19.23,361.62,159.99,25.83,97.82,77.99,1021.05,314.51,59.24,255.27,1696.2,284.27,1411.93,291.63,0.74,49.0,241.89,108.07,5.12,0.01,102.93,274.77,218.09,56.68,360.38,1389.84,44.54,1345.3,284.01,13.03,695.2
8159.64,2186.03,346.9,774.96,844.54,219.2,0.43,145.05,377.64,359.98,17.66,258.16,105.47,20.9,71.66,60.13,890.48,319.62,53.61,266.01,1303.86,190.86,1113.0,284.69,0.57,52.21,231.91,60.29,3.08,0.0,57.21,189.37,134.93,54.45,106.72,947.4,20.2,927.2,439.57,16.25,634.51
9041.47,2350.0,628.25,776.86,727.58,217.26,0.05,127.57,355.37,336.92,18.45,346.74,166.18,26.81,87.38,66.37,862.01,372.23,65.67,306.55,1568.82,243.43,1325.39,326.26,1.23,68.18,256.84,78.82,3.76,0.0,75.06,251.16,195.84,55.32,206.85,1251.41,21.88,1229.53,269.23,14.39,660.61
11124.13,2744.24,926.44,876.71,697.01,243.76,0.32,178.88,383.16,357.65,25.51,535.65,293.09,37.64,126.13,78.78,858.27,555.06,91.82,463.24,1758.27,283.21,1475.06,383.97,2.61,76.07,305.29,99.56,3.89,0.14,95.53,383.14,312.47,70.68,342.82,1727.22,35.55,1691.67,411.89,23.36,738.63
11008.16,2781.22,918.01,890.24,705.72,266.95,0.3,159.73,327.13,307.43,19.7,477.79,248.86,35.87,115.29,77.77,896.26,481.97,76.67,405.3,1780.9,306.05,1474.85,370.39,4.03,68.88,297.48,113.29,4.11,0.26,108.92,335.49,273.46,62.03,351.92,1715.01,42.25,1672.76,411.46,21.24,784.35
10726.25,2640.59,832.68,844.45,695.49,267.93,0.04,76.42,329.27,310.06,19.21,410.33,193.59,33.2,104.86,78.69,926.78,381.03,72.52,308.52,1875.99,334.08,1541.92,362.76,0.8,67.72,294.25,120.8,4.22,0.0,116.57,319.84,261.09,58.75,381.35,1775.57,43.64,1731.93,340.59,11.45,773.46
10988.11,2881.3,895.91,943.74,766.7,274.92,0.03,68.68,331.73,313.98,17.75,369.38,170.03,31.86,97.69,69.8,976.79,483.23,73.67,409.56,1758.22,303.56,1454.66,367.79,1.01,63.12,303.66,118.9,4.15,0.0,114.74,316.46,254.73,61.73,400.94,1811.2,48.13,1763.07,330.98,12.3,760.22
10912.91,2998.7,969.7,968.42,784.88,275.66,0.04,61.67,469.7,435.82,33.88,415.61,212.87,31.74,92.5,78.5,921.47,367.48,71.53,295.94,1799.72,282.55,1517.17,367.59,0.45,68.5,298.64,116.04,4.12,0.0,111.92,323.68,257.02,66.66,379.74,1607.73,40.11,1567.61,310.29,9.57,763.92
10916.52,2955.42,1102.68,877.65,700.01,275.04,0.03,56.66,365.79,344.44,21.35,490.61,296.63,33.25,90.25,70.48,908.63,329.82,65.36,264.46,1757.88,306.13,1451.75,349.17,0.61,63.01,285.55,118.44,4.59,0.0,113.85,379.41,323.57,55.84,385.19,1753.72,48.74,1704.98,326.46,9.3,730.02
11418.36,3061.04,1173.58,908.91,708.16,270.35,0.04,61.56,379.43,361.82,17.61,497.5,299.78,33.08,91.26,73.38,926.15,412.7,65.13,347.58,1826.69,315.48,1511.21,353.27,0.69,61.11,291.47,126.64,3.4,0.0,123.24,365.69,309.4,56.29,428.12,1826.52,51.6,1774.92,387.34,9.09,756.62
11188.38,3013.8,1029.25,937.39,778.1,269.03,0.03,75.36,445.5,426.78,18.72,426.72,221.73,31.55,95.79,77.65,995.68,319.67,60.96,258.71,1979.05,348.68,1630.37,385.95,0.79,58.28,326.87,116.04,4.17,0.0,111.87,317.39,248.11,69.28,438.8,1511.64,38.52,1473.12,383.96,6.99,771.83
10512.59,2854.97,897.48,909.95,791.01,256.51,0.01,91.79,454.39,433.08,21.31,357.27,163.63,27.96,96.66,69.02,994.12,373.05,62.43,310.62,1947.26,336.79,1610.47,364.62,1.3,67.89,295.43,95.42,3.63,0.0,91.79,270.78,209.33,61.45,416.62,1266.6,31.43,1235.17,309.09,6.58,710.01
10049.2,2760.95,943.47,882.82,700.2,234.43,0.03,119.77,448.21,421.26,26.96,358.22,175.39,26.22,92.14,64.48,945.77,298.3,50.54,247.76,1708.49,288.33,1420.16,303.57,0.69,61.72,241.17,100.95,3.3,0.0,97.65,286.42,229.82,56.6,379.46,1267.83,31.31,1236.52,409.69,8.13,653.43
11688.11,3013.1,1160.33,866.42,711.56,274.73,0.06,120.82,378.22,360.76,17.46,457.71,236.37,33.69,114.83,72.83,1087.37,438.6,63.92,374.69,1909.35,338.27,1571.08,365.25,1.68,79.44,284.13,118.94,3.76,0.0,115.18,402.73,310.37,92.35,430.72,1621.26,42.23,1579.02,564.51,12.86,766.66
11196.11,2913.16,1107.74,829.62,703.73,272.03,0.05,92.86,369.2,350.42,18.79,448.98,233.92,33.22,110.42,71.43,1054.49,348.95,54.53,294.42,1913.87,336.42,1577.44,380.2,0.48,78.95,300.77,125.1,3.96,0.0,121.14,352.73,290.32,62.41,382.96,1605.82,42.68,1563.14,412.55,11.8,783.44
11741.01,3154.46,1204.39,912.21,746.89,290.91,0.06,81.62,412.17,390.64,21.52,475.88,252.21,37.43,112.64,73.61,1072.79,393.48,55.77,337.71,1841.06,318.74,1522.32,373.18,0.61,81.09,291.48,129.24,4.03,0.0,125.21,389.59,322.85,66.74,404.05,1795.78,50.86,1744.91,404.64,10.47,802.61
10999.04,2914.65,1045.07,826.51,741.27,301.7,0.09,60.78,367.0,348.3,18.69,428.86,215.69,33.62,107.16,72.39,1050.87,359.9,47.74,312.16,1920.99,346.08,1574.91,391.36,0.87,78.02,312.47,121.7,3.99,0.0,117.71,332.98,279.37,53.61,405.88,1502.09,41.76,1460.33,366.44,9.57,765.96
11314.62,2886.01,975.48,836.1,765.41,308.96,0.07,51.97,370.86,352.37,18.49,412.87,193.91,34.04,112.05,72.87,1152.07,364.58,47.21,317.37,1986.67,361.46,1625.21,409.99,1.33,79.13,329.53,129.55,4.3,0.0,125.24,343.46,282.64,60.82,425.9,1646.51,40.6,1605.91,336.29,8.22,789.67
10949.86,2945.43,959.13,889.67,781.85,314.66,0.12,45.32,384.44,367.76,16.68,354.49,152.63,30.52,106.97,64.37,1110.99,337.93,44.93,293.0,1907.15,338.31,1568.84,374.92,1.31,78.97,294.64,116.01,4.16,0.0,111.85,312.97,256.17,56.8,436.28,1520.63,44.96,1475.66,351.93,8.84,742.53
11357.09,3179.39,1142.42,921.13,794.45,321.27,0.11,39.25,550.39,516.83,33.56,451.39,231.68,36.31,110.88,72.52,1084.0,301.35,47.61,253.74,1801.95,312.47,1489.48,365.66,1.47,76.58,287.61,122.09,3.48,0.0,118.61,356.86,290.07,66.8,415.71,1572.14,46.4,1525.74,348.8,9.18,758.92
12179.14,3171.87,1287.01,842.63,725.79,316.31,0.13,53.95,416.98,398.13,18.85,527.9,299.94,40.81,115.26,71.89,1203.9,346.75,62.11,284.64,2068.33,353.41,1714.93,418.77,1.08,85.29,332.39,135.01,4.9,0.0,130.11,399.19,340.5,58.68,436.36,1805.36,69.03,1736.33,396.34,9.8,788.64
12388.34,3279.7,1366.66,873.23,727.29,312.28,0.25,28.74,426.91,409.74,17.16,523.59,309.02,37.95,104.25,72.36,1206.03,366.96,55.41,311.55,2031.43,347.78,1683.65,397.3,0.98,76.91,319.41,143.64,4.52,0.0,139.12,407.35,350.57,56.78,438.78,1916.74,71.93,1844.8,400.12,8.43,812.63
12611.86,3241.7,1281.8,855.02,787.69,317.04,0.16,53.63,500.49,481.03,19.46,492.78,258.95,39.26,115.28,79.3,1253.44,292.85,55.62,237.22,2205.68,380.49,1825.18,415.16,1.5,72.61,341.04,142.94,4.14,0.0,138.8,399.67,323.54,76.12,501.52,1823.3,62.7,1760.6,444.6,6.66,837.43
12376.68,3326.77,1214.11,971.23,838.11,303.18,0.14,165.08,617.32,587.11,30.21,423.04,200.66,34.57,115.24,72.57,1246.19,293.94,48.46,245.49,2187.23,372.2,1815.04,366.96,1.14,61.44,304.38,130.08,3.93,0.0,126.15,347.81,284.0,63.81,456.34,1566.5,47.56,1518.94,490.35,6.68,752.39
9956.07,2641.94,989.62,721.93,658.97,271.23,0.2,24.88,378.95,360.9,18.05,335.37,157.22,26.18,96.24,55.73,1012.79,285.06,41.92,243.14,1829.44,294.82,1534.62,290.86,0.61,55.98,234.27,108.18,3.6,0.0,104.57,288.75,234.19,54.56,383.96,1257.87,46.55,1211.32,429.33,7.98,680.7
11970.02,3047.77,1148.24,818.04,751.65,329.62,0.22,125.21,418.97,399.13,19.84,440.43,222.89,34.12,113.61,69.81,1270.81,315.8,48.36,267.43,2128.35,334.15,1794.2,371.5,0.7,85.28,285.52,122.95,3.98,0.0,118.97,388.23,298.85,89.38,437.59,1575.08,50.87,1524.21,482.93,12.1,832.32
12439.68,3073.24,1210.07,808.42,733.22,321.25,0.28,167.29,408.25,387.11,21.14,478.76,259.35,37.08,113.59,68.74,1387.76,282.8,43.49,239.31,2097.55,339.91,1757.64,402.11,0.9,93.67,307.54,144.04,5.45,0.0,138.59,407.19,343.83,63.36,400.97,1844.47,67.97,1776.51,470.29,10.71,864.22
