날짜,경북_합계,경북_종합소매,경북_ 백화점,경북_ 대형마트/유통전문점,경북_ 슈퍼마켓,경북_ 편의점,경북_ 면세점,경북_전자상거래/통신판매,경북_식료품,경북_ 일반식료품,경북_ 건강보조식품,경북_의류/잡화,경북_ 의복/직물,경북_ 복식잡화,경북_ 시계/귀금속/안경,경북_ 화장품,경북_연료,경북_가구/가전,경북_ 가구,경북_ 가전제품/정보통신기기,경북_의료/보건,경북_ 종합병원,경북_ 일반병의원/기타의료기관,경북_자동차,경북_ 국산자동차신품,경북_ 기타운송수단,경북_ 자동차 부품 및 정비,경북_여행/교통,경북_ 여행사/자동차임대,경북_ 항공사,경북_ 대중교통,경북_오락/문화,경북_ 스포츠/오락/여가,경북_ 서적/문구,경북_교육,경북_숙박/음식,경북_ 숙박,경북_ 음식점,경북_공과금/개인 및 전문 서비스,경북_금융/보험,경북_기타
2012/11,8264.79,1397.05,190.15,773.93,383.64,49.33,0.0,8.83,228.73,207.11,21.62,515.56,353.55,33.46,53.07,75.48,2527.36,263.29,27.6,235.69,487.06,123.85,363.22,279.56,0.3,17.0,262.25,3.48,2.98,0.0,0.5,636.03,590.69,45.34,227.98,1190.73,76.89,1113.84,139.68,0.18,359.26
2012/12,8113.56,1508.28,192.87,863.39,403.6,48.42,0.0,9.78,233.88,218.66,15.22,507.32,338.95,35.09,55.09,78.19,2435.38,208.26,23.01,185.25,464.53,119.42,345.12,302.51,0.37,13.87,288.27,3.18,2.6,0.0,0.58,504.1,451.48,52.61,185.4,1248.87,77.72,1171.15,140.76,0.19,361.11
2013/01,7848.5,1420.91,145.6,814.91,412.97,47.42,0.0,11.19,259.33,242.4,16.93,431.28,274.97,25.98,58.38,71.95,2412.05,184.48,23.8,160.68,540.57,135.33,405.24,272.76,0.43,13.77,258.56,3.33,2.62,0.0,0.71,409.07,358.8,50.27,208.11,1219.64,83.24,1136.4,148.33,0.13,327.31
2013/02,7254.54,1421.87,130.94,844.1,401.62,45.22,0.0,13.59,283.24,261.88,21.36,388.1,239.36,22.86,54.27,71.62,2228.13,180.63,22.49,158.14,463.3,117.78,345.53,230.5,0.31,13.68,216.5,3.04,2.38,0.0,0.66,380.57,338.86,41.71,199.49,1029.89,61.52,968.37,131.14,0.04,301.01
2013/03,8128.51,1359.14,138.96,766.79,401.39,51.99,0.0,10.69,249.45,232.28,17.17,475.33,294.82,32.48,70.84,77.2,2442.27,241.72,31.39,210.34,514.06,129.96,384.11,278.61,0.62,21.64,256.35,4.12,3.22,0.0,0.91,598.17,502.29,95.89,194.87,1252.61,77.05,1175.56,155.7,0.05,351.72
2013/04,8031.43,1443.1,161.85,806.42,421.46,53.37,0.0,9.34,241.51,224.93,16.58,468.27,296.61,31.06,68.28,72.32,2353.93,216.21,29.81,186.4,501.78,128.79,372.99,267.41,0.29,20.64,246.48,4.12,3.05,0.0,1.06,575.81,514.05,61.76,177.97,1268.09,82.34,1185.75,150.57,0.06,353.27
2013/05,8529.85,1586.35,156.17,907.9,464.03,58.25,0.0,9.88,261.11,240.57,20.54,559.14,367.88,36.09,74.47,80.7,2333.52,255.13,31.23,223.9,513.58,132.65,380.93,303.28,0.46,21.8,281.01,5.17,3.97,0.0,1.2,626.66,581.61,45.05,179.89,1354.61,82.44,1272.17,159.84,0.06,381.63
2013/06,7898.87,1477.96,123.39,841.22,457.21,56.14,0.0,8.64,230.3,213.88,16.42,449.36,276.7,32.66,68.86,71.13,2218.62,247.73,30.36,217.37,486.45,130.13,356.32,299.77,0.32,20.78,278.67,4.41,3.16,0.0,1.25,551.42,510.71,40.71,179.8,1233.47,76.53,1156.94,149.11,0.02,361.81
2013/07,8609.47,1697.42,127.34,1005.59,498.61,65.88,0.0,11.46,246.01,229.28,16.73,439.3,261.99,31.07,73.28,72.97,2374.35,323.37,29.53,293.85,515.41,139.0,376.41,319.15,0.3,21.61,297.23,4.59,3.51,0.0,1.08,549.36,499.78,49.57,185.26,1402.95,93.74,1309.21,166.29,0.05,374.51
2013/08,8679.06,1620.99,100.04,941.98,513.29,65.69,0.0,15.81,277.23,261.28,15.95,350.66,188.33,23.96,69.33,69.04,2505.87,283.96,29.05,254.9,515.76,136.1,379.67,312.25,0.32,19.83,292.1,6.1,4.84,0.0,1.26,516.54,470.17,46.38,211.85,1528.58,129.85,1398.73,177.18,0.05,356.22
2013/09,8203.55,1700.98,147.83,987.98,501.73,63.43,0.0,9.94,341.79,311.48,30.31,444.63,285.84,29.34,59.72,69.73,2306.18,189.81,32.42,157.39,460.11,118.76,341.35,269.24,0.48,16.47,252.3,4.19,3.07,0.0,1.12,550.19,499.18,51.01,169.89,1252.55,74.93,1177.63,148.57,0.07,355.4
2013/10,8258.25,1432.0,162.66,776.67,430.77,61.89,0.0,9.92,259.05,227.7,31.35,502.62,334.75,32.02,61.33,74.51,2357.1,214.32,33.26,181.05,531.61,130.74,400.87,304.83,0.45,19.99,284.39,4.82,3.6,0.0,1.22,639.35,596.31,43.04,181.69,1299.14,86.8,1212.35,157.21,0.1,364.49
2013/11,8283.52,1446.76,180.7,794.48,414.31,57.27,0.0,9.11,252.43,232.59,19.84,529.21,370.92,31.39,55.3,71.6,2377.57,260.6,29.03,231.57,505.66,128.51,377.15,305.92,0.54,16.0,289.38,4.36,3.23,0.0,1.13,645.02,601.4,43.62,187.09,1242.65,84.63,1158.01,151.42,0.09,365.66
2013/12,8514.3,1556.48,181.84,886.24,430.0,58.4,0.0,11.2,275.3,259.9,15.4,530.42,356.71,34.21,61.63,77.87,2426.8,223.87,30.2,193.67,519.48,134.9,384.58,308.49,0.41,15.46,292.62,3.72,2.62,0.0,1.1,562.09,510.97,51.13,184.36,1382.06,84.39,1297.67,161.49,0.12,368.43
2014/01,7989.66,1512.48,137.09,872.53,451.38,51.49,0.0,13.69,362.54,338.74,23.8,432.81,275.01,23.93,61.31,72.55,2309.74,193.32,29.5,163.82,529.77,131.76,398.0,270.98,0.4,13.3,257.29,4.08,3.06,0.0,1.01,422.72,376.64,46.07,193.25,1248.29,81.0,1167.29,162.01,0.05,333.92
2014/02,7168.23,1371.16,170.65,762.74,382.34,51.31,4.12,107.37,232.05,217.64,14.41,371.68,230.2,20.35,55.37,65.76,2025.02,192.9,29.03,163.87,495.68,128.42,367.26,243.21,20.25,16.8,206.15,14.48,5.0,3.59,5.9,362.23,317.21,45.02,200.23,1064.87,68.23,996.64,171.25,26.46,289.62
2014/03,8063.77,1436.2,143.21,810.34,425.46,57.19,0.0,11.96,265.11,249.49,15.62,460.25,292.69,28.13,69.08,70.35,2277.06,239.47,38.15,201.32,525.67,132.59,393.08,279.47,0.36,20.56,258.55,4.38,2.85,0.0,1.53,579.67,481.46,98.2,189.64,1282.66,72.46,1210.2,165.85,0.07,346.3
2014/04,7873.43,1393.05,147.88,764.87,420.71,58.91,0.69,46.54,240.88,225.56,15.32,477.53,310.86,28.13,66.65,71.89,2160.25,197.25,33.84,163.41,521.39,134.05,387.34,288.09,3.11,20.82,264.16,9.57,3.91,1.21,4.44,531.25,482.74,48.5,177.92,1253.29,77.86,1175.42,165.05,10.9,400.46
2014/05,8530.32,1553.34,146.79,867.44,474.32,64.79,0.0,10.98,290.67,270.83,19.84,528.47,346.79,30.33,74.4,76.96,2270.78,247.22,35.48,211.75,509.92,130.62,379.3,311.03,0.37,24.37,286.29,5.36,3.61,0.0,1.75,591.54,546.76,44.78,180.35,1443.62,89.25,1354.37,171.31,0.06,415.68
2014/06,8076.31,1548.72,123.04,874.31,484.52,66.85,0.0,10.58,256.55,241.69,14.85,443.38,276.82,28.66,70.27,67.62,2133.75,264.88,37.12,227.76,487.04,125.69,361.35,293.6,0.33,22.0,271.28,5.37,3.52,0.0,1.84,538.79,499.15,39.64,177.08,1353.49,77.9,1275.59,164.12,0.14,398.83
2014/07,8414.72,1577.87,113.63,908.15,485.11,70.98,0.0,13.21,254.23,238.76,15.47,438.83,262.33,28.09,76.95,71.46,2227.21,297.83,36.06,261.77,545.13,143.46,401.67,321.95,0.41,22.96,298.57,5.76,3.89,0.0,1.87,525.44,475.59,49.85,198.17,1420.21,85.08,1335.13,179.61,0.12,409.16
2014/08,8601.69,1579.49,95.38,905.89,506.17,72.05,0.0,17.21,321.31,301.18,20.13,374.45,202.0,23.58,73.62,75.24,2289.57,232.3,38.91,193.39,548.28,139.23,409.06,306.53,0.22,20.84,285.48,6.81,4.79,0.0,2.02,492.09,444.57,47.51,219.85,1622.75,131.11,1491.64,185.02,0.09,405.93
2014/09,8139.15,1637.14,140.53,929.05,491.18,76.38,0.0,11.02,345.79,318.76,27.03,444.77,285.94,26.69,63.93,68.21,2136.27,210.4,35.88,174.53,491.09,123.52,367.57,284.34,0.4,20.76,263.18,5.39,3.57,0.0,1.82,542.18,489.97,52.21,183.24,1303.48,79.04,1224.44,156.97,0.05,387.01
2014/10,8242.29,1421.8,150.47,774.25,424.71,70.94,1.43,40.54,274.39,244.07,30.32,503.42,339.28,28.65,59.95,75.54,2136.84,233.61,41.12,192.49,556.19,130.95,425.25,309.87,10.14,19.16,280.57,13.21,4.82,2.32,6.07,561.7,519.4,42.3,181.73,1368.93,90.64,1278.29,176.22,15.02,448.84
2014/11,8167.05,1434.83,161.39,790.85,416.24,66.35,0.0,10.18,271.5,250.05,21.45,510.45,352.1,28.32,57.83,72.21,2132.29,279.4,39.38,240.02,538.71,133.68,405.03,305.76,0.23,17.6,287.94,5.2,3.33,0.0,1.87,587.18,542.59,44.59,190.24,1325.86,79.35,1246.52,163.28,0.14,412.02
2014/12,8796.5,1703.59,266.76,913.18,446.26,72.97,4.42,131.97,292.75,276.3,16.45,532.41,359.01,30.74,64.21,78.45,2118.11,243.93,36.38,207.56,559.02,145.78,413.24,358.96,33.49,15.09,310.37,18.64,6.23,3.9,8.51,526.71,468.13,58.57,204.53,1418.22,85.23,1332.99,208.68,31.21,447.77
2015/01,7667.75,1405.13,122.48,788.54,432.71,61.39,0.0,13.76,316.72,300.03,16.69,406.49,249.63,21.8,65.75,69.31,1851.57,194.7,35.67,159.03,593.53,146.11,447.43,272.47,0.22,14.39,257.86,5.03,3.56,0.0,1.47,408.84,361.91,46.93,213.02,1417.71,90.68,1327.04,177.59,0.06,391.12
2015/02,7276.78,1555.29,122.59,906.25,459.92,66.53,0.0,14.22,378.98,352.75,26.23,382.71,228.39,20.28,61.13,72.91,1663.14,201.58,36.95,164.64,507.36,127.85,379.52,239.41,0.13,15.66,223.62,4.08,2.77,0.0,1.31,380.97,340.88,40.09,202.14,1220.6,70.24,1150.36,158.96,0.08,367.25
2015/03,8102.6,1478.7,136.03,820.06,444.31,78.31,0.0,12.77,276.4,259.22,17.18,479.15,296.27,28.57,78.89,75.42,1943.15,271.35,50.45,220.9,586.71,143.11,443.6,306.16,0.39,21.48,284.29,4.49,2.84,0.0,1.65,571.64,474.63,97.01,195.01,1371.23,74.25,1296.98,190.72,0.06,415.07
2015/04,7847.24,1479.14,133.76,796.12,460.68,88.58,0.0,11.84,269.57,253.31,16.26,468.47,293.66,27.8,73.05,73.96,1827.68,207.7,45.2,162.5,581.27,144.97,436.3,304.67,0.3,22.86,281.51,5.8,3.91,0.01,1.87,534.13,485.32,48.81,181.37,1390.95,83.68,1307.26,180.29,0.09,404.27
2015/05,8876.31,1727.71,144.63,946.29,535.79,101.01,0.0,11.29,332.25,312.67,19.58,558.14,353.53,31.77,90.51,82.33,1985.23,260.16,48.37,211.79,575.41,145.35,430.06,339.48,0.15,25.04,314.29,7.5,5.05,0.0,2.45,625.8,582.99,42.81,185.05,1627.81,97.0,1530.82,199.45,0.06,440.97
2015/06,7911.79,1623.58,115.59,871.89,531.36,104.75,0.0,11.3,274.69,256.0,18.69,425.54,249.73,27.17,74.23,74.4,1833.14,246.93,50.39,196.54,521.78,120.66,401.12,323.1,0.43,25.74,296.93,5.54,3.77,0.0,1.77,525.88,486.6,39.28,185.39,1350.12,67.35,1282.77,175.18,0.13,409.49
2015/07,8460.71,1689.08,110.04,930.04,535.76,113.23,0.0,14.08,280.3,264.1,16.2,435.03,249.88,26.01,77.7,81.45,1927.19,310.86,48.11,262.75,590.26,145.34,444.91,345.38,0.23,22.7,322.46,6.64,4.59,0.01,2.04,540.02,490.04,49.98,195.99,1519.54,86.5,1433.04,186.7,0.33,419.33
2015/08,8930.12,1875.19,132.25,1026.17,580.88,122.69,13.2,16.61,330.61,314.63,15.99,393.49,207.02,23.62,79.36,83.49,1976.47,300.67,47.4,253.27,585.69,146.38,439.31,328.04,0.2,22.27,305.58,7.97,5.02,0.03,2.92,537.79,491.57,46.22,221.96,1771.12,133.02,1638.1,182.76,0.3,401.44
2015/09,8487.24,1905.33,179.05,1042.76,562.73,120.43,0.36,11.23,417.5,383.76,33.74,468.77,298.23,26.48,65.91,78.15,1846.24,221.19,49.55,171.64,573.14,137.57,435.57,308.92,0.24,19.98,288.69,5.93,3.79,0.0,2.13,538.07,485.82,52.25,180.86,1423.64,76.73,1346.91,170.45,0.3,415.66
2015/10,8495.23,1646.49,223.59,833.67,468.94,120.28,0.0,11.88,299.0,268.81,30.19,521.61,339.36,29.64,70.08,82.53,1858.84,251.45,53.64,197.81,636.63,145.54,491.09,339.02,0.25,22.78,315.99,7.17,4.78,0.0,2.4,615.15,575.15,40.0,196.99,1505.59,98.77,1406.82,187.66,0.13,417.62
2015/11,8336.39,1695.27,231.58,876.46,471.81,115.42,0.0,11.0,289.97,269.59,20.38,520.29,354.58,28.93,61.91,74.87,1812.99,287.21,48.27,238.94,585.7,136.89,448.8,313.54,0.15,15.47,297.92,5.43,3.3,0.0,2.13,573.76,535.4,38.37,189.51,1471.53,91.14,1380.4,180.36,0.11,399.71
2015/12,8571.05,1702.47,214.68,891.27,481.34,115.19,0.0,11.73,316.3,299.15,17.15,526.65,339.64,29.67,69.95,87.39,1889.89,240.95,47.33,193.62,633.11,149.47,483.64,346.44,0.21,16.29,329.93,6.26,4.06,0.0,2.19,509.35,457.99,51.36,205.95,1556.31,90.13,1466.17,192.62,0.11,432.92
2016/01,8204.08,1659.96,174.21,878.66,499.36,107.73,0.0,13.31,356.24,337.03,19.21,440.71,262.56,22.97,71.37,83.81,1808.4,205.83,45.25,160.57,658.2,151.16,507.04,312.97,0.18,14.17,298.62,5.62,3.6,0.0,2.02,392.75,347.97,44.78,211.23,1542.47,93.82,1448.65,197.71,0.14,398.53
2016/02,7789.99,1769.12,174.68,976.6,509.35,108.49,0.0,16.97,381.85,356.82,25.03,403.59,239.81,21.27,66.67,75.84,1617.17,224.82,49.35,175.48,601.1,144.22,456.88,259.1,0.21,14.27,244.62,6.08,3.96,0.0,2.12,382.55,342.37,40.18,223.56,1356.32,75.25,1281.07,177.76,0.21,369.77
2016/03,8307.19,1657.67,174.22,865.4,494.33,123.71,0.0,13.36,289.96,271.59,18.37,468.2,285.02,27.33,77.98,77.87,1751.04,267.61,57.3,210.31,679.75,157.5,522.25,330.64,0.4,26.23,304.01,7.45,4.75,0.0,2.69,561.09,462.85,98.23,207.23,1460.31,78.22,1382.09,206.46,0.23,406.22
2016/04,8288.08,1684.55,186.93,854.69,515.9,127.03,0.0,11.92,291.65,272.83,18.83,492.24,308.15,29.03,76.66,78.4,1695.47,217.13,49.44,167.69,643.15,145.49,497.66,332.08,0.38,23.66,308.04,8.89,6.16,0.0,2.73,558.45,512.84,45.62,189.63,1536.33,91.38,1444.96,203.06,0.24,423.28
2016/05,9039.04,1864.25,158.6,975.01,586.29,144.35,0.0,13.87,337.2,312.88,24.32,560.36,360.77,33.55,86.63,79.41,1837.3,259.73,57.09,202.64,619.32,146.31,473.01,340.22,0.46,23.16,316.59,11.23,7.54,0.0,3.69,616.79,574.6,42.19,190.21,1737.3,99.53,1637.77,220.22,0.21,430.83
2016/06,8562.26,1739.71,123.94,898.6,571.15,146.01,0.0,12.17,291.67,272.54,19.13,487.69,299.23,30.77,78.64,79.05,1839.17,265.94,52.41,213.53,624.59,144.68,479.92,348.76,0.54,23.17,325.05,10.57,6.96,0.0,3.61,547.98,507.16,40.83,198.16,1589.15,92.73,1496.42,198.61,0.18,407.91
2016/07,8836.9,1792.34,116.38,936.43,590.19,149.34,0.0,13.56,291.43,273.22,18.2,442.47,256.8,29.93,78.66,77.09,1899.57,336.39,55.59,280.8,652.24,154.94,497.3,358.44,0.62,20.45,337.36,11.58,7.85,0.0,3.73,537.25,489.84,47.41,204.53,1687.72,99.2,1588.53,201.37,0.21,407.78
2016/08,9150.88,1922.49,109.11,1014.84,629.06,169.46,0.0,19.76,326.25,307.18,19.07,375.6,194.0,25.51,77.04,79.05,1936.86,315.64,51.81,263.82,639.06,152.05,487.01,344.52,0.46,19.6,324.46,11.86,7.81,0.0,4.05,519.27,473.27,46.0,243.21,1906.2,151.91,1754.29,198.34,0.2,391.61
2016/09,8449.98,1885.26,134.82,986.86,607.84,155.74,0.0,14.06,384.27,348.4,35.87,412.02,245.47,27.2,67.19,72.16,1794.88,229.32,52.94,176.37,603.58,141.78,461.79,320.24,0.23,18.16,301.85,9.02,6.44,0.0,2.58,506.41,457.62,48.79,197.53,1511.06,82.04,1429.01,187.64,0.32,394.37
2016/10,8805.77,1783.23,171.81,881.29,571.34,158.79,0.0,11.7,374.21,341.34,32.87,476.01,301.94,28.77,69.18,76.11,1880.34,241.16,56.83,184.32,665.32,148.16,517.16,347.98,0.73,21.26,325.98,8.4,6.22,0.0,2.19,603.96,562.7,41.26,199.8,1589.14,86.44,1502.7,206.35,0.46,417.72
2016/11,8707.67,1676.15,159.33,834.86,530.77,151.19,0.0,11.04,315.55,293.82,21.72,511.58,341.71,27.28,61.92,80.67,1973.59,250.28,48.96,201.33,662.95,150.37,512.58,353.48,0.38,17.01,336.09,7.82,5.57,0.0,2.25,608.05,567.8,40.26,211.52,1514.09,87.32,1426.77,201.69,0.51,409.37
2016/12,8978.92,1685.04,153.04,842.14,538.98,150.88,0.0,12.11,349.38,331.81,17.57,496.48,300.28,28.62,71.5,96.09,2090.78,217.73,46.1,171.62,735.24,165.41,569.83,369.15,0.48,18.94,349.73,8.37,6.08,0.0,2.29,515.01,464.52,50.49,214.29,1637.61,87.31,1550.31,212.0,0.5,435.23
2017/01,8909.7,1900.2,139.12,1016.4,598.71,145.96,0.0,14.4,486.11,458.87,27.25,427.65,255.45,22.26,67.37,82.58,2064.86,205.4,44.58,160.83,659.03,150.45,508.59,306.27,0.38,15.07,290.82,7.0,4.43,0.0,2.57,408.41,364.61,43.8,193.58,1617.1,87.2,1529.9,221.59,0.55,397.55
2017/02,7864.56,1447.81,116.57,732.89,466.05,132.3,0.0,16.42,299.62,285.55,14.07,389.18,214.2,21.07,72.2,81.71,1902.78,231.43,48.84,182.59,648.45,143.32,505.14,285.55,0.52,16.56,268.46,6.91,4.53,0.0,2.38,389.36,346.73,42.63,235.85,1437.71,79.0,1358.72,214.69,0.42,358.38
2017/03,9075.11,1703.61,133.93,858.04,553.6,158.04,0.0,17.48,340.71,324.16,16.55,466.8,273.84,27.82,83.27,81.87,2144.95,247.75,53.03,194.72,705.48,155.01,550.47,349.38,0.76,26.16,322.46,8.11,5.66,0.0,2.46,588.92,493.01,95.92,214.64,1608.56,79.66,1528.9,239.77,0.59,438.36
2017/04,8963.9,1697.73,132.46,839.34,565.54,160.39,0.0,11.66,329.96,312.31,17.66,484.04,293.18,28.47,83.41,78.98,2041.52,247.09,48.04,199.05,696.26,152.82,543.43,344.05,0.46,23.73,319.87,9.43,6.89,0.0,2.55,575.78,530.26,45.52,193.5,1663.96,95.42,1568.55,239.89,0.66,428.37
2017/05,9761.82,1962.75,151.07,987.7,634.99,188.99,0.0,14.43,379.42,358.32,21.1,528.98,327.77,31.21,89.39,80.61,2073.76,307.98,52.81,255.17,693.72,152.88,540.84,353.93,0.26,25.12,328.55,12.59,8.79,0.0,3.8,646.36,605.08,41.28,198.12,1892.04,111.16,1780.87,249.69,0.57,447.49
2017/06,8948.76,1791.22,109.37,892.67,602.69,186.44,0.05,13.25,315.67,299.31,16.36,452.28,256.07,28.74,85.97,81.5,1933.74,292.24,48.57,243.67,700.43,155.02,545.41,354.56,0.58,23.74,330.24,9.85,7.13,0.11,2.6,560.66,520.1,40.56,203.14,1658.74,84.23,1574.52,222.28,0.88,439.82
2017/07,9561.23,1975.09,117.93,1010.98,646.33,199.85,0.0,15.15,328.53,312.75,15.78,448.51,259.53,27.27,81.61,80.1,1990.38,413.22,55.79,357.43,713.11,160.95,552.16,359.36,0.42,21.7,337.24,11.44,7.58,0.0,3.86,548.29,502.06,46.23,205.13,1874.07,108.47,1765.6,234.22,0.69,444.05
2017/08,9713.09,1969.15,96.86,987.45,672.44,212.4,0.0,18.75,374.66,357.77,16.89,378.19,188.99,24.25,81.47,83.47,2034.41,310.24,54.26,255.98,742.08,169.24,572.84,352.68,0.51,22.66,329.51,13.76,7.44,0.0,6.32,545.17,496.78,48.39,247.06,2058.29,162.41,1895.88,227.71,0.49,440.45
2017/09,9320.37,1906.37,131.81,943.83,624.77,205.96,0.0,14.05,403.26,373.55,29.72,450.86,259.54,27.15,75.97,88.2,2045.68,264.59,55.91,208.68,739.55,160.84,578.71,356.83,0.58,25.23,331.02,12.48,6.87,0.0,5.61,544.02,493.08,50.94,209.45,1696.26,92.66,1603.61,224.59,0.73,451.64
2017/10,9830.9,2054.94,152.51,1019.61,665.26,217.56,0.0,14.17,465.64,432.16,33.49,483.26,306.46,27.84,71.88,77.09,2112.37,280.8,54.67,226.13,669.38,148.73,520.65,313.11,0.71,20.63,291.77,13.44,7.63,0.0,5.8,641.3,604.46,36.84,193.32,1930.67,131.26,1799.41,230.87,0.53,427.11
2017/11,9411.94,1768.58,146.12,853.03,571.44,197.99,0.0,12.47,346.18,321.19,24.99,522.78,342.65,28.1,65.79,86.23,2208.63,288.49,45.58,242.91,735.82,158.77,577.05,359.37,0.49,17.01,341.87,10.43,5.15,0.0,5.28,624.76,585.95,38.81,208.68,1665.64,101.17,1564.47,226.2,0.77,433.14
2017/12,9679.65,1813.91,153.01,884.74,585.33,190.83,0.0,14.11,393.82,373.89,19.93,486.52,302.48,28.94,74.23,80.87,2343.21,248.61,44.66,203.94,790.4,171.6,618.79,372.23,0.52,17.07,354.64,9.45,4.01,0.0,5.45,502.59,454.22,48.37,220.3,1797.57,99.59,1697.98,239.35,0.75,446.85
2018/01,9187.58,1810.12,118.85,894.34,603.92,193.0,0.0,20.74,391.94,373.32,18.62,386.58,225.09,22.4,71.0,68.08,2200.83,263.95,44.18,219.77,800.47,174.87,625.61,302.36,0.59,14.96,286.81,8.94,4.16,0.0,4.78,382.72,341.06,41.66,223.08,1738.03,98.27,1639.77,259.96,0.94,396.92
2018/02,8720.9,1855.44,111.82,961.6,605.53,176.49,0.0,20.24,453.01,422.7,30.31,369.44,207.57,21.0,68.44,72.43,2097.68,252.82,45.6,207.22,675.92,147.98,527.94,273.19,0.24,13.66,259.29,8.75,4.51,0.0,4.24,371.15,333.54,37.61,229.78,1495.66,73.56,1422.1,237.79,0.89,379.14
2018/03,9491.6,1771.63,118.56,857.44,591.96,203.67,0.0,21.82,344.67,327.3,17.37,454.21,261.24,28.36,86.76,77.84,2233.59,297.67,60.61,237.06,778.7,168.32,610.38,342.85,0.4,23.01,319.44,9.23,5.03,0.0,4.19,562.17,469.28,92.88,227.98,1720.11,84.43,1635.69,273.34,1.34,452.31
2018/04,9552.15,1849.66,138.2,885.6,615.92,209.94,0.0,18.32,345.51,329.34,16.16,462.04,279.43,27.8,84.03,70.78,2153.85,290.94,53.07,237.87,738.96,160.61,578.36,339.94,0.43,23.25,316.26,10.75,5.38,0.01,5.36,576.19,532.09,44.1,200.22,1842.8,100.75,1742.05,270.71,1.11,451.16
2018/05,10283.18,2010.94,127.5,984.46,669.32,229.67,0.0,19.73,388.16,366.37,21.79,497.23,302.62,29.42,88.84,76.35,2262.34,329.04,52.27,276.77,772.17,169.92,602.25,367.54,0.55,23.71,343.28,12.68,7.39,0.0,5.29,636.79,596.57,40.22,214.42,2009.75,107.6,1902.15,274.06,1.17,487.17
2018/06,9618.13,1919.9,105.4,905.26,676.94,232.3,0.0,17.69,330.48,313.94,16.54,439.85,255.65,28.67,83.23,72.3,2192.27,282.15,48.46,233.69,753.59,164.53,589.06,360.21,0.3,23.51,336.4,11.95,6.66,0.0,5.3,579.55,539.54,40.01,215.89,1822.29,88.73,1733.56,238.62,1.1,452.59
2018/07,10261.2,2133.41,117.08,1058.4,713.93,244.0,0.0,20.44,344.07,328.37,15.7,433.39,249.88,28.02,84.17,71.32,2260.47,446.04,46.72,399.32,759.5,168.39,591.11,383.17,0.34,21.16,361.68,13.06,8.46,0.0,4.6,534.6,491.97,42.62,219.46,2006.6,108.64,1897.96,251.59,1.21,454.21
2018/08,10334.14,2080.16,94.43,993.87,737.87,253.99,0.0,22.7,379.13,364.39,14.74,366.94,178.93,23.56,85.72,78.74,2296.53,284.58,44.39,240.19,793.38,179.92,613.45,369.19,0.36,19.91,348.93,111.39,7.36,0.0,104.03,513.2,466.66,46.53,263.66,2175.67,160.85,2014.82,236.65,1.22,439.75
2018/09,10232.82,2246.35,133.65,1098.29,771.1,243.27,0.04,20.21,547.0,510.68,36.32,424.52,247.89,26.2,74.29,76.14,2253.46,257.79,51.84,205.95,729.63,156.08,573.55,328.79,0.21,22.54,306.04,79.73,5.68,0.03,74.02,565.92,516.76,49.16,209.02,1889.42,96.53,1792.89,235.49,1.23,444.27
2018/10,10210.33,1910.45,149.06,869.31,645.8,246.28,0.0,21.33,401.91,371.29,30.62,486.21,315.17,30.21,72.11,68.73,2372.27,273.27,56.69,216.57,793.3,160.75,632.55,357.69,0.35,21.17,336.17,93.86,7.11,0.0,86.75,654.73,617.07,37.66,216.64,1925.02,113.5,1811.52,253.67,1.0,448.97
2018/11,10033.97,1852.44,139.61,858.87,626.33,227.63,0.0,19.81,382.18,359.63,22.55,485.41,318.06,29.94,67.12,70.28,2359.14,299.12,47.62,251.49,807.34,168.14,639.19,369.88,0.71,20.52,348.66,83.59,4.53,0.0,79.06,619.79,580.49,39.3,225.81,1827.32,104.0,1723.32,248.62,1.08,452.45
2018/12,10083.34,1916.5,146.61,899.93,647.16,222.8,0.0,21.96,426.88,408.84,18.04,463.11,290.42,29.31,72.75,70.64,2279.64,259.13,50.44,208.69,847.01,179.43,667.58,361.76,0.29,15.0,346.47,81.44,4.86,0.0,76.58,510.4,461.95,48.45,228.08,1958.59,101.25,1857.34,268.8,1.14,458.91
2019/01,9744.47,1908.63,116.44,913.09,661.58,217.39,0.13,31.76,472.53,447.03,25.5,400.88,225.34,23.95,75.85,75.73,2082.36,301.22,55.87,245.36,871.2,182.23,688.97,332.85,0.24,16.99,315.61,82.37,5.03,0.38,76.97,409.91,365.38,44.53,247.44,1880.06,105.3,1774.76,294.08,2.14,427.04
2019/02,8839.49,1811.61,105.53,872.9,633.67,199.51,0.0,24.49,449.44,427.34,22.09,353.61,196.1,22.19,68.27,67.06,1843.74,282.36,50.49,231.87,726.58,151.22,575.36,274.68,0.26,14.0,260.42,66.67,4.04,0.01,62.62,404.92,366.46,38.46,249.42,1694.98,87.98,1607.0,267.86,0.9,388.23
2019/03,10030.52,1877.83,125.27,866.87,655.1,230.58,0.0,25.69,394.54,377.76,16.78,431.08,247.09,27.9,83.37,72.71,2108.13,351.92,64.61,287.31,850.69,170.86,679.82,354.23,0.38,22.3,331.56,85.21,6.01,0.0,79.2,612.14,518.34,93.8,241.17,1922.48,94.08,1828.4,298.16,1.2,476.05
2019/04,9852.34,1885.37,118.86,865.86,661.03,239.63,0.0,23.74,368.71,352.18,16.53,415.59,242.93,27.07,74.14,71.46,2097.97,310.1,56.92,253.18,834.21,167.88,666.32,342.04,0.3,21.9,319.84,86.91,5.88,0.0,81.03,587.02,542.0,45.01,214.99,1916.1,107.69,1808.4,300.28,0.97,468.36
2019/05,10748.0,2091.6,124.69,972.1,732.96,261.85,0.0,23.54,417.74,396.79,20.95,464.2,277.36,30.34,83.03,73.46,2250.08,356.36,56.45,299.91,871.31,178.2,693.11,390.2,0.28,25.33,364.59,101.0,7.04,0.01,93.95,643.37,603.07,40.3,229.27,2084.84,111.83,1973.02,298.92,1.35,524.24
2019/06,9975.03,1983.41,104.04,903.83,719.62,255.91,0.0,20.64,369.18,351.8,17.38,398.75,227.31,28.37,75.48,67.6,2128.54,268.57,50.22,218.35,823.13,171.63,651.5,372.27,0.61,22.89,348.76,94.01,5.81,0.0,88.19,587.76,549.85,37.91,228.26,1952.22,101.77,1850.45,264.55,1.15,482.6
2019/07,10184.31,2068.24,101.43,954.93,736.8,275.07,0.0,24.88,363.62,347.23,16.39,390.33,219.23,27.36,75.55,68.18,2103.94,301.25,46.39,254.87,856.58,179.42,677.16,379.12,0.36,23.29,355.46,96.64,6.26,0.0,90.38,573.74,530.16,43.58,235.01,2042.96,107.09,1935.88,268.09,1.09,478.81
2019/08,10760.12,2149.14,89.1,984.69,793.55,281.79,0.0,28.79,429.27,410.57,18.69,356.8,175.06,25.02,75.16,81.55,2249.85,289.11,44.86,244.25,875.18,185.5,689.68,387.17,0.44,21.16,365.57,108.66,7.26,0.01,101.39,537.26,493.37,43.89,280.55,2306.65,161.1,2145.55,266.19,0.95,494.57
2019/09,9901.82,2174.27,118.97,1020.75,764.5,270.05,0.0,22.49,502.32,469.79,32.53,362.22,210.02,25.47,64.48,62.25,2072.01,242.85,47.3,195.54,775.72,159.17,616.55,333.38,0.5,18.9,313.97,81.55,4.87,0.08,76.6,539.97,489.98,49.99,218.46,1882.48,95.42,1787.06,247.78,0.79,445.52
2019/10,10458.58,1960.92,128.99,854.33,702.84,274.77,0.0,22.7,440.72,409.84,30.89,425.21,261.03,28.85,68.13,67.21,2233.62,283.44,52.35,231.09,906.23,176.6,729.63,382.38,0.34,20.09,361.95,102.06,6.62,0.0,95.44,641.65,603.42,38.22,228.24,2054.73,115.15,1939.58,279.98,1.16,495.53
2019/11,10363.19,1940.31,135.52,870.77,678.48,255.54,0.0,23.29,427.7,403.63,24.07,434.67,274.0,28.12,64.34,68.21,2276.44,284.89,49.65,235.24,888.7,172.59,716.11,390.26,0.43,19.85,369.98,95.03,4.98,0.0,90.05,622.51,585.97,36.54,243.02,1964.0,110.43,1853.57,277.58,1.2,493.59
2019/12,10547.03,1971.06,131.56,890.34,693.54,255.61,0.0,24.58,465.9,447.72,18.17,420.1,247.79,28.47,70.91,72.93,2368.26,273.6,51.18,222.42,899.98,179.05,720.92,383.12,0.48,18.88,363.76,93.08,4.15,0.0,88.93,525.45,478.63,46.82,239.84,2089.4,110.82,1978.59,301.0,1.48,490.2
2020/01,10346.24,2155.58,111.96,1027.79,768.1,247.73,0.0,27.39,610.0,577.13,32.87,347.32,187.97,23.3,68.34,67.72,2300.59,255.71,44.4,211.31,892.81,177.78,715.04,325.45,0.35,16.33,308.77,80.88,3.45,0.0,77.43,393.91,353.66,40.25,245.96,1945.17,102.86,1842.31,312.0,1.18,452.29
2020/02,8674.47,1819.93,73.25,781.8,736.18,228.64,0.05,40.97,361.32,345.77,15.54,283.08,138.46,20.71,59.38,64.53,1976.51,298.34,52.95,245.39,832.31,151.5,680.8,313.93,0.62,21.55,291.76,73.94,3.15,0.08,70.7,340.89,307.52,33.37,239.15,1423.74,60.34,1363.4,264.66,2.32,403.38
2020/03,7940.66,1965.37,46.85,862.65,811.83,244.04,0.0,34.05,390.44,376.08,14.36,220.74,106.1,19.56,48.17,46.91,1834.51,273.49,40.27,233.21,685.8,115.58,570.22,319.8,0.18,23.25,296.37,74.63,2.38,0.0,72.25,346.83,308.24,38.6,86.27,1046.21,27.73,1018.48,251.86,1.35,409.3
2020/04,8584.24,1936.75,78.61,866.4,749.23,242.51,0.0,30.09,396.19,381.57,14.62,290.6,156.51,24.27,54.62,55.2,1724.94,291.72,50.08,241.65,795.83,141.13,654.7,347.4,0.83,26.88,319.7,81.03,3.14,0.0,77.89,475.73,439.81,35.91,132.03,1362.19,34.61,1327.58,260.74,1.78,457.21
2020/05,10246.31,2169.77,118.76,980.17,794.74,275.99,0.11,76.37,488.79,467.41,21.38,446.46,277.63,31.92,77.27,59.64,1676.91,399.46,75.11,324.35,857.21,152.11,705.1,399.99,2.61,34.0,363.38,100.35,4.52,0.31,95.52,656.57,612.63,43.95,189.69,1929.52,68.49,1861.04,305.32,9.27,540.62
2020/06,9581.86,1995.35,108.36,899.43,703.16,284.28,0.12,71.36,378.09,361.99,16.1,383.8,232.28,29.16,65.21,57.15,1699.29,378.59,62.68,315.91,848.14,159.74,688.4,389.11,3.68,30.43,355.01,96.49,4.37,0.27,91.84,580.52,541.37,39.15,191.61,1782.2,73.08,1709.12,270.43,8.98,507.89
2020/07,9546.49,1941.76,83.64,862.65,705.18,290.3,0.0,27.49,394.49,378.45,16.05,321.29,178.81,26.7,60.66,55.12,1786.71,317.76,54.27,263.49,892.8,174.7,718.1,375.25,0.34,23.63,351.28,91.56,3.61,0.0,87.95,518.68,483.98,34.71,223.46,1900.32,91.84,1808.48,256.09,1.11,497.71
2020/08,10483.33,2259.87,81.52,1011.96,843.46,322.93,0.0,27.35,486.67,470.18,16.49,293.17,150.73,26.16,58.41,57.87,1898.59,396.05,55.19,340.85,827.99,168.28,659.71,388.23,0.25,24.5,363.47,104.17,7.28,0.02,96.86,538.86,500.74,38.12,247.79,2253.46,156.54,2096.92,257.75,1.14,502.25
2020/09,9664.49,2200.0,96.95,1001.67,804.31,297.06,0.0,27.59,539.36,506.74,32.62,306.64,175.53,24.87,52.42,53.82,1801.64,316.0,59.95,256.05,876.75,160.44,716.3,394.02,0.38,25.58,368.06,88.27,3.39,0.0,84.88,522.96,481.15,41.81,216.11,1630.1,66.37,1563.73,247.7,1.29,496.06
2020/10,9776.49,2016.67,112.13,865.57,736.97,302.0,0.0,22.99,501.44,471.61,29.84,374.86,244.1,27.17,54.08,49.51,1838.45,292.94,54.04,238.91,818.83,154.04,664.79,368.42,0.32,26.23,341.87,102.78,4.4,0.0,98.38,657.09,625.37,31.73,207.73,1849.12,98.86,1750.26,254.29,0.96,469.89
2020/11,9791.14,1999.78,124.6,880.49,706.88,287.8,0.0,26.93,466.44,443.98,22.46,370.81,240.16,27.08,54.48,49.1,1855.25,348.57,53.01,295.56,825.71,155.87,669.84,374.88,0.23,21.52,353.13,94.86,3.71,0.01,91.15,603.42,572.49,30.93,216.54,1860.57,103.18,1757.39,267.15,1.25,478.97
2020/12,9218.93,2008.85,93.8,874.41,763.38,277.25,0.0,30.96,485.96,467.43,18.53,319.5,185.14,25.42,55.85,53.1,1983.41,274.5,49.02,225.48,879.73,169.02,710.71,414.89,0.57,19.21,395.12,84.71,3.21,0.0,81.5,437.83,398.56,39.26,224.75,1370.62,64.57,1306.05,265.55,2.01,435.66
2021/01,8964.63,2030.05,78.17,898.52,789.05,264.31,0.0,28.84,503.73,484.98,18.75,271.8,145.12,21.85,58.49,46.33,2024.29,334.89,47.14,287.74,856.04,164.59,691.45,394.46,0.59,19.46,374.41,76.55,3.82,0.0,72.73,306.81,271.25,35.56,233.31,1237.56,56.06,1181.5,284.37,1.34,380.6
2021/02,8807.86,1943.99,83.99,892.22,718.06,249.72,0.0,19.81,547.92,521.21,26.71,272.34,145.24,20.14,56.52,50.43,1915.98,293.54,43.07,250.47,765.45,150.51,614.94,318.55,0.2,20.81,297.54,81.32,2.7,0.0,78.62,408.13,373.9,34.23,245.73,1336.11,65.15,1270.97,277.92,0.96,380.11
2021/03,10122.07,2021.1,106.78,883.59,735.58,295.15,0.0,11.33,449.1,433.96,15.14,342.54,197.3,27.31,68.04,49.9,2199.87,318.17,53.55,264.62,880.51,169.08,711.43,388.66,0.47,27.76,360.43,92.21,3.77,0.0,88.44,616.51,548.72,67.79,238.09,1729.87,80.26,1649.61,333.73,1.3,499.08
2021/04,10112.65,2006.17,101.11,871.05,738.69,295.32,0.0,9.59,448.24,430.95,17.29,341.59,198.36,27.38,65.02,50.83,2213.72,285.65,47.74,237.91,880.52,169.28,711.23,411.28,0.16,27.8,383.33,90.89,4.37,0.0,86.52,618.54,581.24,37.3,225.04,1752.68,88.89,1663.79,298.42,1.46,528.84
2021/05,10892.04,2260.12,114.88,1000.36,822.12,322.77,0.0,11.42,535.96,515.42,20.54,375.98,225.99,29.94,69.63,50.42,2227.83,335.15,50.51,284.65,855.85,167.19,688.66,401.7,0.23,29.1,372.36,99.98,5.17,0.0,94.8,687.54,649.34,38.19,229.98,2008.71,103.16,1905.55,307.82,0.99,553.01
2021/06,10571.93,2159.51,96.18,934.42,795.71,333.2,0.0,10.03,459.17,441.89,17.28,351.53,203.84,28.36,67.27,52.06,2233.65,302.96,46.58,256.38,904.99,176.3,728.69,429.8,0.38,30.54,398.88,96.68,5.28,0.08,91.31,664.68,630.73,33.95,241.29,1881.41,96.87,1784.54,289.35,1.15,545.73
2021/07,11383.61,2251.45,90.78,989.65,824.92,346.1,0.0,9.86,466.5,449.94,16.56,342.24,191.05,28.51,70.58,52.09,2410.4,342.41,43.99,298.42,932.51,187.89,744.62,454.02,0.3,29.6,424.12,94.39,5.68,0.01,88.7,631.81,591.67,40.14,250.77,2019.64,120.87,1898.77,292.6,1.66,883.36
2021/08,11154.22,2349.47,75.06,1035.72,872.88,365.8,0.0,10.62,531.14,514.98,16.16,281.17,137.18,25.88,67.63,50.49,2320.79,312.42,43.42,269.0,879.23,177.75,701.48,399.8,0.33,26.42,373.05,102.44,5.73,0.09,96.61,579.1,539.47,39.63,277.62,2011.29,150.68,1860.61,268.32,1.36,829.45
2021/09,11002.38,2333.31,105.11,1013.76,861.17,353.27,0.0,9.59,696.1,658.17,37.93,352.56,202.71,30.06,70.7,49.09,2235.15,267.4,48.77,218.63,824.25,164.74,659.51,394.43,0.28,26.26,367.89,98.87,5.37,0.01,93.49,652.92,607.61,45.3,234.79,1811.93,99.16,1712.77,270.91,1.14,819.03
2021/10,11740.18,2130.36,126.19,880.88,772.92,350.36,0.0,11.17,563.36,528.77,34.58,412.63,262.11,32.46,69.24,48.82,2476.56,322.76,55.95,266.82,952.16,183.77,768.39,457.8,0.37,29.04,428.39,103.49,8.23,1.31,93.96,751.26,715.13,36.13,248.97,2123.04,128.04,1995.0,303.07,1.98,881.57
2021/11,11757.71,2145.42,132.06,906.74,764.2,342.41,0.0,12.49,559.43,535.57,23.85,401.02,261.19,30.65,60.77,48.41,2588.71,316.16,52.03,264.13,916.38,174.98,741.4,437.55,0.56,27.08,409.91,104.7,5.19,2.09,97.41,722.78,689.38,33.39,253.97,2112.98,119.91,1993.07,304.31,2.26,879.56
2021/12,11091.36,2084.25,104.6,878.49,776.57,324.59,0.0,11.8,563.93,545.53,18.4,364.8,219.51,29.34,66.59,49.37,2589.66,242.08,46.14,195.94,930.28,176.63,753.66,455.05,0.45,21.59,433.01,88.92,3.83,0.94,84.15,549.05,503.69,45.36,260.11,1812.89,100.44,1712.45,316.14,2.71,819.68
2022/01,11540.41,2296.23,106.34,1019.6,852.39,317.9,0.0,11.25,740.63,711.37,29.26,323.85,181.32,27.12,67.27,48.15,2523.89,275.01,42.85,232.16,916.84,171.04,745.8,410.84,0.15,23.8,386.89,86.79,3.57,0.0,83.22,430.67,390.47,40.2,257.18,1747.54,96.06,1651.48,337.13,1.45,1181.11
2022/02,9760.24,1861.57,78.21,794.11,698.13,291.11,0.0,10.54,464.67,450.09,14.59,261.87,140.63,21.41,57.98,41.85,2231.34,274.6,36.45,238.15,812.79,146.19,666.6,316.87,0.1,20.39,296.38,80.94,2.93,0.76,77.25,422.81,388.51,34.3,249.68,1431.15,86.45,1344.7,297.31,1.24,1042.87
2022/03,11423.34,2127.32,95.57,886.59,791.93,353.23,0.0,11.22,462.46,447.94,14.52,324.13,185.23,28.21,63.86,46.83,2694.19,253.13,41.05,212.08,955.86,168.24,787.62,394.43,0.22,30.05,364.16,84.27,3.55,0.86,79.87,628.0,561.78,66.22,234.82,1667.03,83.45,1583.58,366.07,1.56,1218.87
2022/04,12332.8,2141.76,111.95,887.99,786.91,354.91,0.0,10.45,504.28,486.25,18.04,383.87,238.4,30.57,68.0,46.91,2838.37,260.08,42.78,217.29,952.85,176.15,776.7,425.98,0.22,32.48,393.28,94.25,5.43,1.45,87.36,715.46,677.77,37.68,232.75,2076.87,112.48,1964.39,368.73,1.49,1325.61
