전남_합계,전남_종합소매,전남_ 백화점,전남_ 대형마트/유통전문점,전남_ 슈퍼마켓,전남_ 편의점,전남_ 면세점,전남_전자상거래/통신판매,전남_식료품,전남_ 일반식료품,전남_ 건강보조식품,전남_의류/잡화,전남_ 의복/직물,전남_ 복식잡화,전남_ 시계/귀금속/안경,전남_ 화장품,전남_연료,전남_가구/가전,전남_ 가구,전남_ 가전제품/정보통신기기,전남_의료/보건,전남_ 종합병원,전남_ 일반병의원/기타의료기관,전남_자동차,전남_ 국산자동차신품,전남_ 기타운송수단,전남_ 자동차 부품 및 정비,전남_여행/교통,전남_ 여행사/자동차임대,전남_ 항공사,전남_ 대중교통,전남_오락/문화,전남_ 스포츠/오락/여가,전남_ 서적/문구,전남_교육,전남_숙박/음식,전남_ 숙박,전남_ 음식점,전남_공과금/개인 및 전문 서비스,전남_금융/보험,전남_기타
5148.08,844.26,79.19,554.29,178.41,32.33,0.04,7.97,188.52,179.96,8.56,319.48,228.69,19.97,27.44,43.38,1303.89,166.86,20.47,146.39,371.27,106.96,264.31,191.2,0.36,6.83,184.0,6.6,3.43,0.0,3.16,442.24,415.88,26.35,133.81,805.11,49.88,755.23,87.15,0.11,279.63
5133.3,928.7,82.81,627.4,187.98,30.49,0.02,8.97,190.93,183.01,7.92,316.87,220.51,20.41,27.91,48.04,1285.71,168.97,17.64,151.33,364.46,103.23,261.23,201.1,0.21,6.49,194.4,4.58,2.37,0.0,2.21,359.08,326.41,32.66,111.53,825.19,48.66,776.54,84.84,0.11,282.27
4890.77,841.52,53.73,562.7,194.62,30.37,0.1,7.75,210.6,200.67,9.94,259.34,171.91,14.74,30.09,42.6,1249.86,130.15,18.27,111.88,430.45,118.93,311.52,183.05,0.23,6.19,176.63,4.91,2.41,0.0,2.5,281.63,250.41,31.23,123.27,800.6,52.72,747.88,92.93,0.13,274.58
4566.48,877.21,50.5,600.3,196.62,29.74,0.05,6.9,260.59,247.41,13.19,234.78,154.04,13.04,28.48,39.23,1170.21,136.09,15.59,120.5,363.58,98.42,265.16,153.13,0.41,5.86,146.86,4.55,2.01,0.04,2.5,257.96,233.12,24.84,108.68,662.31,38.73,623.58,80.88,0.08,249.53
5121.19,845.26,62.53,557.84,191.63,33.22,0.04,7.58,188.8,179.27,9.53,291.56,191.14,18.66,34.53,47.24,1295.25,167.29,22.06,145.23,401.82,112.52,289.3,182.24,0.37,9.22,172.66,6.21,2.9,0.04,3.27,397.22,340.49,56.73,118.18,834.37,50.07,784.3,95.9,0.14,289.38
5102.86,887.57,64.51,588.02,200.9,34.09,0.05,7.78,198.63,189.35,9.28,285.46,187.11,18.38,34.82,45.14,1246.3,153.06,21.54,131.52,392.14,110.19,281.95,175.72,0.29,8.77,166.66,6.35,2.97,0.0,3.38,392.33,354.48,37.85,110.3,859.34,52.81,806.53,92.1,0.25,295.53
5518.73,980.37,64.83,652.24,225.07,38.17,0.05,8.11,230.81,218.07,12.74,357.72,248.93,21.46,38.09,49.24,1211.2,197.73,20.37,177.36,399.86,112.52,287.35,195.19,0.37,9.59,185.23,8.14,4.12,0.0,4.02,439.68,412.49,27.19,108.68,965.94,61.19,904.75,101.47,0.15,313.68
4999.95,915.5,42.39,612.45,224.64,36.0,0.02,7.13,203.85,195.35,8.5,265.04,169.37,19.89,33.16,42.62,1141.34,196.35,19.3,177.05,374.77,107.79,266.98,192.41,0.32,9.01,183.08,7.07,3.53,0.0,3.55,358.37,333.1,25.27,108.92,847.79,54.3,793.49,91.88,0.16,289.36
5453.91,1050.93,47.78,717.68,244.02,41.41,0.05,8.13,208.4,199.83,8.57,262.22,162.36,20.13,36.78,42.95,1200.96,241.57,20.39,221.18,413.27,119.07,294.2,202.04,0.37,9.96,191.71,7.12,3.59,0.0,3.53,370.77,340.83,29.94,113.6,972.38,65.2,907.18,98.64,0.12,303.77
5659.14,1033.21,34.91,688.04,266.08,44.11,0.06,7.54,257.88,248.95,8.93,199.29,109.37,14.7,35.87,39.34,1326.04,216.09,18.06,198.03,422.93,119.13,303.79,203.45,0.31,7.88,195.27,12.24,5.73,0.02,6.49,357.68,330.25,27.43,122.78,1106.95,102.02,1004.94,99.01,0.13,293.93
5290.07,1091.11,54.28,729.13,265.72,41.96,0.02,7.78,344.78,327.46,17.32,275.27,185.15,18.5,30.47,41.16,1203.17,132.64,19.48,113.16,359.18,100.81,258.38,176.58,0.11,8.58,167.88,6.95,3.21,0.0,3.74,350.78,320.97,29.82,104.33,839.15,53.5,785.65,95.33,0.11,302.88
5193.85,878.24,65.26,558.99,213.13,40.82,0.04,8.1,202.84,194.23,8.61,313.06,214.15,20.41,32.54,45.96,1197.24,140.94,21.8,119.14,408.03,112.6,295.43,196.24,0.2,9.17,186.87,8.15,4.37,0.0,3.78,425.82,400.92,24.9,112.23,906.62,58.43,848.19,95.8,0.13,300.41
5119.82,855.5,71.73,549.44,198.27,36.01,0.05,7.42,193.71,186.17,7.54,337.53,245.87,20.15,29.17,42.33,1207.22,161.42,19.99,141.43,391.47,107.51,283.97,196.43,0.21,6.28,189.94,6.3,3.05,0.0,3.25,438.65,413.77,24.88,112.63,829.52,52.22,777.3,95.79,0.13,286.12
5331.72,947.49,76.43,622.63,212.73,35.67,0.03,8.79,206.91,199.47,7.44,328.45,229.34,21.61,30.28,47.22,1254.25,180.66,21.03,159.63,410.49,114.54,295.96,196.81,0.16,6.38,190.27,5.15,2.49,0.0,2.66,377.97,345.51,32.46,113.05,898.86,54.61,844.25,97.12,0.17,305.55
5037.42,914.7,52.46,598.52,230.94,32.7,0.07,8.0,316.86,302.35,14.51,259.22,170.46,14.93,30.91,42.91,1188.63,134.8,20.21,114.58,436.69,113.85,322.84,177.38,0.13,6.1,171.15,5.18,2.4,0.02,2.76,280.21,250.93,29.28,117.44,813.07,51.85,761.22,99.38,0.12,285.75
4497.25,817.84,69.3,527.65,186.61,32.6,1.68,49.99,174.56,167.06,7.5,239.31,156.67,13.37,29.9,39.37,1066.88,138.26,21.45,116.81,400.09,107.01,293.08,153.03,8.62,5.93,138.47,10.01,3.12,2.05,4.85,256.18,229.93,26.25,116.96,707.9,42.26,665.64,101.72,17.03,247.48
5056.64,880.09,58.37,572.28,213.25,36.14,0.05,8.78,200.89,192.52,8.37,286.96,188.96,18.93,35.86,43.21,1172.79,168.74,26.8,141.94,415.13,109.94,305.2,170.71,0.18,7.85,162.69,6.18,2.71,0.03,3.43,375.61,318.07,57.54,115.77,866.95,48.32,818.63,100.69,0.15,287.21
4929.16,848.46,52.22,541.37,217.39,37.41,0.07,8.02,203.42,195.37,8.05,289.19,193.34,19.02,34.23,42.6,1125.88,133.4,21.56,111.84,401.5,108.69,292.81,182.61,0.41,9.01,173.19,6.76,2.91,0.01,3.83,353.07,323.75,29.32,106.97,847.42,52.02,795.39,96.28,0.27,325.92
5422.25,965.74,56.48,621.6,245.67,41.92,0.06,8.49,244.22,232.25,11.97,324.96,218.72,21.21,37.69,47.33,1163.66,176.69,22.84,153.85,396.53,106.06,290.47,189.82,0.16,9.98,179.68,8.67,3.58,0.0,5.09,387.65,360.29,27.36,108.41,993.31,60.55,932.77,108.85,0.26,344.98
5096.13,970.8,44.52,626.67,257.12,42.43,0.06,8.17,212.31,204.78,7.54,262.04,164.78,20.3,35.42,41.53,1081.48,188.14,21.88,166.26,380.63,102.64,277.99,181.39,0.22,9.55,171.63,7.65,3.26,0.0,4.39,342.35,318.19,24.16,107.16,921.68,57.91,863.77,98.7,0.2,333.45
5302.96,971.74,40.35,631.8,255.29,44.25,0.04,8.75,209.69,201.4,8.29,248.43,148.44,18.86,37.55,43.57,1101.15,224.0,23.42,200.58,440.54,119.04,321.5,200.4,0.21,9.38,190.81,5.77,3.37,0.0,2.41,334.9,305.05,29.84,119.2,979.9,62.51,917.39,108.09,0.13,350.26
5638.23,1024.96,31.11,665.2,281.48,47.06,0.11,8.35,295.85,285.51,10.34,212.44,116.11,15.83,37.17,43.32,1180.29,176.81,24.81,152.0,446.84,116.0,330.83,200.03,0.25,8.93,190.85,7.95,4.09,0.0,3.86,335.44,305.95,29.49,136.18,1151.26,97.85,1053.42,110.28,0.19,351.37
5268.17,1063.53,52.27,684.64,277.15,49.4,0.06,8.21,318.05,303.16,14.89,271.42,181.46,18.54,32.27,39.14,1104.02,143.36,22.89,120.47,392.52,100.56,291.96,185.37,0.13,9.73,175.5,5.93,3.02,0.0,2.92,344.71,315.21,29.51,108.31,883.5,52.58,830.92,98.12,0.13,340.99
7569.72,1290.79,134.63,753.81,328.12,73.31,0.92,435.21,255.5,241.39,14.11,401.09,260.9,29.33,45.44,65.41,1297.97,191.43,34.67,156.76,641.71,149.35,492.36,367.47,127.33,12.58,227.56,33.93,5.45,1.7,26.78,547.33,507.3,40.02,154.0,1283.92,67.05,1216.87,187.76,11.06,470.55
5137.32,861.57,60.18,543.08,215.51,42.75,0.05,7.9,207.38,200.31,7.07,317.45,222.96,19.8,29.7,44.98,1090.23,163.17,21.61,141.56,423.8,111.38,312.42,196.55,0.26,7.17,189.12,5.89,3.02,0.0,2.86,393.98,369.31,24.67,113.83,915.34,54.6,860.75,100.44,0.1,339.68
5416.8,1011.24,110.86,622.15,228.79,47.75,1.69,64.75,208.16,200.23,7.92,319.82,221.48,20.78,31.32,46.23,1063.96,167.95,19.64,148.31,446.53,117.06,329.47,222.9,15.11,7.92,199.86,14.06,3.44,2.19,8.43,339.09,305.39,33.7,120.59,932.7,51.44,881.26,126.01,20.84,358.21
4878.86,863.72,49.59,544.15,230.25,39.55,0.18,8.21,225.58,218.62,6.96,240.6,150.58,14.45,33.57,42.0,953.26,127.56,19.36,108.2,489.65,121.71,367.93,180.72,0.2,6.81,173.71,10.05,2.51,0.01,7.53,269.29,239.2,30.08,123.19,947.49,57.09,890.4,110.6,0.08,328.85
4754.57,981.13,45.46,638.1,254.22,43.31,0.03,8.77,338.97,322.91,16.06,227.03,137.02,13.57,32.41,44.04,883.14,126.08,18.13,107.96,427.0,107.51,319.49,157.94,0.23,6.25,151.45,9.12,2.37,0.0,6.75,253.28,228.73,24.55,118.84,812.33,47.75,764.58,100.21,0.15,310.6
5210.78,923.86,59.48,578.91,234.74,50.67,0.05,10.01,215.01,205.91,9.11,304.1,193.41,19.85,41.32,49.52,1010.47,155.19,24.97,130.22,472.48,120.72,351.76,191.44,0.24,8.91,182.29,8.68,3.19,0.0,5.49,376.41,317.65,58.76,120.1,960.84,54.23,906.61,116.87,0.1,345.23
5084.08,924.57,55.01,562.11,250.11,57.3,0.05,8.85,230.09,221.41,8.68,295.23,189.23,20.47,40.2,45.32,933.32,129.37,21.29,108.08,466.07,119.53,346.54,193.02,0.25,9.91,182.87,10.89,3.45,0.0,7.43,354.19,323.58,30.61,110.5,972.11,57.75,914.35,112.31,0.1,343.45
5793.05,1103.66,65.9,681.61,289.21,66.74,0.19,8.88,283.18,271.59,11.59,342.05,220.72,22.89,47.08,51.37,1011.77,156.51,23.72,132.79,456.56,113.65,342.91,207.41,0.31,12.39,194.71,16.37,4.76,0.0,11.61,417.36,389.44,27.92,112.68,1175.19,71.93,1103.26,132.88,0.14,368.43
5133.55,1044.19,42.73,639.59,293.25,68.39,0.22,9.28,231.8,221.87,9.93,264.29,158.74,20.01,38.3,47.24,923.29,167.86,26.73,141.13,424.68,103.96,320.72,197.74,0.28,11.6,185.85,7.53,2.48,0.0,5.05,332.03,306.12,25.91,114.54,958.29,51.96,906.33,110.82,0.29,346.92
5518.27,1086.81,41.06,671.93,300.64,73.0,0.18,10.32,235.61,225.99,9.62,262.01,152.5,19.96,41.08,48.48,953.25,216.72,27.25,189.47,483.96,119.92,364.04,219.52,0.33,11.76,207.44,11.18,3.82,0.04,7.33,341.78,309.37,32.41,120.97,1090.53,65.43,1025.09,120.51,0.43,364.69
5914.25,1159.87,38.48,702.82,337.14,80.96,0.47,9.69,291.47,282.41,9.06,225.39,122.04,16.98,42.51,43.86,1024.94,201.3,26.73,174.57,480.5,120.85,359.65,203.1,0.25,10.17,192.68,21.68,5.56,0.01,16.11,355.19,325.2,29.99,137.58,1318.91,104.39,1214.52,130.34,0.3,353.98
5492.68,1177.01,50.25,716.36,332.88,77.23,0.29,9.74,397.87,376.41,21.46,270.3,170.05,19.15,35.46,45.65,938.76,148.73,26.39,122.33,451.88,110.65,341.23,189.34,0.3,10.34,178.69,11.68,3.74,0.02,7.92,333.31,298.79,34.52,112.23,984.63,54.19,930.44,112.0,0.38,354.84
5389.31,960.91,63.36,552.46,267.29,77.13,0.67,9.25,231.98,220.71,11.27,317.65,210.01,21.86,36.95,48.83,933.57,155.4,27.39,128.01,493.52,118.07,375.45,208.62,0.2,11.15,197.27,13.76,4.19,0.0,9.57,402.14,375.18,26.95,122.31,1060.07,67.08,992.99,125.23,0.14,354.75
5255.46,952.86,66.39,560.56,253.6,71.72,0.59,8.62,220.02,211.14,8.88,326.62,229.91,19.96,32.99,43.76,907.55,156.81,24.11,132.7,465.5,113.65,351.85,195.34,0.23,7.83,187.27,11.19,3.76,0.0,7.44,379.8,354.1,25.7,117.92,1023.88,61.0,962.88,155.43,0.16,333.77
5481.8,986.87,66.69,583.18,265.0,71.7,0.3,9.94,238.7,229.15,9.55,314.7,210.64,20.07,34.98,49.02,957.25,171.96,21.69,150.27,513.77,127.52,386.25,211.86,0.15,7.52,204.2,8.76,2.87,0.0,5.89,342.61,307.89,34.72,127.48,1063.87,58.52,1005.35,175.39,0.14,358.48
5075.27,937.29,48.51,555.91,269.12,62.78,0.97,8.87,260.29,249.6,10.69,246.72,150.87,14.28,35.56,46.0,882.32,129.54,20.06,109.48,534.3,124.52,409.78,195.56,0.25,7.13,188.18,10.77,3.64,0.0,7.13,253.99,222.81,31.19,130.32,991.42,59.14,932.28,173.68,0.13,320.07
4946.6,1031.16,48.89,637.31,280.84,63.74,0.37,8.75,317.64,301.83,15.81,227.35,137.19,13.67,34.71,41.79,833.2,142.76,23.47,119.28,480.19,115.16,365.03,162.37,0.18,6.97,155.22,9.81,2.93,0.0,6.88,243.22,216.52,26.71,130.17,877.38,46.75,830.64,180.88,0.14,301.56
5300.72,952.07,55.78,561.25,263.42,71.25,0.37,10.25,223.51,212.82,10.69,285.21,178.63,18.12,39.96,48.5,895.93,159.67,25.86,133.81,533.93,130.96,402.97,200.99,0.21,11.5,189.28,10.77,3.72,0.25,6.8,344.32,284.55,59.77,130.72,1008.16,54.63,953.53,200.21,0.29,344.68
5238.96,965.36,51.96,565.79,275.07,72.1,0.44,9.08,241.56,231.89,9.67,294.17,187.0,19.13,40.44,47.59,852.89,140.68,25.75,114.93,497.24,120.17,377.07,199.6,0.14,11.12,188.34,12.75,3.76,0.01,8.98,343.98,313.94,30.04,116.86,1034.06,59.02,975.03,181.18,0.18,349.37
5849.81,1142.36,64.43,679.07,316.53,81.93,0.41,11.12,283.05,269.05,14.0,326.21,211.25,21.92,43.69,49.35,925.64,164.72,30.94,133.78,488.58,119.33,369.25,207.99,0.38,13.48,194.13,17.19,5.08,0.4,11.7,397.97,368.96,29.01,117.96,1205.02,67.5,1137.52,204.39,0.12,357.51
5470.51,1065.8,47.04,624.66,311.99,81.8,0.32,9.34,245.73,235.09,10.64,285.5,179.11,20.83,38.98,46.59,910.2,171.51,28.4,143.11,489.9,119.58,370.31,211.61,0.29,11.8,199.53,13.57,4.29,0.27,9.01,329.06,302.99,26.07,121.74,1087.45,61.22,1026.23,181.81,0.07,347.23
5714.44,1111.43,38.56,659.47,327.42,85.46,0.51,10.75,238.68,229.0,9.68,261.94,154.27,19.84,40.82,47.01,920.03,257.68,31.26,226.42,521.86,124.76,397.1,226.19,0.23,10.61,215.35,12.27,3.67,0.3,8.3,328.45,296.21,32.24,127.83,1151.88,64.21,1087.67,187.93,0.07,357.47
6126.08,1216.64,34.87,720.75,359.91,100.38,0.73,11.92,289.13,279.14,9.99,211.83,112.55,16.74,40.33,42.21,992.66,222.21,29.98,192.22,522.64,127.38,395.26,220.09,0.53,12.52,207.05,21.75,5.76,0.41,15.57,337.88,307.95,29.94,142.39,1360.79,104.07,1256.72,228.9,0.09,347.16
5610.78,1189.08,47.44,692.13,355.9,93.08,0.53,11.15,355.48,333.49,21.99,247.05,147.81,18.34,35.14,45.76,917.17,153.98,29.19,124.79,484.13,118.62,365.51,202.02,0.63,10.81,190.59,12.58,4.1,0.33,8.14,309.87,278.35,31.52,123.45,1031.98,57.07,974.91,219.63,0.14,353.07
5633.35,1083.12,57.48,603.45,328.07,93.5,0.63,9.26,279.71,267.74,11.97,288.26,185.91,19.14,36.5,46.7,930.21,148.83,30.34,118.49,505.92,120.23,385.69,210.01,0.22,12.02,197.76,13.64,4.63,0.2,8.81,380.51,352.95,27.56,123.34,1107.35,63.12,1044.23,196.04,0.22,356.94
5522.27,991.86,60.66,556.77,287.91,85.98,0.53,8.18,235.14,226.0,9.14,320.33,223.46,17.86,32.96,46.04,987.53,144.03,24.07,119.96,511.65,121.85,389.81,218.08,0.33,10.09,207.66,11.56,3.71,0.19,7.66,375.84,349.25,26.59,131.98,1043.02,59.89,983.13,198.39,0.29,344.4
5708.4,1061.39,88.6,586.6,301.39,84.41,0.38,8.97,255.42,246.3,9.12,288.06,187.38,17.81,35.6,47.27,1042.01,150.52,22.98,127.54,573.76,132.73,441.03,229.86,0.33,9.33,220.19,9.71,3.57,0.28,5.87,313.83,278.58,35.25,133.14,1072.18,56.67,1015.52,196.49,0.54,372.52
5808.68,1266.13,91.84,738.73,352.68,82.16,0.73,11.86,370.59,353.43,17.17,269.73,176.92,13.83,36.11,42.86,1038.11,133.65,23.05,110.6,538.78,123.05,415.73,194.13,0.13,7.82,186.18,10.94,3.32,0.51,7.11,246.49,215.78,30.71,123.28,1035.32,58.0,977.32,217.64,0.3,351.73
5012.05,933.37,68.15,519.45,271.09,73.94,0.75,11.28,198.79,190.08,8.71,237.4,143.47,12.1,38.15,43.67,951.48,141.69,23.81,117.89,520.05,112.16,407.89,179.88,0.17,9.34,170.37,10.18,3.37,0.65,6.16,225.83,198.14,27.69,131.77,935.33,50.28,885.04,217.73,0.26,317.0
5964.47,1129.84,79.26,637.54,323.25,89.51,0.29,14.09,251.82,241.37,10.45,307.62,194.92,17.31,44.69,50.71,1099.57,161.81,27.82,133.99,566.47,125.18,441.29,213.49,0.21,12.56,200.72,13.06,4.28,0.4,8.39,343.78,285.35,58.43,135.15,1103.96,58.24,1045.72,241.58,0.38,381.86
5945.25,1123.81,73.16,623.91,335.19,91.13,0.43,13.23,276.32,264.36,11.96,319.69,207.54,18.17,44.48,49.5,1036.97,155.38,26.02,129.37,563.24,128.42,434.82,214.79,0.16,13.72,200.91,16.42,4.68,0.26,11.48,359.42,328.09,31.34,124.3,1147.92,63.19,1084.73,220.28,0.27,373.22
6611.08,1311.74,87.38,733.2,381.32,109.33,0.51,14.07,325.87,311.34,14.54,342.38,223.06,19.94,48.35,51.04,1080.59,194.23,26.89,167.33,556.73,127.26,429.47,215.75,0.24,12.98,202.53,22.71,6.28,0.25,16.18,412.93,383.46,29.46,125.04,1370.19,81.81,1288.37,245.53,0.25,393.08
5861.83,1191.21,59.9,663.71,362.34,104.93,0.33,12.74,262.65,252.37,10.28,276.52,166.38,17.71,44.54,47.89,964.36,178.96,23.92,155.05,543.42,125.98,417.44,217.82,0.3,13.74,203.78,13.17,4.33,0.28,8.56,336.69,310.18,26.51,129.53,1141.65,63.21,1078.44,213.24,0.67,379.19
6340.02,1305.63,60.84,739.09,391.41,113.99,0.31,15.45,273.02,263.59,9.42,278.39,168.91,18.34,44.88,46.26,978.1,287.71,27.41,260.31,577.22,132.12,445.1,225.92,0.21,12.46,213.25,14.37,4.81,0.34,9.22,336.21,305.13,31.08,133.3,1293.62,71.2,1222.42,236.74,0.46,383.89
6577.66,1322.03,49.19,733.81,412.75,125.68,0.6,15.99,326.5,316.44,10.06,229.71,124.57,15.23,46.37,43.54,1041.69,192.55,25.47,167.08,600.99,139.18,461.81,222.08,0.29,14.45,207.34,23.92,6.27,0.41,17.24,344.97,313.25,31.72,139.92,1465.31,105.38,1359.93,272.3,0.31,379.37
6184.69,1255.97,66.82,695.2,377.84,115.85,0.27,21.95,382.31,363.6,18.71,279.17,173.7,17.16,39.07,49.24,1018.35,156.38,29.26,127.12,577.84,127.7,450.13,219.68,0.31,12.05,207.32,12.07,4.41,0.38,7.28,318.74,287.42,31.32,135.51,1148.8,59.45,1089.36,254.19,0.31,403.41
6587.64,1393.87,85.02,761.98,417.15,129.0,0.71,14.16,375.43,363.04,12.39,307.99,209.0,17.93,38.6,42.46,1087.23,162.98,26.47,136.51,515.24,115.79,399.45,191.19,0.15,10.72,180.32,22.41,6.09,0.39,15.93,399.28,374.72,24.56,121.52,1322.42,82.35,1240.07,299.93,0.31,373.7
6187.25,1143.33,92.06,612.22,327.01,111.65,0.39,14.69,266.91,257.93,8.98,346.76,248.24,17.79,36.23,44.5,1129.05,163.6,25.33,138.27,575.88,129.72,446.16,226.22,0.3,10.62,215.31,13.13,4.35,0.38,8.4,381.72,356.4,25.32,133.58,1148.38,64.66,1083.71,272.28,0.43,371.31
6342.22,1190.76,88.31,648.03,346.14,107.7,0.57,15.28,290.38,280.99,9.38,319.95,216.77,17.95,39.14,46.1,1187.52,172.43,25.92,146.5,628.73,141.81,486.92,226.42,0.25,8.81,217.36,10.66,3.65,0.56,6.45,307.18,272.55,34.63,141.48,1196.12,61.48,1134.63,268.34,0.45,386.53
6016.84,1170.14,61.29,641.86,357.63,108.22,1.14,14.82,271.66,262.31,9.35,243.57,150.99,13.79,38.97,39.82,1105.93,156.12,25.47,130.65,644.24,139.54,504.7,189.39,0.24,9.67,179.48,11.2,3.35,0.44,7.42,234.2,205.21,28.99,144.86,1155.15,59.63,1095.53,332.44,0.53,342.59
5816.58,1228.09,60.18,699.06,366.84,101.2,0.8,11.95,386.74,367.54,19.2,226.32,137.9,12.4,36.18,39.84,1070.68,147.55,23.68,123.87,556.99,120.4,436.59,177.38,0.21,9.26,167.91,9.96,3.19,0.38,6.39,222.99,196.98,26.0,137.64,989.4,49.9,939.5,313.25,0.42,337.23
6341.05,1174.19,74.05,637.59,345.26,116.55,0.75,14.57,264.55,254.33,10.21,293.77,185.53,17.83,46.26,44.15,1164.78,171.29,28.45,142.83,629.93,131.95,497.98,212.57,0.25,10.74,201.58,11.29,4.06,0.39,6.84,338.2,281.26,56.94,146.88,1199.85,60.24,1139.61,327.44,0.65,391.08
6426.29,1227.49,74.93,664.4,367.19,120.5,0.48,13.21,296.59,287.01,9.58,295.9,187.5,18.19,47.3,42.92,1118.42,171.0,26.02,144.98,584.7,123.08,461.62,209.02,0.19,11.43,197.4,15.45,4.65,0.41,10.4,344.73,314.7,30.03,129.45,1291.68,67.77,1223.92,329.94,0.59,398.11
6943.21,1355.63,76.56,738.78,404.71,134.69,0.89,15.48,336.85,321.84,15.01,315.83,202.21,20.2,46.47,46.95,1173.63,192.36,27.31,165.06,620.19,130.74,489.45,226.52,0.28,14.93,211.32,16.4,5.72,0.42,10.25,388.14,358.95,29.19,134.5,1432.41,72.85,1359.55,314.19,0.5,420.58
6423.03,1289.76,58.12,689.35,405.37,136.32,0.6,15.84,286.29,276.52,9.77,272.8,167.42,18.83,43.26,43.3,1132.75,185.64,26.86,158.77,595.6,126.64,468.97,227.21,0.11,12.54,214.56,13.81,5.31,0.39,8.11,339.47,313.71,25.76,136.65,1266.77,62.0,1204.78,262.88,0.54,397.01
6939.88,1405.96,62.62,764.42,432.18,145.92,0.82,17.39,289.34,280.39,8.94,268.88,164.59,17.98,45.33,40.98,1167.19,274.18,27.22,246.96,623.21,135.27,487.94,242.11,0.34,11.27,230.51,15.8,4.94,0.46,10.4,328.45,298.97,29.49,141.75,1426.91,75.92,1351.0,330.67,0.62,407.42
7118.52,1421.19,47.43,759.44,458.03,155.33,0.96,15.73,333.97,325.05,8.92,225.41,123.15,15.91,45.26,41.1,1204.13,185.14,27.21,157.93,646.25,140.31,505.94,231.79,0.34,10.89,220.55,22.37,5.59,0.63,16.15,323.05,292.95,30.1,154.5,1577.01,107.77,1469.23,372.05,0.44,405.49
7067.17,1557.33,68.81,852.97,485.57,149.25,0.75,12.34,501.4,478.15,23.25,272.01,172.14,17.73,40.24,41.9,1184.33,156.15,27.69,128.46,587.4,122.01,465.39,261.48,0.43,10.54,250.52,14.46,5.22,0.28,8.96,339.34,307.89,31.44,133.35,1296.32,64.45,1231.87,329.74,0.38,421.14
6846.46,1280.52,84.76,658.93,387.92,148.1,0.82,15.84,294.44,285.43,9.0,326.5,224.32,19.17,41.66,41.34,1222.92,159.32,29.47,129.85,613.01,124.3,488.71,290.93,0.22,12.67,278.04,16.63,5.5,0.62,10.51,392.03,367.08,24.95,136.59,1342.93,73.67,1269.26,342.95,0.64,411.23
6725.45,1228.35,85.4,638.23,366.56,137.08,1.08,16.24,299.59,289.9,9.69,327.52,231.17,17.81,36.95,41.59,1221.84,166.76,26.74,140.02,638.08,129.73,508.35,284.49,0.25,11.15,273.09,15.26,4.9,0.56,9.8,375.03,349.32,25.7,140.92,1295.72,69.73,1225.99,307.99,0.5,407.16
6822.31,1306.34,89.81,687.09,394.34,133.99,1.12,15.24,315.4,306.09,9.31,314.81,215.81,18.46,39.18,41.37,1177.56,170.3,24.93,145.37,674.14,138.94,535.2,278.73,0.22,7.97,270.54,12.09,4.05,0.42,7.62,321.28,286.97,34.32,145.46,1350.1,68.4,1281.7,323.99,0.69,416.18
6683.02,1273.68,63.0,680.77,397.37,130.73,1.81,21.76,372.91,355.12,17.79,256.86,155.7,15.45,42.18,43.54,1105.84,164.79,29.28,135.5,722.87,145.16,577.71,271.08,0.31,9.12,261.65,12.67,4.08,0.62,7.97,262.05,230.78,31.27,158.92,1300.03,67.41,1232.62,368.03,1.51,390.02
6074.48,1243.06,59.6,673.45,385.57,122.73,1.72,13.74,348.54,332.55,15.99,227.41,137.42,13.73,40.24,36.03,984.12,148.24,24.93,123.32,600.75,117.66,483.08,229.57,0.21,8.73,220.64,12.51,3.67,0.49,8.35,251.79,225.05,26.74,146.78,1163.63,59.66,1103.97,353.12,0.43,350.79
6906.39,1281.07,78.88,668.64,392.28,139.74,1.53,16.98,298.22,285.66,12.56,292.84,183.5,18.13,47.99,43.22,1123.69,206.99,34.11,172.88,697.47,136.65,560.82,280.85,0.18,11.8,268.87,13.6,4.6,0.63,8.37,366.57,310.9,55.67,153.45,1384.04,67.47,1316.57,363.49,0.86,426.28
6799.68,1297.36,70.79,680.34,399.87,145.03,1.34,15.78,315.33,301.84,13.49,278.47,173.7,17.2,43.76,43.81,1120.34,177.35,33.25,144.1,669.66,130.62,539.04,262.72,0.28,13.07,249.38,13.95,4.57,0.48,8.91,357.2,326.0,31.2,136.65,1368.88,69.09,1299.78,367.08,0.66,418.24
7429.67,1456.95,80.43,772.72,441.42,160.93,1.46,18.02,349.25,332.66,16.59,308.99,197.92,19.53,49.33,42.21,1202.74,209.85,33.62,176.23,693.95,135.79,558.16,287.54,0.22,14.85,272.48,15.86,6.25,0.46,9.16,405.7,375.23,30.47,143.69,1515.67,74.33,1441.34,356.65,0.47,464.33
6873.1,1372.27,60.87,715.14,434.68,160.18,1.41,16.92,308.84,296.54,12.29,261.58,157.15,18.75,43.59,42.1,1113.84,181.25,30.39,150.86,673.7,132.03,541.68,268.88,0.25,14.98,253.65,14.11,5.28,0.46,8.36,361.71,335.63,26.08,144.44,1419.67,71.58,1348.09,299.84,0.6,435.45
7065.4,1421.08,57.1,736.46,457.49,168.62,1.41,15.54,300.36,288.72,11.63,251.28,148.72,18.61,44.58,39.37,1079.76,203.46,30.94,172.53,704.93,140.17,564.77,276.75,0.18,15.27,261.3,13.37,4.41,0.51,8.44,348.93,318.97,29.96,150.12,1500.76,82.46,1418.3,366.56,0.56,431.93
7658.48,1506.42,46.73,789.41,488.82,179.6,1.86,16.79,373.99,360.64,13.35,223.16,122.61,16.48,44.61,39.47,1189.8,195.5,30.85,164.65,724.59,145.18,579.41,287.01,0.21,13.13,273.67,21.28,5.49,0.42,15.38,370.19,341.22,28.97,164.16,1770.13,143.05,1627.08,352.32,0.42,462.71
7063.15,1559.19,66.96,844.75,478.58,167.72,1.18,15.46,461.16,437.92,23.24,242.81,149.96,16.59,39.41,36.85,1077.12,159.29,29.89,129.4,627.95,122.44,505.51,258.17,0.17,12.05,245.95,14.9,4.21,0.35,10.34,333.13,302.14,30.99,138.78,1327.66,78.62,1249.05,442.93,0.42,404.17
7261.83,1375.5,79.17,699.33,424.46,171.34,1.19,14.75,330.91,318.7,12.21,288.95,189.13,18.62,40.53,40.67,1157.13,154.91,35.51,119.4,727.24,141.16,586.08,298.21,0.38,16.36,281.46,21.86,5.84,0.45,15.57,414.17,387.4,26.77,144.39,1520.91,99.7,1421.22,380.04,0.56,432.31
7120.01,1335.04,83.37,691.31,398.94,159.97,1.44,14.44,327.03,315.27,11.77,297.07,200.12,18.14,39.01,39.8,1199.61,164.87,29.5,135.38,721.9,145.16,576.74,288.54,0.16,11.62,276.75,17.89,4.92,0.39,12.58,404.69,378.78,25.91,149.33,1457.37,88.89,1368.48,325.09,0.58,416.56
7327.06,1395.33,83.49,730.33,420.86,159.26,1.39,14.73,343.61,332.13,11.48,288.05,186.46,17.88,42.57,41.14,1257.46,169.09,27.97,141.12,736.03,146.56,589.47,277.39,0.31,11.35,265.73,15.66,4.21,0.39,11.06,341.48,306.93,34.56,154.31,1512.76,91.06,1421.71,403.71,0.99,416.46
7294.86,1512.7,58.14,825.1,470.53,157.27,1.65,13.02,492.36,466.63,25.72,229.03,134.57,15.09,40.82,38.55,1226.29,162.04,26.13,135.91,759.44,147.64,611.8,247.41,0.23,8.45,238.73,15.26,4.04,0.42,10.8,277.49,246.91,30.58,159.81,1398.68,85.95,1312.73,407.94,0.51,392.89
6202.2,1206.88,42.2,609.79,408.49,145.83,0.57,20.17,263.58,250.88,12.7,192.55,105.87,13.33,37.84,35.52,1058.21,159.7,29.13,130.57,728.02,128.46,599.56,249.24,0.29,11.07,237.88,9.04,3.01,0.33,5.71,242.94,215.05,27.88,152.86,1176.24,60.46,1115.78,371.18,1.54,370.05
6734.15,1440.81,43.5,740.87,491.98,164.47,0.0,25.37,321.73,308.82,12.91,203.33,115.26,14.83,37.66,35.59,1124.13,184.61,31.13,153.49,702.15,121.39,580.76,269.31,0.18,14.76,254.36,7.57,2.87,0.36,4.35,284.56,252.48,32.08,111.5,1213.07,51.24,1161.83,444.28,1.01,400.7
6494.51,1355.17,51.21,700.79,444.17,159.0,0.0,15.62,318.05,305.86,12.19,218.36,132.54,14.85,36.32,34.64,943.07,188.9,32.3,156.6,707.06,127.01,580.05,266.08,0.32,17.81,247.95,7.05,2.83,-0.12,4.34,324.01,294.86,29.15,121.11,1274.83,55.64,1219.2,346.77,0.66,407.78
7599.69,1512.02,80.05,772.99,475.73,183.1,0.15,53.03,400.39,385.54,14.85,306.57,202.33,20.1,46.01,38.12,958.68,231.16,42.22,188.94,726.9,135.88,591.03,295.58,1.08,23.16,271.34,16.46,4.61,0.01,11.85,441.17,405.34,35.83,142.85,1635.67,90.96,1544.71,404.37,6.25,468.59
6922.8,1371.33,62.91,702.73,421.92,183.68,0.09,50.72,312.95,303.4,9.55,255.31,163.52,17.44,38.68,35.68,937.6,249.91,38.05,211.87,710.88,139.31,571.57,273.19,1.67,18.38,253.15,13.52,4.52,0.02,8.98,378.93,349.3,29.63,134.54,1417.46,80.64,1336.82,385.53,6.0,424.92
6862.51,1365.24,42.71,697.72,438.04,186.77,0.0,15.34,314.95,304.88,10.07,212.78,126.09,15.64,36.7,34.35,884.9,225.99,40.38,185.61,755.46,149.37,606.09,273.94,0.37,17.18,256.39,11.08,3.79,0.0,7.29,335.17,308.92,26.25,149.93,1449.86,96.88,1352.98,385.2,0.62,482.04
7638.78,1617.98,39.58,824.59,539.63,214.19,0.0,20.21,403.5,393.18,10.32,186.73,104.9,15.24,35.86,30.73,984.1,256.33,39.48,216.84,707.2,143.05,564.15,290.13,0.23,16.76,273.14,22.12,4.97,-0.01,17.17,368.7,341.25,27.45,147.63,1743.99,157.75,1586.24,404.27,0.5,485.38
6972.57,1566.86,46.67,806.18,523.34,190.67,0.0,15.18,504.62,481.83,22.79,199.53,117.37,14.95,32.74,34.47,923.26,203.12,37.77,165.35,727.37,141.34,586.03,304.68,0.28,17.47,286.93,7.84,3.4,0.0,4.44,313.58,284.5,29.08,134.05,1194.67,61.88,1132.79,403.86,0.52,473.44
7102.01,1486.62,74.69,735.12,475.56,201.24,0.0,13.71,381.67,368.48,13.19,263.52,179.57,16.38,35.08,32.49,956.97,184.44,33.97,150.47,668.3,132.24,536.07,288.81,0.22,17.96,270.63,15.19,4.3,0.0,10.89,434.19,410.39,23.8,138.2,1436.74,96.86,1339.87,419.18,0.5,413.96
6729.47,1386.21,63.85,688.57,445.44,188.34,0.0,14.43,353.91,344.9,9.01,237.22,157.45,16.09,33.35,30.33,953.19,190.77,32.15,158.62,681.01,133.54,547.47,278.14,0.23,14.53,263.38,13.16,3.92,0.0,9.24,381.95,359.44,22.51,130.35,1330.89,93.72,1237.17,390.04,0.62,387.6
6626.59,1440.42,64.47,711.85,482.05,182.06,0.0,21.71,354.71,344.54,10.17,227.53,141.91,16.18,35.49,33.95,1065.78,181.44,31.17,150.27,744.19,142.38,601.81,309.74,0.29,15.78,293.66,6.8,2.59,-0.01,4.21,296.68,264.76,31.92,152.6,1059.18,64.93,994.25,393.54,0.91,371.38
6370.4,1429.66,45.24,720.26,490.36,173.81,0.0,14.44,366.36,355.17,11.19,193.28,109.26,13.88,38.81,31.33,1007.74,185.57,30.86,154.71,757.85,140.88,616.97,293.4,0.18,14.61,278.61,6.66,2.57,0.0,4.09,219.95,187.97,31.98,161.7,1021.74,58.76,962.97,394.23,0.7,317.12
6221.65,1360.33,47.41,718.88,434.69,159.35,0.0,10.14,420.17,403.14,17.03,177.87,102.34,11.95,35.17,28.41,983.91,170.23,28.59,141.64,661.1,126.97,534.13,248.91,0.31,14.63,233.97,8.38,2.9,0.0,5.48,264.91,239.97,24.94,150.04,1009.61,69.14,940.47,436.92,0.65,318.48
7209.28,1403.72,72.05,700.0,443.76,187.92,0.0,7.32,334.24,325.76,8.48,248.09,155.38,16.34,44.38,31.99,1149.36,182.58,32.98,149.6,763.75,140.49,623.26,306.04,0.14,21.08,284.82,9.68,3.46,0.0,6.22,389.52,348.01,41.51,158.33,1347.12,81.14,1265.98,496.7,0.69,412.12
7066.35,1380.12,59.14,687.76,446.04,187.18,0.0,6.64,349.77,340.85,8.92,234.21,144.54,16.04,41.66,31.97,1133.58,164.22,31.99,132.22,744.46,140.51,603.95,309.04,0.6,25.09,283.36,10.66,3.79,0.0,6.87,402.71,376.71,26.0,147.56,1342.37,82.3,1260.06,399.06,0.71,441.23
7581.62,1624.92,81.53,823.62,514.31,205.47,0.0,6.44,413.15,400.95,12.2,254.67,161.15,17.3,44.28,31.94,1129.93,194.52,32.56,161.97,723.6,135.88,587.71,299.39,0.19,28.34,270.85,13.68,4.64,0.0,9.04,450.83,423.71,27.12,149.16,1488.65,100.13,1388.52,386.25,0.76,445.68
7420.65,1526.62,64.68,759.47,493.39,209.07,0.0,7.16,362.89,353.92,8.98,234.94,143.01,17.35,41.25,33.34,1154.07,179.42,29.88,149.54,765.57,145.72,619.85,303.3,0.58,22.57,280.15,12.41,4.66,0.0,7.75,430.25,407.3,22.95,156.46,1463.2,101.56,1361.65,377.52,0.74,446.08
7692.85,1602.52,56.5,807.17,520.52,218.32,0.0,8.58,367.35,358.64,8.71,221.26,127.64,16.68,43.57,33.37,1199.03,224.68,29.25,195.43,801.3,155.05,646.25,328.38,0.19,24.3,303.89,12.31,4.03,0.0,8.28,401.93,372.95,28.98,163.84,1536.09,119.89,1416.2,379.34,0.79,445.46
7890.07,1696.91,48.05,849.98,561.68,237.2,0.0,8.24,425.98,417.46,8.52,189.09,100.51,15.58,44.36,28.64,1189.75,189.07,32.39,156.67,768.75,149.01,619.74,301.42,0.33,22.28,278.81,16.6,4.59,0.0,12.01,400.71,373.45,27.26,167.65,1603.32,158.14,1445.19,528.44,0.68,403.47
7634.36,1680.43,64.19,846.15,544.21,225.88,0.0,7.13,579.72,558.1,21.62,232.28,142.57,16.81,41.17,31.73,1134.99,165.69,30.34,135.36,721.05,139.75,581.3,293.11,0.42,19.2,273.49,11.21,3.59,0.0,7.62,426.48,398.53,27.95,153.72,1337.53,98.33,1239.2,487.43,0.58,403.02
7982.25,1517.28,83.46,726.93,480.4,226.48,0.0,7.91,402.48,394.0,8.48,287.37,191.49,18.9,43.44,33.55,1281.57,186.49,42.63,143.86,811.27,150.71,660.56,342.97,0.57,20.5,321.9,15.87,4.95,0.0,10.92,500.35,475.34,25.01,158.25,1617.01,121.07,1495.93,420.52,1.58,431.34
7942.45,1518.72,91.78,743.54,467.09,216.31,0.0,8.59,402.48,393.99,8.49,283.73,196.68,17.8,37.44,31.81,1320.33,193.28,38.17,155.1,785.35,146.44,638.9,316.72,0.27,18.83,297.62,14.94,5.01,0.0,9.93,456.08,434.4,21.68,152.86,1607.49,115.05,1492.44,447.85,0.74,433.31
7657.08,1494.16,76.93,730.78,477.31,209.14,0.0,8.52,399.99,391.08,8.91,259.98,167.94,17.52,40.32,34.21,1341.24,173.04,35.39,137.64,811.88,150.42,661.46,337.7,0.26,19.5,317.94,9.6,3.39,0.0,6.2,374.84,342.85,31.99,173.09,1404.78,97.64,1307.14,444.35,1.13,422.79
7625.82,1594.07,56.09,806.53,528.47,202.98,0.0,9.3,566.55,548.1,18.45,218.96,130.1,15.25,40.55,33.06,1290.53,188.85,33.99,154.86,832.25,146.36,685.88,296.83,0.19,14.13,282.51,10.56,3.17,0.0,7.38,326.04,297.02,29.02,168.86,1312.36,97.5,1214.86,434.43,0.82,375.42
6304.25,1237.0,45.71,619.25,395.23,176.81,0.0,8.3,307.32,299.31,8.01,169.75,98.88,11.52,35.32,24.04,1150.89,169.08,27.44,141.64,711.23,120.86,590.36,241.74,0.25,12.37,229.12,9.09,2.61,0.0,6.48,288.12,266.58,21.54,148.8,1038.79,85.73,953.06,503.16,0.67,320.32
7610.67,1488.14,67.1,724.73,476.84,219.46,0.0,10.42,356.79,348.74,8.04,228.19,142.76,15.18,40.9,29.34,1436.51,164.48,30.53,133.95,832.67,136.58,696.1,301.63,1.68,18.66,281.29,8.58,3.39,0.0,5.19,413.08,373.02,40.06,152.82,1290.68,81.81,1208.87,487.94,0.84,437.9
7995.91,1509.72,77.17,728.2,482.01,222.34,0.0,8.19,401.51,392.72,8.8,264.18,173.49,17.5,41.9,31.29,1466.93,150.45,29.07,121.39,778.94,131.38,647.56,305.08,1.97,17.71,285.4,13.29,4.4,0.0,8.9,475.44,450.18,25.26,150.42,1574.1,101.49,1472.61,420.8,0.79,476.06
