부산_합계,부산_종합소매,부산_ 백화점,부산_ 대형마트/유통전문점,부산_ 슈퍼마켓,부산_ 편의점,부산_ 면세점,부산_전자상거래/통신판매,부산_식료품,부산_ 일반식료품,부산_ 건강보조식품,부산_의류/잡화,부산_ 의복/직물,부산_ 복식잡화,부산_ 시계/귀금속/안경,부산_ 화장품,부산_연료,부산_가구/가전,부산_ 가구,부산_ 가전제품/정보통신기기,부산_의료/보건,부산_ 종합병원,부산_ 일반병의원/기타의료기관,부산_자동차,부산_ 국산자동차신품,부산_ 기타운송수단,부산_ 자동차 부품 및 정비,부산_여행/교통,부산_ 여행사/자동차임대,부산_ 항공사,부산_ 대중교통,부산_오락/문화,부산_ 스포츠/오락/여가,부산_ 서적/문구,부산_교육,부산_숙박/음식,부산_ 숙박,부산_ 음식점,부산_공과금/개인 및 전문 서비스,부산_금융/보험,부산_기타
14923.0,4397.59,1542.27,1866.73,757.0,81.57,150.03,34.77,219.8,181.39,38.42,971.81,656.47,64.26,94.22,156.85,1694.91,431.85,55.66,376.19,1627.99,460.8,1167.19,857.47,463.83,57.64,336.0,156.44,9.65,72.75,74.03,688.65,616.76,71.89,444.04,1981.31,149.46,1831.85,690.58,34.19,691.59
15924.36,4721.64,1561.02,2121.46,805.47,81.21,152.48,35.0,238.79,202.41,36.38,926.22,609.16,63.18,93.17,160.72,1760.9,395.52,54.48,341.04,1592.33,444.34,1147.99,1289.48,903.82,50.96,334.7,147.92,9.3,67.53,71.1,639.85,559.7,80.15,408.13,2303.47,167.81,2135.65,711.52,32.12,721.47
14703.3,4115.65,1209.49,1856.52,811.9,79.76,157.99,36.76,255.93,212.25,43.69,784.56,481.79,49.73,101.1,151.94,1727.92,346.02,52.08,293.95,1807.76,492.99,1314.77,783.76,395.23,44.22,344.31,155.3,10.08,75.81,69.42,570.03,490.08,79.95,446.6,2133.45,175.08,1958.37,746.08,32.43,761.04
13370.48,3764.26,1043.68,1769.03,749.12,75.87,126.55,33.91,270.69,225.14,45.55,734.16,460.72,42.17,92.88,138.39,1536.65,332.41,47.48,284.93,1606.26,430.06,1176.2,906.54,587.29,41.99,277.26,146.08,9.61,77.92,58.54,478.1,406.74,71.36,398.33,1787.16,132.13,1655.03,668.81,34.47,672.64
14830.86,4021.55,1194.37,1822.26,792.55,83.77,128.61,35.88,243.59,198.42,45.17,867.18,536.68,59.14,112.01,159.36,1666.06,438.73,61.97,376.75,1725.41,471.78,1253.63,991.54,624.23,50.23,317.08,169.96,9.91,90.84,69.21,654.32,514.02,140.3,432.73,2074.93,156.69,1918.25,694.4,40.36,774.23
14439.24,4171.18,1280.76,1843.27,816.43,86.0,144.72,37.3,241.12,197.57,43.55,818.04,503.43,56.72,109.01,148.88,1598.55,395.52,60.16,335.36,1639.21,461.61,1177.61,893.54,541.63,49.24,302.68,176.71,10.15,89.92,76.63,612.92,524.7,88.21,378.1,2032.61,144.24,1888.36,672.65,37.22,734.58
15100.31,4263.31,1238.62,1930.84,858.39,93.89,141.57,40.62,262.31,210.3,52.01,956.22,610.39,63.28,120.52,162.03,1588.31,464.14,57.6,406.53,1706.7,475.15,1231.54,815.81,413.39,70.81,331.6,188.14,12.27,91.79,84.08,669.97,592.87,77.1,403.52,2222.98,161.79,2061.19,708.74,37.37,772.19
14119.66,3903.55,1055.39,1769.57,857.89,92.92,127.77,27.19,232.29,189.38,42.92,786.14,466.8,60.76,109.31,149.26,1519.92,466.7,59.95,406.74,1622.56,449.99,1172.57,827.75,427.64,60.83,339.28,171.82,11.22,83.48,77.12,558.34,488.5,69.84,398.6,2065.44,148.12,1917.32,722.87,37.7,778.81
15398.28,4401.05,1133.3,2057.97,962.93,109.54,137.31,58.68,236.88,196.28,40.6,754.4,417.06,61.01,117.9,158.43,1670.07,536.73,58.04,478.68,1667.44,475.55,1191.89,919.78,472.01,55.45,392.32,201.56,12.7,108.44,80.41,534.02,451.46,82.56,434.35,2288.09,169.57,2118.51,795.36,35.24,864.64
14904.15,4052.97,975.8,1882.39,959.82,113.5,121.45,65.02,248.71,208.54,40.17,629.43,319.26,47.51,116.5,146.17,1734.1,491.69,51.82,439.87,1681.51,475.17,1206.33,896.55,481.15,55.68,359.72,188.98,14.23,83.51,91.24,495.64,422.12,73.52,429.77,2403.63,218.98,2184.65,725.26,36.79,824.11
14674.41,4432.54,1142.18,2098.44,969.13,105.63,117.16,56.93,312.61,262.81,49.8,851.2,557.74,51.76,99.88,141.82,1572.32,382.55,57.77,324.78,1477.8,407.33,1070.48,806.97,437.61,50.8,318.56,163.01,11.63,77.11,74.27,606.18,519.85,86.33,366.29,2034.42,139.86,1894.57,760.75,35.12,815.7
15018.51,4222.36,1232.66,1855.7,895.48,103.7,134.82,68.26,238.74,197.72,41.02,941.8,619.94,62.26,105.07,154.53,1591.95,418.81,65.19,353.62,1707.59,475.45,1232.14,826.24,428.72,50.8,346.72,188.17,12.55,89.73,85.9,674.16,602.97,71.19,392.46,2098.49,159.2,1939.28,747.3,37.02,865.14
15073.56,4432.55,1476.0,1888.87,850.41,97.03,120.24,66.7,223.97,185.75,38.23,996.64,682.44,61.25,98.24,154.7,1616.21,457.17,61.11,396.06,1645.64,455.69,1189.95,769.24,384.32,50.39,334.53,168.35,11.65,76.01,80.69,699.79,629.24,70.54,379.23,2031.72,145.38,1886.34,694.5,36.78,855.07
16121.81,4637.79,1685.48,1809.52,899.85,102.79,140.16,64.6,252.92,216.21,36.71,973.48,647.38,62.35,106.99,156.77,1665.09,447.44,63.29,384.15,1669.78,470.34,1199.44,1020.61,626.17,50.19,344.25,177.88,11.48,86.95,79.45,692.08,608.32,83.75,413.88,2439.93,176.04,2263.88,741.55,35.06,889.73
15007.9,4182.68,1312.28,1718.56,937.95,91.89,122.0,63.93,331.21,284.35,46.85,814.11,503.2,50.18,107.76,152.97,1629.39,385.93,58.49,327.44,1799.55,486.41,1313.14,817.15,426.47,48.95,341.74,185.67,11.55,97.16,76.95,572.27,496.03,76.24,425.98,2170.95,160.12,2010.83,778.0,34.26,816.84
13660.1,3578.65,1058.8,1539.72,786.25,92.46,101.42,331.61,207.97,176.68,31.29,719.6,443.9,42.93,98.33,134.44,1428.83,377.67,57.42,320.25,1598.88,440.52,1158.36,720.58,412.64,42.19,265.75,292.76,18.61,123.76,150.39,495.37,417.96,77.4,402.99,1905.58,136.95,1768.63,764.45,94.56,740.61
14913.88,4107.36,1315.47,1661.42,923.92,99.73,106.83,67.72,253.56,214.83,38.73,871.59,543.15,56.42,120.78,151.23,1574.46,446.24,70.34,375.9,1705.07,471.25,1233.82,833.04,455.6,57.38,320.06,209.08,12.51,106.33,90.25,677.78,536.46,141.32,429.35,2168.69,141.35,2027.34,717.52,40.77,811.65
14162.17,3645.01,1192.48,1514.32,713.88,100.01,124.34,67.72,247.56,208.66,38.9,854.66,532.78,58.83,115.13,147.91,1504.14,410.28,62.28,348.0,1648.0,458.33,1189.67,954.98,575.64,59.04,320.3,201.98,15.06,105.08,81.83,612.04,535.48,76.56,379.77,2048.03,137.62,1910.4,707.22,38.27,842.51
15338.25,4024.25,1314.22,1697.49,788.16,109.78,114.59,67.7,279.76,233.21,46.55,968.33,614.96,63.82,128.7,160.85,1564.48,495.32,66.33,428.99,1673.63,453.97,1219.66,1005.29,602.87,63.16,339.26,212.83,13.78,93.57,105.48,665.27,590.8,74.47,403.29,2357.73,158.01,2199.72,705.19,37.93,877.26
14629.83,3934.03,1195.14,1676.22,820.36,115.99,126.32,56.93,252.78,214.14,38.64,816.58,484.93,61.13,123.49,147.03,1462.69,503.34,65.07,438.26,1585.51,433.46,1152.05,1005.86,611.7,56.09,338.06,202.67,14.01,97.61,91.06,573.21,506.07,67.14,390.62,2246.46,149.7,2096.76,691.71,37.89,869.54
15239.06,3895.25,1133.85,1691.46,822.71,121.51,125.72,68.13,260.84,217.83,43.01,780.61,431.2,59.14,129.62,160.65,1558.12,556.03,67.57,488.46,1792.89,494.68,1298.22,992.44,521.77,64.65,406.01,304.86,16.44,135.4,153.01,549.59,465.67,83.92,452.43,2337.22,162.07,2175.15,736.67,35.99,918.0
14858.26,3799.69,1061.13,1669.25,833.22,121.37,114.72,62.88,291.79,247.73,44.06,683.55,350.0,54.8,127.73,151.02,1579.01,480.2,70.88,409.32,1759.93,470.81,1289.12,871.78,447.76,60.93,363.08,274.31,17.87,95.56,160.88,521.97,450.28,71.7,438.1,2509.4,204.27,2305.13,672.19,36.04,877.41
14611.65,4118.7,1243.21,1810.98,813.42,128.16,122.92,55.66,313.02,266.53,46.49,775.57,461.24,57.5,112.39,144.44,1462.02,450.26,70.81,379.44,1576.55,409.56,1166.99,906.89,498.61,57.35,350.94,262.46,13.8,102.08,146.59,594.01,503.2,90.81,390.87,2134.14,137.96,1996.18,670.01,35.99,865.5
15222.89,4079.05,1420.49,1623.17,801.79,114.95,118.65,124.74,266.24,224.94,41.3,917.45,589.76,63.29,111.74,152.66,1491.32,491.28,82.75,408.53,1726.91,448.64,1278.27,947.83,548.16,54.79,344.88,305.51,19.29,104.33,181.89,652.25,578.43,73.82,401.74,2197.18,141.7,2055.48,626.24,56.79,938.35
14960.67,3996.8,1469.65,1596.38,707.39,113.32,110.06,57.93,255.12,214.73,40.4,946.25,617.96,64.51,106.96,156.82,1425.36,504.65,76.92,427.73,1720.49,450.95,1269.54,1007.92,616.45,58.6,332.87,266.01,15.29,94.31,156.41,680.56,608.54,72.01,388.89,2174.46,131.26,2043.2,596.22,35.8,904.2
16885.6,4504.06,1631.21,1837.56,771.47,131.15,132.68,400.31,292.57,249.96,42.61,908.9,569.53,66.49,111.74,161.14,1480.82,512.39,75.02,437.37,1740.16,466.92,1273.24,1149.13,731.56,53.56,364.02,378.7,26.16,116.7,235.84,714.39,619.97,94.42,422.7,2520.06,172.0,2348.06,757.75,103.84,999.84
15054.88,4008.95,1355.58,1603.08,794.35,108.17,147.76,57.15,306.42,268.37,38.04,754.22,427.13,55.02,121.52,150.55,1283.97,429.15,73.44,355.71,1914.34,491.36,1422.97,890.49,498.57,54.04,337.88,293.62,17.87,119.81,155.93,577.13,492.91,84.23,451.67,2396.89,166.64,2230.25,745.56,32.89,912.41
13676.08,4021.8,1294.6,1712.23,785.84,114.35,114.79,52.34,347.49,302.34,45.14,692.61,397.66,47.82,108.15,138.98,1134.89,391.44,64.44,326.99,1631.72,416.28,1215.44,704.65,380.01,46.08,278.55,262.49,17.38,112.98,132.12,485.06,414.36,70.69,403.51,2065.77,143.22,1922.55,598.49,34.14,849.7
15254.16,4207.25,1430.76,1707.39,815.7,135.31,118.09,72.53,274.29,232.5,41.79,854.53,499.37,62.82,135.98,156.36,1353.05,484.64,82.22,402.42,1835.75,477.2,1358.56,827.32,423.8,68.07,335.46,280.16,15.2,119.02,145.95,686.98,544.66,142.32,440.94,2293.27,152.6,2140.67,677.01,40.2,926.22
14713.46,4045.72,1346.59,1597.73,802.67,147.28,151.45,49.32,273.38,233.54,39.84,846.68,501.2,61.83,128.04,155.61,1255.21,446.36,74.72,371.64,1799.97,463.54,1336.43,877.17,490.15,55.16,331.86,315.18,16.67,125.31,173.2,627.77,546.78,80.99,393.01,2199.7,138.64,2061.07,648.56,37.77,897.66
16013.28,4502.06,1528.02,1801.26,862.11,167.72,142.95,42.63,322.0,277.75,44.25,971.63,587.17,71.22,148.71,164.53,1320.42,505.82,82.18,423.64,1805.19,461.99,1343.2,870.12,446.65,62.57,360.91,295.33,17.27,117.78,160.28,698.54,622.53,76.01,414.07,2609.72,171.89,2437.83,668.74,37.91,949.12
14515.76,4134.84,1243.14,1683.0,906.5,173.77,128.43,46.89,297.91,253.77,44.14,787.24,447.28,60.63,127.23,152.12,1229.54,508.35,81.56,426.79,1609.36,389.38,1219.97,819.62,397.37,61.01,361.23,268.64,13.29,101.26,154.09,570.27,502.03,68.24,411.44,2205.07,133.37,2071.7,670.36,38.42,917.82
15751.27,4290.03,1268.3,1791.93,910.3,187.33,132.17,76.16,318.79,275.41,43.38,776.57,417.68,58.4,140.87,159.62,1314.7,586.33,83.6,502.74,1851.97,454.17,1397.8,910.05,426.38,64.31,419.36,349.28,22.3,155.95,171.03,582.58,494.04,88.54,461.05,2475.62,158.69,2316.93,774.0,36.79,947.35
15738.8,4388.84,1249.13,1862.24,938.76,208.46,130.25,75.84,315.87,278.91,36.95,695.46,344.49,53.4,148.56,149.0,1366.28,543.77,81.83,461.94,1840.79,464.12,1376.68,834.0,401.64,56.14,376.21,279.4,21.75,102.51,155.15,557.34,481.95,75.39,457.08,2748.43,216.69,2531.74,699.93,32.13,903.63
15361.05,4512.67,1313.58,1930.65,950.55,198.08,119.81,56.21,407.9,351.12,56.77,785.48,455.88,56.11,120.7,152.79,1249.43,439.68,79.02,360.66,1730.36,437.59,1292.77,935.54,514.34,55.53,365.66,271.7,16.81,96.78,158.11,594.64,500.5,94.14,394.09,2265.84,135.66,2130.17,783.56,36.07,897.89
16176.33,4558.4,1651.84,1711.65,825.12,202.05,167.73,66.15,287.63,242.4,45.23,948.02,590.03,65.51,131.03,161.43,1255.19,509.12,102.56,406.56,1942.0,471.84,1470.15,1021.75,571.4,64.62,385.73,299.98,21.99,103.14,174.85,713.4,638.04,75.36,436.9,2402.61,169.56,2233.05,774.64,37.9,922.65
15588.65,4666.82,1763.46,1699.08,847.46,193.28,163.54,60.45,278.43,241.21,37.22,932.81,609.26,59.56,115.48,148.5,1221.85,513.83,95.38,418.45,1801.62,450.88,1350.75,816.18,421.35,53.3,341.52,271.91,16.12,95.82,159.97,690.32,620.97,69.35,389.88,2376.34,148.02,2228.32,685.23,36.07,846.91
16788.33,4575.32,1647.0,1702.22,860.75,200.6,164.74,68.92,320.95,279.34,41.61,904.87,555.87,61.14,126.05,161.81,1291.99,521.63,91.54,430.09,1965.41,499.49,1465.92,1277.36,831.13,60.61,385.62,308.43,16.84,112.47,179.12,683.74,591.2,92.54,448.22,2673.98,181.09,2492.89,797.16,35.13,915.23
15463.85,4282.62,1348.94,1672.24,920.23,188.14,153.08,64.13,341.63,297.21,44.43,786.0,454.83,50.31,127.63,153.23,1294.48,435.69,86.48,349.21,2053.63,502.0,1551.63,594.18,172.31,47.72,374.15,267.1,15.33,98.08,153.69,590.38,509.69,80.68,469.53,2588.28,177.02,2411.26,792.49,32.97,870.74
14483.18,4331.95,1369.35,1746.39,890.99,186.75,138.47,57.71,353.84,308.36,45.48,707.46,401.5,45.95,121.99,138.01,1176.17,432.06,81.62,350.43,1815.46,449.88,1365.58,506.47,147.86,46.95,311.67,309.77,12.92,148.98,147.87,519.75,444.59,75.16,441.61,2287.51,148.04,2139.47,670.22,34.96,838.24
16304.52,4378.28,1433.95,1652.73,927.99,209.45,154.16,61.69,299.48,255.39,44.09,850.98,498.46,57.29,136.53,158.7,1221.07,505.38,90.04,415.34,2020.17,510.79,1509.38,1401.71,974.06,68.43,359.21,302.04,15.07,128.29,158.68,679.2,533.99,145.21,477.8,2402.78,149.07,2253.71,751.9,41.06,910.98
15870.68,4287.18,1421.73,1590.59,913.67,210.35,150.85,61.41,298.2,255.44,42.75,877.17,526.39,59.98,134.67,156.14,1145.61,463.79,85.08,378.7,1951.37,490.87,1460.5,1308.26,897.22,61.1,349.93,313.38,16.16,117.92,179.3,641.07,561.42,79.65,426.23,2416.02,147.08,2268.94,729.45,38.68,912.85
17049.9,4769.17,1619.68,1784.0,962.37,234.17,168.95,67.65,329.13,280.36,48.76,969.88,589.95,69.78,147.12,163.03,1201.39,536.81,96.34,440.47,1916.21,476.63,1439.58,1401.05,962.52,70.41,368.13,329.08,16.53,148.59,163.97,682.69,607.46,75.24,435.94,2766.6,170.06,2596.55,661.31,40.45,942.53
16244.02,4268.45,1287.86,1684.9,901.75,237.83,156.11,59.6,297.76,251.95,45.81,861.36,499.75,68.6,135.16,157.85,1196.15,530.0,85.48,444.52,1941.26,489.32,1451.94,1490.14,1036.88,74.54,378.73,340.35,16.33,145.86,178.16,581.51,511.43,70.08,445.28,2550.96,155.95,2395.01,687.59,40.8,952.8
16542.79,4306.88,1267.32,1721.47,918.03,248.94,151.12,59.84,300.73,253.42,47.3,798.07,431.74,66.2,136.93,163.19,1265.25,629.44,92.82,536.62,2072.51,508.93,1563.58,1174.39,679.27,65.05,430.07,369.31,17.14,181.58,170.59,575.18,491.48,83.7,488.03,2697.31,160.39,2536.92,785.24,36.03,984.56
16640.63,4644.24,1355.54,1846.67,993.96,282.15,165.92,65.84,304.39,260.89,43.49,682.45,341.03,58.22,135.45,147.76,1266.09,636.77,91.74,545.04,2010.52,503.38,1507.13,1100.32,631.64,67.33,401.35,336.91,16.6,150.84,169.47,546.62,473.03,73.59,491.38,2910.96,223.75,2687.21,665.33,35.07,943.76
15954.11,4543.45,1356.67,1849.86,939.91,258.19,138.82,58.93,376.42,313.88,62.54,743.21,414.65,60.1,118.22,150.23,1159.8,459.54,91.48,368.06,1878.36,447.11,1431.25,1255.66,816.15,63.88,375.63,330.94,16.44,141.59,172.91,564.12,478.72,85.4,451.07,2395.16,141.96,2253.2,729.3,35.78,972.39
17444.69,4861.54,1674.2,1827.38,944.08,266.29,149.59,57.52,312.72,263.74,48.98,867.49,513.94,70.85,128.37,154.33,1192.78,503.05,101.56,401.49,2038.78,471.68,1567.11,1772.03,1308.73,79.28,384.02,323.28,17.01,148.21,158.06,679.39,608.11,71.27,439.42,2619.02,148.17,2470.85,711.9,34.92,1030.85
16986.43,4585.52,1693.11,1674.74,814.15,252.38,151.14,56.13,305.61,255.59,50.03,918.89,572.22,67.05,116.86,162.76,1231.21,493.24,85.31,407.93,2066.72,474.65,1592.07,1702.97,1243.47,74.85,384.65,336.17,15.45,139.32,181.4,675.59,605.3,70.29,442.6,2487.47,149.79,2337.67,656.31,35.64,992.36
18145.71,4631.96,1643.28,1701.82,887.72,255.65,143.49,63.47,352.26,301.44,50.82,861.55,497.58,67.83,126.37,169.77,1323.23,483.78,86.06,397.72,2218.21,512.32,1705.89,2048.58,1561.64,81.28,405.65,364.41,15.78,159.29,189.35,643.93,554.78,89.15,485.51,2830.56,166.62,2663.94,737.65,36.11,1064.5
17146.42,4814.12,1475.38,1940.55,996.33,246.42,155.43,66.84,454.57,395.92,58.65,745.72,411.65,57.58,122.15,154.33,1361.78,464.88,85.52,379.36,2104.27,485.34,1618.93,1177.01,737.76,62.47,376.78,422.9,14.34,208.73,199.83,569.19,493.76,75.42,451.98,2722.97,162.37,2560.6,740.47,29.61,1020.13
15528.29,3882.18,1283.31,1443.53,756.5,227.73,171.12,55.57,285.23,238.89,46.33,714.99,382.68,52.98,129.65,149.69,1291.67,490.68,95.72,394.96,2083.26,445.97,1637.29,1145.83,731.93,66.71,347.19,392.56,15.84,178.6,198.11,527.51,452.3,75.21,515.18,2461.84,159.62,2302.22,709.66,31.21,940.93
17433.93,4589.8,1436.64,1799.18,916.85,261.4,175.74,71.37,340.96,286.15,54.81,861.95,478.03,66.92,148.74,168.26,1431.03,516.77,92.93,423.84,2241.79,497.13,1744.66,1307.21,844.03,85.01,378.18,441.78,15.58,189.9,236.3,688.83,547.11,141.72,500.02,2633.59,149.44,2484.15,735.09,35.72,1038.02
16817.01,4338.9,1371.4,1674.5,866.85,259.37,166.78,59.63,337.87,283.94,53.93,876.38,501.53,68.62,146.19,160.04,1340.46,541.36,87.6,453.77,2220.18,483.92,1736.26,1175.85,721.09,80.95,373.81,464.26,18.93,187.84,257.48,648.0,568.92,79.07,444.64,2616.52,141.74,2474.78,714.53,34.27,1004.16
18127.51,4982.9,1636.68,1926.6,935.13,304.9,179.59,64.84,376.37,320.08,56.28,935.51,534.4,75.38,161.94,163.79,1339.41,607.77,92.56,515.21,2216.68,476.18,1740.5,1172.77,717.0,69.86,385.91,508.14,18.33,236.88,252.93,698.64,626.22,72.42,455.2,3041.05,193.15,2847.89,691.8,33.75,1002.69
16923.3,4403.02,1287.29,1737.85,921.51,299.92,156.44,57.81,336.85,285.04,51.81,829.1,444.93,68.67,150.34,165.16,1250.9,546.98,82.96,464.01,2243.87,499.44,1744.44,1144.66,655.05,90.32,399.3,502.34,17.04,218.0,267.3,612.9,541.83,71.06,472.57,2723.32,154.26,2569.06,734.95,33.91,1030.14
17980.27,4810.05,1395.73,1938.71,1002.88,325.36,147.35,61.58,347.92,296.32,51.6,789.57,413.99,69.81,146.11,159.67,1302.28,732.52,93.72,638.79,2313.19,511.17,1802.02,1044.32,518.72,82.56,443.04,542.85,17.37,275.21,250.27,602.55,522.02,80.54,504.32,3015.28,193.07,2822.21,810.22,33.13,1070.49
17608.17,4675.54,1301.16,1850.9,1004.97,356.29,162.22,58.41,366.25,315.7,50.55,679.95,316.07,62.05,149.14,152.7,1296.33,580.89,88.24,492.65,2371.76,525.26,1846.49,997.73,495.16,88.98,413.59,488.04,19.61,201.6,266.83,592.02,513.28,78.75,535.57,3213.21,277.73,2935.49,682.44,34.34,1035.69
17391.61,4744.33,1426.53,1843.12,984.58,336.01,154.09,53.07,438.75,372.46,66.29,782.84,418.9,65.43,136.63,161.89,1271.11,520.53,93.94,426.59,2340.79,503.84,1836.95,1073.83,575.5,76.33,422.0,487.67,20.65,180.82,286.2,614.91,517.94,96.97,494.33,2725.6,176.9,2548.71,731.12,36.33,1076.4
17680.78,5144.86,1736.86,1952.6,947.21,345.18,163.0,56.02,410.22,361.63,48.58,824.97,489.65,67.09,127.31,140.92,1257.23,531.27,87.62,443.64,2145.44,440.71,1704.73,1011.03,574.26,62.4,374.37,470.96,18.28,191.64,261.04,688.55,621.73,66.82,434.55,2966.18,223.23,2742.96,657.43,31.85,1050.23
17641.27,4960.9,1793.5,1780.45,905.32,313.15,168.49,38.71,348.24,301.99,46.25,906.73,559.38,70.01,122.51,154.83,1323.4,520.72,84.44,436.28,2365.45,507.74,1857.71,1144.28,659.08,78.57,406.63,499.88,19.06,213.36,267.46,697.66,625.79,71.86,456.87,2690.79,175.93,2514.86,625.07,34.89,1027.68
18626.33,4986.83,1810.55,1783.88,917.51,312.41,162.48,42.06,413.04,365.47,47.56,852.72,493.15,69.39,133.06,157.12,1466.02,514.29,79.53,434.76,2505.13,534.29,1970.84,1259.25,763.26,70.09,425.91,516.2,20.12,221.92,274.15,670.4,581.71,88.7,487.31,3105.36,210.6,2894.77,687.52,34.42,1085.77
17750.91,4786.57,1511.97,1824.9,956.76,314.38,178.56,65.07,387.69,346.14,41.54,701.38,376.94,58.94,125.17,140.33,1460.26,533.8,82.9,450.9,2516.06,525.81,1990.26,825.26,370.86,63.66,390.74,605.51,19.56,348.68,237.26,574.34,497.88,76.46,504.62,2954.27,215.63,2738.63,762.97,34.19,1038.93
16227.08,4557.42,1427.52,1793.43,914.49,284.03,137.95,54.57,460.58,406.24,54.34,658.09,350.94,52.17,119.95,135.04,1393.79,493.3,82.55,410.75,2174.13,445.68,1728.45,730.17,323.51,64.5,342.17,471.52,18.43,209.92,243.17,515.14,441.45,73.69,497.57,2568.81,182.73,2386.08,644.96,35.52,971.5
17870.62,4756.74,1497.65,1823.33,953.14,322.09,160.53,68.7,363.18,318.82,44.36,804.95,439.65,65.68,150.51,149.11,1489.22,579.03,105.93,473.1,2414.87,504.67,1910.2,967.81,475.83,94.15,397.82,503.98,20.49,235.12,248.37,681.85,547.16,134.69,536.92,2826.14,162.89,2663.25,749.9,40.63,1086.7
17518.36,4814.8,1624.9,1774.16,923.23,331.8,160.71,63.82,369.11,328.11,41.0,823.52,469.1,67.32,148.34,138.77,1402.47,593.22,100.83,492.39,2287.79,480.34,1807.46,838.25,374.86,74.57,388.83,534.67,19.42,239.27,275.99,658.6,582.29,76.31,456.1,2909.12,163.93,2745.18,692.6,38.3,1035.97
18482.94,4981.11,1616.39,1850.23,969.49,361.6,183.4,65.57,408.75,359.27,49.48,867.64,485.87,71.46,153.36,156.95,1423.5,627.53,104.23,523.3,2403.94,507.16,1896.78,932.17,449.46,75.63,407.08,535.3,21.24,238.25,275.81,696.35,621.74,74.61,498.65,3203.71,210.2,2993.51,695.53,39.38,1103.81
17529.66,4619.68,1365.34,1760.12,968.74,369.82,155.65,61.17,372.92,329.3,43.62,791.15,424.6,68.84,146.3,151.41,1382.49,607.01,96.1,510.91,2351.01,500.98,1850.02,908.97,418.23,76.99,413.75,526.12,20.7,213.02,292.4,622.82,551.69,71.13,499.55,2976.8,194.26,2782.54,690.76,38.58,1080.63
18771.18,5052.37,1506.95,1961.95,1034.93,388.14,160.4,68.57,369.76,328.92,40.84,752.18,393.03,67.14,148.06,143.95,1491.56,734.48,87.75,646.73,2400.05,523.77,1876.28,1023.6,471.61,73.57,478.42,592.25,22.02,301.62,268.61,600.27,520.93,79.34,529.99,3210.53,222.1,2988.42,782.76,38.51,1124.3
18261.82,4840.62,1360.41,1856.96,1066.47,401.87,154.92,65.98,395.89,356.54,39.35,649.65,294.14,61.45,149.46,144.6,1492.47,528.15,87.45,440.7,2466.41,547.16,1919.25,965.71,451.59,75.77,438.34,553.02,20.96,242.48,289.58,578.15,497.04,81.1,568.77,3357.28,265.17,3092.1,660.79,42.14,1096.79
18691.27,5263.6,1612.56,2035.4,1091.95,381.06,142.63,338.83,549.56,486.45,63.11,739.05,392.84,64.3,133.2,148.71,1442.8,481.8,87.45,394.36,2304.66,487.36,1817.3,920.09,446.01,62.33,411.75,508.19,23.23,188.81,296.15,634.15,540.35,93.8,499.25,2981.73,182.23,2799.5,752.18,88.75,1186.63
18684.34,5142.08,1754.03,1854.48,985.3,385.8,162.47,66.32,389.97,350.3,39.67,876.36,521.92,71.42,137.62,145.4,1476.05,507.48,99.88,407.6,2466.11,508.54,1957.57,1168.52,662.68,77.19,428.65,551.16,21.26,245.9,284.0,711.41,640.11,71.31,493.88,3003.14,185.2,2817.94,699.06,42.1,1090.7
18239.36,4962.89,1786.32,1759.03,905.68,358.82,153.04,61.22,388.28,345.9,42.37,877.76,524.89,70.85,129.12,152.9,1442.3,504.15,88.04,416.11,2532.51,534.15,1998.36,1046.18,546.46,75.54,424.19,513.17,20.76,198.72,293.69,694.85,621.76,73.1,494.83,2912.82,178.5,2734.32,648.64,43.18,1116.58
19089.81,5212.47,1885.22,1843.97,970.96,364.75,147.57,70.18,441.53,400.52,41.01,827.71,473.57,71.17,135.34,147.64,1403.11,508.45,86.91,421.54,2578.83,543.24,2035.59,1072.12,580.7,69.19,422.24,502.23,24.94,204.81,272.48,674.78,588.49,86.29,508.18,3387.86,221.35,3166.51,709.28,42.94,1150.12
18752.1,4898.45,1548.9,1828.7,1008.23,357.18,155.44,97.23,492.53,439.6,52.94,729.27,371.76,62.74,141.71,153.06,1360.45,568.02,95.84,472.18,2748.4,566.87,2181.54,917.44,423.35,64.39,429.71,578.89,25.68,294.98,258.22,599.02,512.49,86.52,565.58,3170.87,224.13,2946.74,868.67,45.7,1111.57
16596.37,4434.74,1432.53,1636.05,900.1,324.6,141.46,64.75,429.85,387.61,42.24,657.14,336.12,54.45,132.08,134.5,1250.47,497.06,88.96,408.1,2311.14,460.76,1850.38,749.36,354.27,56.36,338.73,482.43,23.24,194.07,265.13,557.21,481.85,75.36,539.17,2858.77,198.91,2659.86,703.59,46.01,1014.68
18593.92,4925.16,1651.23,1787.93,975.44,366.0,144.56,74.18,405.7,363.23,42.48,823.12,439.08,68.14,157.76,158.14,1387.59,580.2,106.02,474.17,2622.11,540.19,2081.92,915.97,419.21,80.27,416.49,497.72,24.65,206.08,267.0,706.63,568.89,137.74,583.64,3090.95,173.91,2917.04,793.24,52.42,1135.28
17736.17,4739.69,1553.45,1718.32,943.1,370.75,154.08,73.06,385.58,343.77,41.8,779.97,419.08,65.88,144.23,150.79,1339.32,549.02,95.48,453.54,2529.52,535.29,1994.23,823.22,374.24,67.35,381.63,547.32,25.28,215.85,306.19,641.34,563.86,77.47,495.33,2963.92,178.53,2785.39,719.93,50.44,1098.52
19154.11,5036.63,1674.01,1816.83,997.48,400.69,147.62,73.34,426.7,375.39,51.31,834.25,439.6,75.53,159.78,159.33,1441.18,605.21,91.0,514.21,2658.79,562.21,2096.58,989.65,477.32,75.85,436.48,553.61,26.41,220.88,306.32,699.05,621.39,77.66,555.16,3286.89,196.0,3090.9,753.58,44.08,1195.98
18225.68,4717.09,1479.92,1711.08,989.1,404.98,132.01,65.43,394.15,350.23,43.92,767.31,397.46,69.16,147.49,153.21,1355.4,550.75,90.79,459.96,2570.66,536.59,2034.07,1010.35,504.98,80.15,425.23,521.49,23.94,204.03,293.52,635.35,563.63,71.73,538.35,3151.09,204.33,2946.76,739.13,34.94,1174.19
18812.32,4819.83,1431.01,1792.29,1025.86,429.34,141.33,79.51,385.21,342.77,42.45,723.62,362.91,67.55,145.77,147.39,1341.99,572.21,94.01,478.21,2646.57,575.18,2071.39,1136.57,607.4,68.99,460.18,574.63,27.55,256.24,290.83,613.29,534.5,78.79,575.04,3275.18,217.63,3057.55,860.6,34.04,1174.03
19168.84,4885.03,1427.04,1826.7,1080.01,436.98,114.28,74.57,426.98,382.51,44.47,656.02,300.66,62.11,149.15,144.1,1434.7,570.29,96.13,474.16,2717.27,589.5,2127.76,1197.45,665.12,65.35,466.97,501.37,27.78,161.74,311.84,588.17,509.32,78.85,623.13,3497.36,266.37,3230.99,735.42,34.57,1226.51
17998.24,5104.07,1625.12,1925.67,1036.0,410.76,106.52,67.88,511.15,457.48,53.67,667.83,347.42,57.14,130.24,133.03,1316.9,485.0,87.7,397.3,2384.69,501.28,1883.41,986.53,514.37,57.53,414.63,429.73,23.21,140.29,266.23,606.55,519.18,87.37,529.26,2924.79,166.23,2758.56,803.12,33.1,1147.65
19056.74,5036.88,1699.06,1789.55,1001.24,418.52,128.52,69.9,415.44,372.81,42.62,804.7,460.7,67.76,133.35,142.89,1399.56,511.99,100.52,411.46,2758.12,568.62,2189.49,1093.79,575.1,66.22,452.47,548.58,28.13,214.34,306.11,687.33,615.49,71.85,529.15,3183.62,204.01,2979.61,784.14,32.57,1200.97
18994.3,5096.11,1831.96,1815.87,924.68,396.04,127.56,68.8,409.24,367.19,42.05,813.51,473.96,67.5,128.88,143.17,1401.27,527.9,88.48,439.42,2741.22,574.4,2166.82,1031.94,528.47,61.72,441.75,553.67,28.18,202.82,322.68,702.55,629.35,73.2,543.28,3092.49,187.57,2904.92,726.8,30.24,1255.26
20018.43,5324.66,1917.3,1877.79,980.32,406.33,142.93,71.71,467.22,424.09,43.13,774.65,423.83,67.45,136.91,146.46,1471.34,515.45,98.97,416.48,2759.15,574.85,2184.3,1162.87,659.79,65.19,437.9,569.52,29.31,238.92,301.28,696.53,607.31,89.22,551.41,3546.76,230.77,3315.99,814.05,27.69,1265.42
18887.28,5155.15,1557.79,2024.69,1059.22,388.67,124.78,76.99,576.15,517.34,58.81,644.92,320.24,56.88,126.26,141.54,1495.07,521.56,76.7,444.86,2789.16,580.34,2208.82,705.82,243.57,50.68,411.57,508.62,29.08,197.33,282.22,578.93,501.52,77.41,551.4,3161.08,207.78,2953.3,888.62,28.22,1205.59
15924.0,4092.42,1100.29,1570.42,1036.64,352.41,32.65,107.27,379.31,335.46,43.85,547.95,258.25,45.95,115.8,127.95,1383.82,601.63,139.52,462.1,2564.8,507.79,2057.01,754.6,329.34,55.96,369.31,229.6,16.13,-24.92,238.39,457.91,388.48,69.43,483.56,2398.14,143.41,2254.73,740.35,34.89,1147.74
14837.11,4108.59,964.61,1706.04,1090.27,347.28,0.39,88.03,390.6,350.08,40.52,456.48,213.12,39.69,98.83,104.85,1269.49,575.17,151.75,423.43,2200.04,437.05,1762.99,1309.88,883.1,64.91,361.88,187.45,12.38,11.29,163.79,395.45,331.79,63.66,197.15,1859.89,61.59,1798.3,697.53,35.66,1065.71
15510.67,4168.62,1254.88,1644.92,940.35,329.23,-0.77,82.42,382.08,340.82,41.26,526.83,266.99,44.16,99.31,116.37,1115.75,570.7,161.77,408.93,2348.9,496.17,1852.73,1425.54,980.68,72.25,372.61,243.67,11.39,37.44,194.85,467.98,407.25,60.72,272.84,2045.74,73.23,1972.5,710.77,37.97,1110.87
18301.44,4866.27,1688.72,1858.94,947.8,370.03,0.78,184.26,475.39,423.59,51.79,752.35,416.02,66.32,137.27,132.75,1053.44,711.33,210.69,500.64,2583.49,521.11,2062.38,1446.02,932.66,86.21,427.15,299.65,11.34,75.94,212.38,651.51,570.65,80.86,418.5,2816.8,130.51,2686.29,788.29,44.16,1209.98
17823.41,4655.54,1609.48,1743.15,904.1,398.28,0.54,175.05,390.58,347.62,42.96,640.93,337.26,58.45,120.85,124.37,1076.52,697.98,182.47,515.52,2585.42,545.61,2039.81,1500.1,989.38,82.81,427.91,307.79,11.02,58.05,238.72,530.02,460.96,69.07,445.89,2723.16,158.22,2564.94,782.0,41.48,1270.94
17525.9,4523.54,1440.24,1714.36,956.91,411.44,0.6,78.52,399.85,355.8,44.05,577.85,273.12,53.29,118.95,132.49,1133.52,632.98,177.5,455.49,2739.87,588.39,2151.48,936.14,405.46,72.47,458.2,380.92,14.8,122.9,243.22,510.62,443.04,67.58,490.89,2890.95,198.16,2692.79,909.82,27.62,1292.8
17979.11,4962.82,1518.86,1916.83,1085.39,440.99,0.75,80.23,433.13,392.19,40.95,523.28,241.4,49.9,112.98,118.99,1172.6,766.86,187.61,579.25,2653.0,559.63,2093.38,1030.33,502.44,74.27,453.62,303.23,12.4,55.43,235.4,487.93,419.85,68.08,524.22,3052.98,264.68,2788.3,752.09,28.71,1207.71
17108.22,4965.14,1522.44,1926.63,1102.96,410.2,2.92,75.01,567.44,506.63,60.8,522.81,247.67,45.72,102.84,126.59,1117.26,602.82,167.08,435.74,2688.99,540.52,2148.47,1033.01,492.39,79.48,461.14,273.21,11.7,43.76,217.75,458.48,385.14,73.34,480.24,2257.8,112.85,2144.95,820.1,29.08,1216.81
17057.68,4869.85,1750.35,1771.17,927.67,415.28,5.37,72.51,428.92,384.81,44.11,625.75,347.57,52.06,106.29,119.83,1107.57,549.0,167.6,381.4,2518.9,520.32,1998.58,1005.05,495.96,79.52,429.56,321.24,11.84,99.14,210.26,559.67,498.83,60.84,460.1,2569.73,163.81,2405.92,777.76,28.21,1163.42
17731.7,5138.95,1945.94,1826.06,950.14,409.45,7.36,76.08,429.66,392.18,37.48,636.37,359.96,55.41,105.49,115.5,1139.41,609.74,156.81,452.93,2616.32,539.1,2077.22,1000.19,502.05,75.3,422.83,325.67,11.08,74.54,240.04,551.49,490.64,60.85,485.11,2725.62,172.41,2553.21,740.67,26.38,1230.06
16665.67,4741.74,1448.42,1786.1,1082.06,420.6,4.56,85.31,509.9,465.79,44.12,535.87,259.2,49.52,105.29,121.86,1255.75,540.38,144.32,396.06,2856.68,562.97,2293.71,1213.62,666.1,83.42,464.1,224.49,9.51,12.61,202.37,374.25,303.47,70.78,496.67,1818.04,128.81,1689.22,828.07,26.43,1158.45
16587.93,4766.64,1496.12,1798.78,1072.59,393.56,5.6,85.53,504.86,463.56,41.31,499.37,232.2,42.71,111.55,112.91,1326.36,611.86,156.9,454.96,2878.04,569.09,2308.95,849.08,331.19,74.92,442.98,242.43,9.59,64.44,168.4,365.1,296.32,68.78,536.36,1857.49,117.04,1740.45,902.71,23.23,1138.88
15999.27,4685.12,1552.31,1830.27,940.21,359.22,3.11,59.48,530.23,483.86,46.37,488.36,228.73,44.04,107.96,107.63,1289.06,517.35,135.3,382.05,2542.06,513.35,2028.71,746.89,314.48,65.58,366.82,273.26,8.63,78.67,185.95,431.52,366.27,65.25,528.34,2031.91,154.69,1877.21,776.03,26.96,1072.71
18263.68,5113.39,1862.36,1847.68,982.19,416.99,4.17,47.53,450.13,414.79,35.34,620.6,309.8,56.88,130.42,123.5,1431.21,595.27,151.25,444.01,2886.55,582.03,2304.52,902.44,391.48,89.21,421.75,340.14,10.06,120.37,209.71,599.35,495.33,104.02,576.42,2591.03,174.73,2416.3,870.05,29.48,1210.1
17412.72,4850.72,1698.57,1750.74,980.48,416.68,4.25,42.32,459.1,421.38,37.73,605.54,300.42,54.84,126.25,124.04,1350.56,522.63,132.64,389.99,2860.03,585.48,2274.55,955.33,415.08,101.38,438.87,339.24,10.07,106.21,222.96,525.46,455.83,69.63,518.38,2357.19,163.76,2193.43,824.21,27.04,1174.96
18471.06,5386.23,1968.59,1944.65,1018.96,446.85,7.19,43.01,506.91,465.51,41.4,645.75,326.73,62.56,132.12,124.34,1326.25,643.16,150.05,493.11,2819.2,562.52,2256.69,858.82,347.7,89.04,422.08,355.19,11.4,117.1,226.69,581.21,509.55,71.66,548.48,2693.76,191.28,2502.48,828.35,25.89,1208.85
18245.76,4938.57,1701.06,1787.39,991.74,451.92,6.46,44.48,454.83,416.52,38.31,608.24,300.07,57.67,125.82,124.68,1332.42,645.39,136.21,509.19,2932.78,601.0,2331.79,999.64,459.72,81.62,458.3,377.49,9.18,131.92,236.38,558.87,493.71,65.15,549.92,2673.66,202.08,2471.58,844.87,27.52,1257.07
18423.0,4977.21,1593.32,1864.41,1049.09,464.12,6.27,47.56,457.69,419.37,38.32,585.24,275.58,54.76,128.29,126.61,1427.84,604.49,125.79,478.7,3001.81,631.9,2369.91,1056.08,450.12,92.04,513.92,304.24,10.47,59.35,234.42,536.03,463.97,72.07,567.9,2599.7,216.46,2383.24,944.36,23.57,1289.28
17232.26,4950.88,1450.45,1930.98,1093.05,470.69,5.7,49.59,471.85,437.89,33.96,488.34,208.22,44.18,129.51,106.44,1358.09,607.4,129.91,477.5,2853.16,595.73,2257.43,894.85,380.22,83.36,431.26,280.43,9.3,62.78,208.36,469.37,404.6,64.77,558.19,2317.22,210.54,2106.68,757.1,22.71,1153.08
17901.52,5262.8,1814.35,1920.43,1057.37,463.26,7.39,48.58,669.26,611.27,57.99,602.67,290.53,54.06,134.83,123.25,1321.07,481.3,123.86,357.44,2686.87,553.98,2132.89,904.06,377.82,77.1,449.14,311.7,9.85,87.1,214.76,541.27,464.99,76.28,517.85,2425.25,173.47,2251.78,872.8,23.88,1232.16
19365.95,5405.2,2122.28,1837.91,975.18,463.67,6.15,50.42,490.43,447.73,42.71,710.45,380.17,62.89,138.18,129.21,1489.94,526.63,138.76,387.88,3076.16,622.51,2453.65,1035.46,474.78,77.54,483.14,393.94,12.1,137.46,244.38,636.27,565.17,71.1,514.76,2869.77,209.51,2660.27,857.32,26.16,1283.03
19180.86,5460.05,2256.98,1825.01,919.73,451.91,6.43,57.33,484.57,445.96,38.61,682.62,383.39,57.6,120.25,121.37,1473.9,528.25,120.15,408.1,2918.09,592.68,2325.41,1084.35,575.73,68.17,440.46,411.56,11.0,148.14,252.42,593.54,531.29,62.24,491.76,2935.77,216.39,2719.38,755.03,24.83,1279.2
18741.03,5206.58,2022.0,1770.9,969.01,439.77,4.89,62.24,518.51,478.24,40.27,622.83,316.93,57.32,120.53,128.05,1517.92,465.4,122.24,343.15,3027.73,619.53,2408.2,1173.67,645.78,63.09,464.81,334.02,10.45,81.69,241.87,528.19,453.45,74.74,481.34,2606.42,219.78,2386.64,852.66,25.63,1317.89
19207.0,5604.52,2095.8,1997.86,1074.04,430.6,6.21,71.22,678.99,624.61,54.38,576.16,278.04,51.11,122.89,124.12,1516.54,555.59,134.02,421.57,3171.28,622.2,2549.07,933.49,427.38,60.04,446.07,381.75,8.22,142.75,230.79,496.33,426.29,70.04,524.53,2490.62,213.77,2276.85,945.17,19.65,1241.15
16082.47,4448.75,1654.9,1553.53,839.4,395.54,5.37,81.27,428.59,394.41,34.18,469.82,223.28,40.15,108.24,98.15,1396.28,495.37,115.07,380.3,2731.41,495.28,2236.13,747.59,347.45,53.84,346.3,304.39,8.03,105.59,190.77,430.71,369.33,61.38,486.35,2096.71,198.6,1898.11,788.75,19.91,1156.56
18777.69,5187.32,1881.06,1803.82,1025.37,470.7,6.38,91.56,476.93,436.34,40.58,573.89,287.71,47.46,118.44,120.28,1712.07,442.49,111.25,331.25,3270.67,544.16,2726.51,917.9,442.15,71.04,404.71,343.3,9.31,134.84,199.15,550.34,458.51,91.84,528.95,2392.59,173.23,2219.36,931.9,24.9,1332.88
19522.04,5244.59,2059.87,1749.41,972.17,455.72,7.42,93.61,503.59,459.82,43.77,644.2,340.24,55.55,124.35,124.06,1762.91,442.25,110.88,331.37,3092.68,603.87,2488.81,810.98,295.39,80.12,435.47,471.67,12.36,212.94,246.36,629.27,556.93,72.33,488.21,2945.0,199.55,2745.45,934.45,22.61,1436.02
