경남_합계,경남_종합소매,경남_ 백화점,경남_ 대형마트/유통전문점,경남_ 슈퍼마켓,경남_ 편의점,경남_ 면세점,경남_전자상거래/통신판매,경남_식료품,경남_ 일반식료품,경남_ 건강보조식품,경남_의류/잡화,경남_ 의복/직물,경남_ 복식잡화,경남_ 시계/귀금속/안경,경남_ 화장품,경남_연료,경남_가구/가전,경남_ 가구,경남_ 가전제품/정보통신기기,경남_의료/보건,경남_ 종합병원,경남_ 일반병의원/기타의료기관,경남_자동차,경남_ 국산자동차신품,경남_ 기타운송수단,경남_ 자동차 부품 및 정비,경남_여행/교통,경남_ 여행사/자동차임대,경남_ 항공사,경남_ 대중교통,경남_오락/문화,경남_ 스포츠/오락/여가,경남_ 서적/문구,경남_교육,경남_숙박/음식,경남_ 숙박,경남_ 음식점,경남_공과금/개인 및 전문 서비스,경남_금융/보험,경남_기타
11013.58,2340.68,612.66,1212.98,426.31,88.73,0.01,18.64,233.25,209.28,23.97,767.86,545.91,46.39,61.56,114.0,2333.27,350.08,42.5,307.58,977.76,235.19,742.57,365.11,2.09,24.41,338.61,8.72,3.0,0.0,5.72,692.08,632.12,59.96,384.88,1660.17,71.77,1588.4,236.3,1.93,642.83
11237.86,2572.64,632.06,1393.8,459.61,87.18,0.01,18.92,249.43,227.95,21.48,715.45,490.8,47.1,61.39,116.16,2329.14,321.2,39.37,281.83,941.61,231.81,709.79,366.8,1.96,19.13,345.71,6.71,3.13,0.0,3.58,633.03,564.97,68.06,316.77,1849.71,81.91,1767.8,249.65,1.77,665.03
10828.83,2302.91,494.35,1252.78,469.17,86.6,0.01,17.91,253.06,228.46,24.61,639.4,423.6,36.15,68.29,111.38,2306.08,272.17,38.01,234.16,1081.94,255.53,826.41,364.03,2.61,19.66,341.76,7.17,3.44,0.0,3.72,530.32,463.21,67.11,350.87,1761.97,88.89,1673.08,279.46,1.7,659.85
9650.24,2189.02,450.16,1233.93,423.47,81.44,0.01,21.6,263.53,235.54,27.98,531.79,337.67,32.29,60.18,101.64,2068.85,313.19,37.93,275.27,935.29,217.75,717.55,308.06,2.01,16.99,289.06,6.26,2.95,0.0,3.31,451.66,392.9,58.76,310.34,1418.42,57.01,1361.41,236.34,1.72,594.18
10818.81,2232.74,506.38,1183.21,448.93,94.21,0.01,18.9,237.05,210.32,26.73,645.74,405.99,45.43,77.8,116.52,2285.27,352.96,49.84,303.12,1026.36,240.86,785.5,361.84,2.4,27.17,332.27,7.88,2.58,0.0,5.3,649.34,532.78,116.56,332.21,1739.37,72.93,1666.44,247.65,1.85,679.65
10809.72,2373.55,553.13,1254.08,470.55,95.79,0.0,18.03,236.06,211.46,24.6,639.75,410.92,42.63,76.16,110.05,2221.24,309.0,48.87,260.13,996.53,236.8,759.73,348.1,2.01,24.4,321.68,9.69,2.89,0.0,6.8,629.76,546.78,82.98,304.65,1759.54,76.54,1683.0,280.09,1.88,681.85
11358.41,2483.52,554.43,1320.97,504.74,103.37,0.0,18.9,263.13,232.22,30.9,748.81,495.37,49.14,84.59,119.71,2197.11,382.56,47.47,335.09,1022.43,244.15,778.28,392.05,2.61,27.48,361.97,11.14,3.47,0.0,7.67,664.51,598.07,66.44,312.39,1875.33,76.75,1798.58,269.66,1.91,714.96
10477.89,2283.75,445.2,1228.24,510.32,99.98,0.01,16.18,232.86,208.64,24.22,580.34,355.91,45.73,73.93,104.77,2079.26,377.29,45.28,332.01,981.26,236.61,744.65,383.82,2.58,23.61,357.63,9.19,3.21,0.0,5.99,574.42,511.58,62.83,310.34,1724.22,73.32,1650.9,240.98,2.03,681.96
11568.33,2674.17,510.45,1487.49,558.57,117.58,0.08,18.04,245.99,220.46,25.53,579.05,339.87,44.85,82.49,111.83,2238.02,467.37,43.68,423.69,1011.02,256.91,754.12,415.44,2.31,26.45,386.68,9.86,3.32,0.0,6.54,581.27,512.06,69.21,328.7,1968.07,109.46,1858.61,270.27,2.22,758.85
11324.41,2466.34,393.51,1377.84,577.76,116.46,0.77,24.13,275.59,250.45,25.14,448.13,234.21,34.53,80.39,99.0,2374.17,419.36,40.82,378.54,1020.31,253.66,766.64,412.95,3.48,24.66,384.81,13.99,3.85,0.0,10.14,533.48,469.15,64.34,327.0,2048.34,144.38,1903.96,239.15,2.24,719.25
10828.2,2710.47,546.16,1478.21,572.14,113.33,0.63,17.62,335.8,297.8,38.01,567.56,358.03,39.29,67.84,102.4,2135.18,285.87,46.78,239.09,891.18,215.36,675.82,348.16,2.09,22.82,323.25,8.97,3.08,0.0,5.89,557.57,490.22,67.35,287.89,1703.77,80.41,1623.37,247.41,1.9,728.87
11155.35,2472.56,614.49,1229.67,514.68,113.1,0.61,18.24,254.82,227.31,27.52,671.36,445.51,44.7,70.36,110.79,2188.28,316.47,56.2,260.27,1035.18,242.98,792.2,391.41,2.45,26.56,362.4,11.07,3.47,0.0,7.6,650.22,588.28,61.94,313.35,1808.41,91.14,1717.27,263.27,2.12,758.59
11240.62,2519.08,689.54,1233.38,491.48,104.13,0.56,18.65,249.23,224.38,24.85,739.67,520.44,45.54,64.29,109.4,2204.54,359.89,54.33,305.56,1001.61,241.84,759.77,387.33,2.32,25.09,359.92,9.45,3.16,0.0,6.29,704.92,641.78,63.15,308.89,1731.47,83.79,1647.68,260.51,2.03,743.36
11808.76,2671.43,687.45,1390.64,486.93,105.97,0.44,19.65,263.69,241.41,22.28,732.26,500.61,46.69,71.88,113.08,2276.18,355.63,55.44,300.19,1009.7,243.83,765.87,385.09,3.08,21.14,360.87,9.64,3.81,0.0,5.83,684.09,612.1,71.98,322.92,1987.35,94.16,1893.19,282.64,2.14,806.34
10988.72,2414.87,501.66,1311.35,504.21,96.89,0.76,19.18,336.85,303.92,32.93,629.77,412.85,35.36,72.26,109.3,2176.03,287.15,49.31,237.84,1049.58,245.72,803.86,360.68,3.53,19.79,337.35,8.2,3.11,0.0,5.08,540.3,475.15,65.15,329.71,1775.03,92.08,1682.96,321.97,2.04,737.35
9842.86,2105.54,472.59,1099.18,427.16,95.65,10.95,182.72,206.32,187.02,19.3,510.39,320.36,29.24,65.74,95.05,1885.17,286.71,49.76,236.95,1002.37,237.94,764.43,314.79,22.17,20.32,272.31,30.85,6.17,8.23,16.45,449.13,383.49,65.64,312.48,1529.98,72.52,1457.46,310.89,46.76,668.76
10969.45,2363.64,553.33,1219.85,481.26,108.72,0.48,19.16,256.61,231.21,25.4,628.38,402.26,39.75,80.56,105.82,2103.0,356.83,64.1,292.73,1041.39,247.87,793.52,357.89,2.6,27.65,327.64,10.43,2.94,0.0,7.5,626.3,509.13,117.17,325.5,1835.92,79.26,1756.66,286.04,2.64,755.71
10668.23,2245.91,514.14,1138.16,483.0,110.04,0.57,19.6,251.76,227.74,24.02,661.63,437.45,41.27,78.65,104.27,2000.95,305.03,56.97,248.06,1014.28,243.48,770.8,376.11,6.54,28.57,340.99,9.94,2.82,0.08,7.04,592.68,525.31,67.37,300.27,1776.93,80.43,1696.5,288.88,2.82,821.46
11461.83,2452.89,542.23,1265.05,526.12,119.11,0.39,19.47,292.07,261.93,30.14,712.56,468.39,44.57,85.43,114.17,2095.82,381.68,58.4,323.28,1001.58,235.92,765.66,398.39,2.09,31.69,364.6,12.13,3.99,0.0,8.14,642.98,577.34,65.64,314.03,1993.84,95.78,1898.05,284.17,2.47,857.76
10935.15,2417.11,474.45,1263.86,554.27,124.17,0.36,17.9,265.47,242.48,22.99,590.92,364.78,43.84,80.88,101.42,1982.06,388.96,58.84,330.12,959.5,229.7,729.8,371.55,2.57,27.43,341.56,10.04,2.95,0.0,7.09,598.4,541.3,57.1,305.07,1903.79,87.44,1816.34,284.76,2.25,837.36
11526.87,2458.05,443.64,1312.98,568.97,132.08,0.38,20.82,268.39,243.34,25.05,577.24,334.62,43.58,86.25,112.79,2084.5,459.08,59.65,399.43,1100.82,267.6,833.22,427.35,2.35,30.71,394.29,16.59,3.74,0.0,12.85,607.22,535.59,71.63,346.49,2013.47,97.23,1916.24,286.0,2.45,858.4
11558.75,2432.05,383.5,1335.51,584.23,128.47,0.33,26.38,318.7,291.23,27.47,482.85,255.08,36.9,83.7,107.17,2132.89,357.69,63.96,293.73,1118.09,273.94,844.15,415.34,2.66,26.87,385.81,23.94,4.13,0.0,19.8,604.32,537.18,67.14,342.72,2173.72,130.06,2043.67,269.65,2.37,858.04
11022.73,2614.67,533.64,1381.22,562.86,136.67,0.28,19.67,343.26,308.31,34.95,584.5,370.05,41.21,71.7,101.53,1972.24,319.9,61.96,257.94,981.03,228.27,752.76,377.04,2.42,29.38,345.23,16.36,3.41,0.0,12.96,591.85,521.76,70.08,299.72,1792.48,79.95,1712.52,265.55,2.2,842.26
11191.96,2392.28,584.97,1172.88,508.05,123.5,2.88,61.42,273.45,248.35,25.09,695.58,475.57,43.07,70.95,105.99,1969.59,329.05,62.51,266.54,1036.39,238.72,797.67,397.82,12.18,31.11,354.54,30.76,5.99,4.3,20.47,637.69,576.22,61.47,304.61,1867.06,88.65,1778.41,281.76,20.86,893.64
11255.84,2376.09,596.3,1170.42,488.87,120.35,0.16,17.92,271.95,248.58,23.37,749.21,520.8,45.14,69.18,114.08,1982.75,357.45,62.96,294.49,1068.86,252.19,816.67,391.69,2.33,25.0,364.36,16.1,3.73,0.0,12.36,681.1,617.66,63.44,318.39,1883.93,82.36,1801.57,268.59,2.27,869.55
12592.46,2795.72,738.68,1365.55,543.73,133.84,13.91,230.72,295.02,270.44,24.57,772.29,527.57,48.69,76.61,119.42,2013.96,368.36,60.36,308.0,1105.28,269.28,836.0,451.65,49.95,23.29,378.41,46.54,11.07,8.89,26.58,669.74,586.97,82.77,347.93,2092.87,99.08,1993.79,389.09,56.86,956.44
10886.03,2244.85,444.08,1157.83,530.85,111.75,0.33,19.25,288.16,265.7,22.45,593.32,365.2,36.54,80.71,110.88,1780.18,286.1,58.43,227.67,1202.15,281.14,921.02,374.25,2.14,22.44,349.67,15.22,3.68,0.0,11.54,551.52,482.97,68.55,354.78,2020.33,99.2,1921.14,300.72,2.44,852.77
10043.42,2379.92,450.0,1283.72,526.49,119.48,0.22,22.09,349.75,316.63,33.12,528.6,319.01,33.16,71.66,104.78,1565.41,279.53,56.87,222.66,1020.74,238.43,782.31,324.58,2.46,21.69,300.43,14.94,3.14,0.0,11.8,468.5,408.94,59.55,312.3,1697.0,73.55,1623.45,281.56,2.7,795.8
11359.46,2430.81,519.31,1239.11,526.85,145.18,0.36,19.89,280.37,254.94,25.43,666.9,411.92,45.16,92.74,117.08,1852.49,374.38,71.22,303.17,1151.9,270.03,881.87,397.21,2.2,32.76,362.25,21.89,3.62,0.0,18.28,635.46,518.7,116.76,343.34,1972.52,83.39,1889.13,341.23,2.92,868.15
10974.57,2376.82,490.52,1180.56,546.97,158.61,0.15,21.26,289.42,265.11,24.31,666.86,411.89,44.06,87.83,123.07,1709.51,295.38,64.47,230.91,1143.11,272.36,870.75,394.82,2.9,27.89,364.04,27.02,3.7,0.0,23.32,600.19,529.59,70.6,312.17,1958.78,87.9,1870.88,311.09,2.79,865.33
12192.7,2696.96,531.86,1367.24,617.95,179.68,0.22,20.12,344.59,315.7,28.88,761.98,476.48,52.11,103.59,129.8,1858.12,360.79,72.35,288.44,1135.82,269.93,865.89,440.96,2.52,33.72,404.72,34.35,4.63,0.0,29.72,698.17,632.75,65.42,329.76,2271.72,101.85,2169.87,326.51,2.89,909.99
11040.62,2510.5,414.04,1269.83,634.97,191.16,0.49,20.05,310.55,281.89,28.66,598.33,344.08,46.31,86.93,121.01,1712.65,349.26,69.4,279.86,1039.81,234.37,805.45,416.41,2.48,32.64,381.29,21.09,3.39,0.0,17.7,588.77,530.15,58.63,328.13,1964.99,82.02,1882.97,312.17,2.85,865.05
11792.4,2597.23,430.34,1324.7,636.12,205.65,0.42,22.4,316.96,289.98,26.98,598.83,332.28,46.63,92.38,127.53,1791.27,446.09,68.24,377.85,1180.54,272.28,908.26,461.52,3.39,34.35,423.79,24.26,4.23,0.09,19.94,621.0,548.54,72.46,358.83,2171.78,99.69,2072.1,312.62,3.86,885.21
12009.53,2658.79,397.94,1372.37,672.7,213.44,2.35,27.23,353.56,328.86,24.7,512.21,258.43,40.66,97.32,115.79,1830.51,399.36,68.1,331.26,1169.59,269.94,899.64,434.43,2.39,28.24,403.8,38.7,4.54,0.06,34.1,670.61,606.24,64.37,353.24,2407.77,139.47,2268.3,292.55,3.02,857.97
11341.38,2735.0,479.54,1384.05,658.51,210.36,2.54,19.92,435.95,392.57,43.38,614.87,371.15,45.68,78.93,119.11,1671.56,303.78,65.27,238.51,1126.83,257.95,868.88,399.08,2.69,27.49,368.9,23.8,4.27,0.08,19.45,586.4,518.05,68.36,319.6,1952.73,79.88,1872.84,286.99,3.02,861.84
11700.18,2535.81,586.01,1167.91,568.05,210.49,3.35,21.22,307.83,280.73,27.1,728.08,470.17,50.18,84.92,122.81,1696.16,372.59,87.07,285.52,1249.88,275.53,974.35,440.56,2.29,31.51,406.76,30.61,4.51,0.0,26.1,687.21,625.4,61.81,351.51,2073.23,100.26,1972.97,317.6,3.26,884.64
11467.78,2564.06,597.48,1196.06,564.72,202.95,2.85,19.53,301.34,277.68,23.66,732.37,496.09,47.87,76.78,111.64,1678.42,385.63,80.23,305.4,1155.86,268.36,887.5,399.21,2.39,26.04,370.77,23.51,4.1,0.0,19.41,655.46,595.06,60.4,325.92,2066.88,92.89,1973.99,312.18,2.5,844.89
12002.76,2638.89,561.54,1275.65,592.64,206.3,2.76,21.76,332.52,305.56,26.96,712.54,460.16,49.24,83.55,119.6,1715.07,388.86,75.1,313.76,1267.87,299.84,968.03,434.49,2.42,23.95,408.12,23.33,4.23,0.0,19.1,641.04,565.19,75.85,365.24,2228.04,97.88,2130.16,317.52,2.81,912.78
11458.77,2485.76,447.32,1219.24,622.94,193.95,2.32,22.34,341.84,313.86,27.98,611.25,371.48,38.28,83.87,117.63,1673.83,312.05,74.54,237.51,1316.08,305.22,1010.86,416.18,1.94,20.87,393.37,21.7,4.78,0.0,16.92,534.3,467.35,66.96,375.76,2181.99,103.78,2078.21,316.28,2.45,846.95
10727.59,2607.68,485.77,1319.65,607.2,192.56,2.5,25.21,367.09,333.15,33.95,535.94,319.72,35.68,78.14,102.4,1543.94,313.08,68.76,244.32,1188.37,280.76,907.6,348.06,1.88,21.46,324.71,21.21,4.24,0.0,16.97,487.24,425.81,61.43,342.73,1884.19,78.3,1805.88,276.99,3.02,782.85
11492.83,2497.68,476.58,1194.44,602.64,220.89,3.12,22.52,305.93,277.88,28.04,636.01,381.09,45.59,91.68,117.64,1615.34,369.51,74.79,294.72,1319.5,315.25,1004.25,411.53,2.09,32.47,376.97,23.83,4.62,0.0,19.21,642.79,522.64,120.15,372.24,2098.98,84.48,2014.5,315.29,3.33,858.35
11316.58,2476.84,489.75,1161.34,602.93,222.72,0.11,21.69,308.38,279.78,28.6,657.15,405.56,46.52,90.82,114.25,1538.17,316.67,67.3,249.37,1274.84,305.8,969.04,417.33,2.34,30.59,384.4,31.59,4.84,0.0,26.76,620.89,553.95,66.93,337.78,2144.46,91.64,2052.83,321.9,2.62,846.28
12495.91,2871.54,550.74,1379.27,685.34,253.65,2.54,26.22,355.27,320.65,34.62,741.02,459.73,54.49,104.1,122.7,1730.34,377.82,79.16,298.65,1250.57,305.74,944.82,438.49,2.56,34.22,401.72,33.96,5.05,0.0,28.91,706.45,641.66,64.79,345.26,2437.68,105.81,2331.86,346.57,2.75,831.98
11811.62,2678.18,465.59,1276.21,678.56,255.11,2.71,22.03,315.6,285.82,29.78,631.92,372.33,50.52,91.99,117.08,1697.3,372.54,71.56,300.98,1272.91,313.55,959.36,444.68,2.53,34.57,407.58,31.57,4.68,0.0,26.89,618.82,558.8,60.02,355.85,2229.33,96.94,2132.4,326.34,2.67,811.87
12384.56,2815.71,489.12,1332.38,727.45,264.63,2.13,24.77,314.22,285.95,28.26,591.11,326.66,49.19,95.41,119.84,1757.07,488.42,74.94,413.48,1357.85,335.92,1021.93,478.6,2.6,31.59,444.41,29.27,5.16,0.0,24.11,635.79,565.15,70.65,385.83,2357.02,99.3,2257.71,332.35,2.9,813.67
12641.61,2989.82,462.04,1457.71,773.62,294.37,2.08,34.2,336.23,308.79,27.43,488.32,242.25,42.49,95.41,108.17,1792.88,463.09,75.41,387.67,1333.76,334.72,999.04,450.02,2.5,28.79,418.74,37.43,5.35,0.0,32.08,655.0,593.16,61.83,380.57,2572.6,155.63,2416.98,311.4,2.71,793.59
11721.86,3014.65,579.58,1430.52,730.95,271.03,2.57,23.15,398.93,351.83,47.1,554.92,311.88,46.22,81.06,115.76,1633.26,313.79,73.74,240.05,1243.86,300.48,943.38,418.13,2.47,28.19,387.47,28.61,5.21,0.0,23.4,559.53,495.99,63.54,356.96,2076.38,86.32,1990.06,305.98,2.81,790.9
12341.26,2992.24,680.31,1334.05,697.21,278.4,2.27,21.08,350.42,320.75,29.68,644.77,393.84,48.62,85.06,117.26,1704.23,329.23,81.59,247.63,1339.81,312.47,1027.35,449.2,2.67,32.48,414.05,29.2,5.77,0.0,23.43,665.74,604.67,61.07,360.9,2273.12,94.9,2178.21,337.98,3.25,840.07
12210.16,2845.53,683.53,1255.84,640.37,263.26,2.52,20.2,322.0,295.83,26.17,704.25,457.98,47.53,78.83,119.91,1781.32,330.09,68.71,261.38,1359.95,325.91,1034.03,456.72,2.31,31.04,423.38,29.21,4.7,0.0,24.51,666.95,607.74,59.21,374.29,2159.67,89.16,2070.51,330.83,3.08,826.07
12736.01,2867.21,633.86,1294.24,675.17,260.98,2.95,22.02,360.38,333.47,26.91,657.63,401.63,48.65,85.67,121.68,1900.15,320.3,70.75,249.55,1494.94,351.21,1143.73,465.37,2.27,27.57,435.52,24.81,4.51,0.0,20.29,620.47,548.65,71.82,390.89,2382.22,99.08,2283.14,339.68,3.18,886.77
12470.45,3056.16,573.65,1478.91,747.51,253.46,2.63,22.41,453.9,415.19,38.71,583.35,345.66,40.03,83.87,113.79,1915.54,297.28,67.86,229.42,1385.45,325.68,1059.77,403.03,2.15,21.55,379.33,21.27,4.63,0.0,16.64,542.33,480.41,61.92,363.24,2276.44,97.51,2178.93,333.04,3.29,813.73
11102.28,2394.29,493.37,1078.24,587.62,231.75,3.3,23.84,279.67,255.88,23.79,513.64,279.43,37.03,86.99,110.19,1764.42,345.93,81.08,264.85,1348.58,297.09,1051.5,384.46,1.99,24.17,358.3,23.4,4.62,0.03,18.74,502.62,436.97,65.65,385.98,2065.73,82.37,1983.35,316.0,4.21,749.52
12669.84,2794.83,546.35,1288.11,683.91,274.09,2.37,23.98,337.47,309.78,27.68,642.51,367.62,47.0,101.28,126.61,1983.85,364.07,82.57,281.5,1475.32,330.4,1144.93,440.13,2.52,35.07,402.54,25.49,6.13,0.0,19.37,670.43,551.45,118.99,399.04,2299.13,86.07,2213.06,352.52,4.37,856.7
12479.77,2753.38,538.82,1245.68,695.1,271.6,2.18,19.45,343.74,315.3,28.43,660.89,391.44,47.22,101.1,121.14,1837.09,370.87,81.84,289.02,1464.96,333.43,1131.53,446.56,2.28,34.75,409.52,26.1,4.97,0.0,21.12,641.17,572.4,68.77,358.06,2352.62,96.85,2255.76,371.38,3.61,829.91
13513.28,3180.39,636.14,1463.44,763.96,314.23,2.62,22.18,381.28,349.45,31.83,705.29,423.23,50.89,111.29,119.87,1896.37,450.08,86.44,363.65,1449.45,325.11,1124.34,450.45,2.41,35.6,412.44,25.25,4.9,0.0,20.35,726.27,663.06,63.22,365.44,2627.09,112.81,2514.29,374.34,3.41,855.99
12522.61,2862.29,488.31,1313.67,747.19,310.03,3.09,20.94,343.38,316.41,26.97,599.6,327.65,49.02,102.04,120.89,1770.26,392.43,80.13,312.3,1477.52,339.65,1137.87,461.31,2.34,40.08,418.88,27.1,4.88,0.08,22.15,646.35,586.94,59.42,380.5,2353.05,91.56,2261.48,348.42,3.99,835.46
13441.0,3099.06,501.65,1456.93,802.62,335.7,2.16,23.59,349.88,323.36,26.52,595.31,325.29,49.05,100.79,120.18,1853.29,590.32,85.68,504.64,1510.89,343.19,1167.71,483.03,2.98,35.16,444.88,25.37,5.91,0.0,19.46,648.5,578.61,69.89,399.94,2631.31,110.12,2521.18,370.17,3.83,856.51
13397.13,3033.78,430.66,1426.53,827.14,347.31,2.14,30.08,380.51,353.9,26.62,494.32,235.52,41.94,102.17,114.69,1908.77,410.52,78.47,332.04,1593.09,366.75,1226.34,463.51,1.59,33.49,428.43,30.11,6.5,0.0,23.61,671.22,601.72,69.49,412.83,2763.89,146.1,2617.8,350.28,3.83,850.4
12989.35,3029.25,531.06,1389.4,769.51,337.14,2.15,20.75,441.87,398.18,43.7,597.11,332.29,47.43,92.49,124.91,1885.81,334.1,80.03,254.07,1528.91,342.46,1186.45,461.09,2.16,35.72,423.21,30.76,6.46,0.0,24.3,616.74,543.22,73.52,396.78,2381.12,90.61,2290.51,370.18,3.9,890.98
13161.78,3256.56,651.25,1480.37,778.17,344.22,2.55,22.29,433.1,402.69,30.4,634.16,390.39,46.74,87.88,109.14,1909.72,354.35,76.21,278.14,1347.55,297.76,1049.8,402.67,1.86,27.28,373.53,26.42,5.47,0.0,20.95,699.21,643.44,55.77,356.89,2531.53,113.08,2418.45,353.33,2.77,831.24
13025.52,2930.64,666.04,1263.33,682.93,315.97,2.37,19.79,362.09,335.14,26.94,707.9,462.44,46.25,82.41,116.79,1994.15,365.57,69.8,295.78,1502.93,339.6,1163.34,463.6,1.98,32.36,429.27,27.27,6.25,0.0,21.02,693.8,634.11,59.69,386.03,2340.93,94.29,2246.64,374.54,3.67,852.62
13574.72,2993.51,635.66,1325.95,723.04,306.66,2.19,23.01,407.58,381.04,26.54,655.02,404.08,47.13,87.12,116.69,2115.67,358.13,73.46,284.68,1619.83,372.95,1246.88,465.44,1.98,28.81,434.66,26.99,5.85,0.0,21.15,629.68,555.31,74.36,412.8,2579.08,100.1,2478.98,383.51,3.47,901.0
12910.28,2889.42,499.12,1331.51,742.67,314.14,1.97,28.68,389.19,364.26,24.93,547.11,313.5,37.44,89.08,107.08,2004.57,364.75,72.68,292.07,1642.3,368.41,1273.89,399.18,2.03,24.0,373.16,22.02,4.78,0.48,16.76,518.82,455.17,63.65,422.33,2482.41,103.12,2379.29,369.67,3.92,825.91
11942.56,2871.67,506.6,1354.73,722.22,285.94,2.16,27.91,464.9,424.71,40.19,497.28,274.18,34.39,83.11,105.6,1877.25,327.85,67.46,260.39,1384.54,304.26,1080.27,364.06,1.86,22.77,339.43,21.83,4.39,0.4,17.04,475.1,414.39,60.71,388.63,2128.55,78.24,2050.3,335.36,4.76,772.89
13143.43,2838.08,521.36,1271.44,717.77,325.22,2.29,31.72,369.0,342.44,26.57,610.49,346.86,45.78,103.26,114.59,2027.64,403.59,85.49,318.11,1583.57,348.63,1234.93,441.62,2.0,34.58,405.04,25.0,6.45,0.44,18.11,634.69,518.5,116.19,430.3,2455.71,89.79,2365.93,395.86,5.65,890.52
13195.35,2950.68,564.35,1311.53,739.03,333.7,2.08,32.21,382.32,356.97,25.35,626.59,370.71,47.04,102.97,105.88,1960.04,395.36,77.94,317.42,1515.03,335.93,1179.11,429.67,1.47,32.22,395.98,26.81,6.27,0.52,20.02,640.15,575.22,64.93,372.04,2584.89,98.64,2486.25,394.22,4.6,880.74
14077.16,3127.63,564.14,1403.42,795.36,362.16,2.55,33.89,418.83,384.61,34.21,656.75,384.1,49.09,107.69,115.87,2093.59,420.21,76.61,343.6,1585.93,355.77,1230.16,469.79,1.55,40.27,427.96,26.74,6.38,0.44,19.91,701.71,639.79,61.92,405.39,2789.89,110.02,2679.87,406.52,4.59,935.71
13279.7,2943.04,467.8,1313.58,791.56,367.7,2.41,32.18,374.83,348.46,26.37,574.71,317.15,46.84,99.78,110.94,2052.52,391.86,73.86,318.01,1536.38,346.81,1189.58,460.98,1.79,34.37,424.83,28.23,5.66,0.47,22.1,642.82,582.47,60.36,409.08,2553.36,95.07,2458.29,380.2,4.11,895.38
14214.08,3248.02,502.06,1492.79,858.63,392.26,2.28,36.66,382.79,358.65,24.14,563.38,303.28,47.61,103.27,109.22,2167.15,551.73,69.2,482.53,1582.6,356.51,1226.09,502.01,1.46,31.74,468.82,25.63,6.17,0.49,18.96,642.47,574.45,68.02,422.78,2795.26,113.05,2682.21,392.92,5.41,895.26
13945.15,3118.35,410.33,1426.58,881.75,397.57,2.11,43.29,411.81,388.94,22.86,462.97,216.75,40.58,100.83,104.8,2188.53,355.11,66.96,288.15,1629.01,378.69,1250.32,484.5,1.72,31.23,451.55,30.42,6.72,0.5,23.2,627.59,558.7,68.89,441.41,2906.99,148.57,2758.42,367.47,4.72,872.99
13717.17,3381.11,562.72,1554.65,885.62,376.08,2.04,65.35,560.32,512.31,48.0,557.99,313.73,44.87,89.01,110.38,2103.3,310.53,68.01,242.52,1464.92,322.76,1142.17,432.76,2.13,26.82,403.8,28.41,6.29,1.2,20.92,606.7,539.98,66.72,388.9,2534.11,91.44,2442.66,376.46,11.02,895.3
13926.39,3103.66,626.76,1317.42,771.37,385.62,2.49,39.55,397.75,373.22,24.53,655.12,408.8,49.28,90.78,106.26,2224.7,358.5,77.44,281.06,1569.47,335.15,1234.32,467.34,1.49,30.78,435.07,27.25,6.66,0.58,20.02,711.53,653.24,58.3,406.52,2639.19,118.81,2520.38,406.27,4.16,915.35
13696.36,3015.31,632.55,1270.71,752.02,357.54,2.49,37.16,398.88,374.32,24.56,663.53,421.72,48.33,85.0,108.48,2174.21,337.31,68.87,268.44,1618.81,354.39,1264.42,463.95,1.66,27.52,434.77,20.49,6.8,0.42,13.27,690.2,628.87,61.33,415.94,2546.43,111.68,2434.75,391.61,4.02,918.51
14086.86,3159.84,637.27,1365.44,799.96,355.22,1.95,37.23,443.64,420.12,23.52,618.57,375.84,48.45,90.23,104.05,2062.16,355.86,76.71,279.15,1699.73,371.61,1328.12,460.27,1.48,24.6,434.19,18.52,6.19,0.4,11.92,629.48,557.19,72.28,423.67,2812.78,121.28,2691.5,406.29,4.33,954.51
13614.92,3030.3,501.58,1340.26,833.29,352.75,2.41,52.94,478.7,444.43,34.27,558.87,311.92,41.6,94.94,110.4,1884.53,384.29,87.71,296.58,1744.18,378.69,1365.5,445.1,1.8,24.09,419.22,19.6,6.49,0.93,12.17,553.04,483.39,69.65,460.51,2682.46,121.14,2561.32,411.93,5.72,902.77
12053.55,2787.38,480.65,1236.58,749.81,318.28,2.05,38.36,435.41,404.95,30.47,465.92,252.57,35.61,86.32,91.43,1647.34,363.27,83.89,279.38,1452.16,309.46,1142.7,371.33,1.21,23.42,346.71,17.32,5.92,0.5,10.9,519.19,454.9,64.3,419.17,2370.24,102.0,2268.24,346.81,4.51,815.14
13769.66,2985.85,548.89,1269.0,802.22,363.66,2.07,38.97,408.25,381.89,26.36,597.73,335.24,47.22,105.16,110.11,1909.69,426.65,94.35,332.29,1680.98,355.55,1325.43,463.91,1.67,36.68,425.56,20.51,7.62,0.44,12.45,690.24,573.42,116.83,446.96,2710.09,103.77,2606.32,423.86,5.75,960.22
13390.66,2972.57,520.86,1273.48,798.66,377.21,2.37,37.58,397.85,372.78,25.07,569.24,322.95,43.95,98.71,103.63,1890.41,372.2,83.84,288.36,1641.71,353.16,1288.55,435.54,1.5,30.65,403.39,20.75,7.12,0.56,13.07,655.52,589.17,66.36,397.88,2650.5,112.54,2537.96,418.85,4.76,925.29
14562.66,3246.56,566.95,1395.58,875.82,405.71,2.51,39.21,436.82,403.78,33.05,610.62,347.11,50.55,107.5,105.46,2083.99,438.67,81.57,357.1,1731.26,375.51,1355.75,495.75,2.04,39.01,454.7,20.96,7.36,0.45,13.14,718.9,653.71,65.19,435.91,2865.29,114.76,2750.53,429.74,4.41,1004.57
13667.86,3028.36,481.17,1286.29,862.46,396.17,2.27,33.97,398.38,372.83,25.55,541.73,291.21,47.35,98.04,105.14,1981.3,380.34,76.63,303.71,1660.18,357.34,1302.84,470.7,1.82,36.58,432.3,21.37,8.35,0.4,12.62,660.8,601.61,59.19,427.89,2705.18,112.17,2593.01,410.09,4.18,943.39
14037.24,3170.9,453.56,1383.37,900.64,431.23,2.09,42.05,393.26,368.69,24.57,512.85,269.2,46.19,99.06,98.42,1964.55,421.37,80.11,341.27,1734.65,382.76,1351.88,484.04,1.73,33.05,449.25,20.02,7.24,0.53,12.24,652.54,584.12,68.41,449.59,2835.59,128.98,2706.61,412.22,5.22,938.4
14586.49,3219.53,410.85,1421.65,953.24,432.03,1.76,47.61,446.48,419.14,27.34,447.38,211.13,41.1,99.91,95.25,2086.75,465.81,76.64,389.17,1785.93,396.67,1389.26,494.53,1.74,33.79,459.0,21.17,6.99,0.45,13.74,640.97,571.86,69.1,468.94,3081.5,171.55,2909.94,401.06,5.01,973.81
13406.91,3339.91,534.66,1484.56,906.44,412.49,1.76,39.89,525.78,481.77,44.01,481.3,264.8,41.37,84.49,90.64,1885.62,328.99,71.63,257.37,1559.29,337.55,1221.74,424.38,1.55,31.28,391.55,17.99,6.5,0.34,11.14,597.97,531.88,66.1,406.85,2526.66,95.7,2430.96,391.32,4.31,876.66
14239.84,3174.45,574.2,1320.81,855.37,421.92,2.16,39.67,427.56,399.76,27.8,579.24,343.04,47.85,90.38,97.97,2037.21,356.15,83.63,272.52,1799.4,375.08,1424.32,493.19,1.5,38.03,453.66,21.31,7.99,0.41,12.91,700.17,641.71,58.46,429.63,2784.09,116.05,2668.04,439.81,5.0,952.97
14109.08,3100.94,606.14,1290.89,810.68,391.16,2.08,38.34,431.53,404.8,26.73,597.15,366.52,45.32,85.45,99.86,2067.4,385.41,75.87,309.55,1780.5,382.1,1398.4,486.91,1.52,36.1,449.3,19.49,6.77,0.35,12.36,694.06,634.18,59.89,442.78,2686.5,104.24,2582.26,433.38,4.36,940.33
14533.5,3213.55,602.71,1371.78,841.46,395.71,1.89,39.19,462.31,436.93,25.39,565.43,332.4,46.37,89.68,96.97,2129.44,384.16,86.87,297.29,1804.56,389.22,1415.35,473.48,2.05,31.13,440.31,18.36,6.71,0.35,11.31,644.65,575.0,69.65,445.69,2939.34,111.52,2827.82,444.46,5.0,963.86
14085.42,3300.81,480.09,1459.51,974.82,384.56,1.82,43.94,578.08,534.21,43.86,488.72,265.98,37.88,91.89,92.98,2055.62,380.38,81.38,299.0,1804.33,374.89,1429.45,425.77,1.39,26.54,397.84,16.86,5.96,0.31,10.59,534.74,473.03,61.72,460.24,2676.18,110.63,2565.55,420.82,4.18,894.73
12215.01,2751.22,320.85,1158.56,909.89,360.86,1.06,59.17,386.86,361.72,25.14,394.98,193.53,34.5,81.15,85.81,1807.22,362.12,82.24,279.88,1697.74,323.75,1373.99,417.04,2.01,34.52,380.51,15.41,5.32,0.16,9.92,473.82,413.6,60.22,412.22,2210.96,78.28,2132.68,366.51,7.05,852.68
11888.81,2966.57,279.26,1283.87,1007.49,395.45,0.49,47.74,442.88,419.05,23.83,375.45,183.43,36.61,77.28,78.13,1729.52,366.48,73.75,292.73,1523.01,272.08,1250.93,429.39,1.17,40.66,387.56,12.98,4.06,0.06,8.86,487.6,420.58,67.02,242.35,2042.82,55.31,1987.51,353.87,6.14,862.01
12268.0,2944.33,365.53,1247.4,946.4,384.31,0.68,44.71,437.46,413.19,24.27,422.0,227.03,37.89,76.19,80.89,1539.74,360.56,68.83,291.73,1644.43,310.16,1334.26,457.34,1.52,46.8,409.03,14.0,4.25,0.09,9.67,573.02,512.0,61.01,309.45,2234.74,60.61,2174.13,372.89,6.64,906.7
14166.45,3291.81,516.09,1403.41,953.08,417.64,1.59,114.37,507.23,472.52,34.71,606.25,360.93,51.35,105.09,88.89,1481.72,468.55,95.4,373.15,1699.79,329.45,1370.34,511.58,3.02,51.96,456.6,20.06,5.99,0.82,13.25,760.15,687.3,72.84,380.33,2858.79,92.4,2766.38,451.66,17.27,996.88
13475.57,3151.64,471.79,1340.98,900.82,436.46,1.58,112.47,417.78,391.02,26.76,499.13,285.84,46.29,84.91,82.09,1537.72,451.78,81.07,370.71,1707.82,341.04,1366.79,492.15,3.49,47.3,441.35,19.19,5.66,0.13,13.4,669.19,607.26,61.93,371.71,2624.4,92.66,2531.74,419.92,15.79,984.88
13336.27,3024.9,376.69,1292.55,911.64,442.8,1.22,41.38,428.05,402.43,25.62,429.34,222.47,41.59,81.66,83.63,1630.32,385.64,69.91,315.73,1797.73,374.53,1423.2,494.78,1.46,45.9,447.42,17.22,5.75,0.21,11.26,615.26,558.48,56.78,413.72,2726.78,109.91,2616.87,418.09,5.63,907.42
14147.1,3404.2,357.06,1495.74,1072.78,477.69,0.93,45.76,490.65,466.2,24.44,383.2,187.08,38.99,79.54,77.59,1736.55,534.45,80.77,453.68,1727.78,357.29,1370.49,512.3,1.42,45.36,465.52,18.82,5.6,0.16,13.06,626.41,567.0,59.41,416.83,3001.32,156.43,2844.89,415.0,5.46,828.38
13290.3,3408.36,434.0,1483.78,1040.14,449.82,0.63,41.7,597.88,555.36,42.52,420.67,222.74,37.72,72.84,87.36,1628.79,376.8,78.33,298.47,1769.46,350.12,1419.34,508.11,1.59,48.73,457.79,16.19,5.05,0.06,11.07,579.9,516.35,63.55,398.93,2284.33,74.54,2209.8,397.47,5.56,856.14
13295.29,3239.7,538.88,1337.39,911.68,450.51,1.25,38.46,472.79,445.38,27.41,500.27,305.84,40.29,74.6,79.53,1638.18,337.5,73.72,263.78,1650.96,332.72,1318.24,480.53,1.12,47.36,432.04,18.24,4.95,0.18,13.11,738.71,686.73,51.98,385.02,2562.08,100.91,2461.16,406.04,4.81,822.01
12967.31,3120.34,522.76,1297.62,874.28,424.45,1.22,40.21,460.86,437.99,22.86,489.98,304.66,39.14,71.54,74.65,1620.25,363.62,70.75,292.87,1675.82,343.87,1331.95,481.55,1.36,46.22,433.98,17.17,4.65,0.2,12.32,675.55,626.39,49.16,379.5,2417.14,94.16,2322.98,407.12,5.36,812.83
12261.44,3134.99,371.84,1358.89,981.68,421.95,0.63,43.59,510.62,485.66,24.97,422.83,233.6,37.69,72.84,78.71,1740.46,332.12,69.1,263.03,1748.2,352.97,1395.23,518.79,1.12,38.29,479.37,15.75,4.87,0.04,10.84,530.9,471.17,59.73,403.13,1760.04,69.95,1690.09,372.21,6.1,721.7
12299.91,3143.22,375.44,1367.23,998.3,401.65,0.6,39.81,519.24,490.2,29.04,396.3,203.9,34.22,81.1,77.07,1789.24,431.79,71.71,360.07,1765.13,358.47,1406.66,504.68,1.48,43.63,459.57,12.89,4.51,0.1,8.29,442.89,384.57,58.32,414.47,1792.08,63.38,1728.69,381.56,5.34,661.28
11692.13,3014.81,400.81,1344.39,892.9,375.68,1.03,31.81,544.19,506.35,37.84,362.03,183.4,32.43,76.36,69.84,1662.87,334.9,58.43,276.46,1569.22,315.63,1253.59,418.52,1.31,39.29,377.92,13.26,3.85,0.13,9.28,498.21,446.4,51.81,386.58,1852.65,68.42,1784.23,358.57,5.97,638.57
13311.22,3137.15,475.35,1323.76,902.29,434.36,1.39,16.13,466.16,439.26,26.91,458.76,252.01,40.48,89.15,77.12,1939.71,397.7,71.83,325.88,1787.19,365.19,1422.0,499.33,1.38,53.36,444.59,15.95,4.69,0.16,11.1,678.08,593.09,84.99,397.62,2291.66,79.82,2211.84,414.3,6.83,804.64
13195.45,3063.52,428.93,1294.4,911.49,427.59,1.1,17.21,470.71,442.27,28.44,461.28,257.91,39.3,86.36,77.72,1929.01,318.92,65.79,253.13,1818.27,383.69,1434.58,524.02,1.43,58.11,464.48,15.67,4.44,0.15,11.09,678.56,623.58,54.99,370.27,2258.02,81.79,2176.23,413.65,5.46,850.85
14213.38,3456.91,538.99,1467.65,988.49,460.72,1.06,12.94,538.56,503.94,34.62,487.27,273.1,44.08,93.76,76.35,1980.97,393.48,71.87,321.61,1761.02,364.8,1396.22,520.16,1.69,58.6,459.87,16.34,4.97,0.15,11.22,756.1,698.42,57.68,385.45,2587.61,97.29,2490.32,441.26,5.07,870.24
13800.41,3177.26,422.03,1340.81,949.16,464.3,0.96,12.71,469.15,439.78,29.37,454.73,245.93,42.6,87.68,78.52,2000.58,357.99,64.46,293.52,1868.49,404.69,1463.8,548.02,1.72,55.92,490.38,15.51,4.04,0.2,11.27,721.41,671.61,49.8,408.5,2446.44,98.03,2348.41,431.04,5.03,883.56
14267.05,3298.62,378.24,1407.77,1022.44,489.45,0.73,12.94,485.17,454.81,30.36,438.55,221.02,42.51,95.23,79.79,2161.71,399.61,60.23,339.37,1942.37,424.15,1518.21,591.8,2.82,61.52,527.46,16.77,5.66,0.15,10.96,693.32,633.63,59.69,437.09,2485.37,112.06,2373.31,439.72,5.66,858.37
13880.27,3434.39,322.56,1501.59,1096.76,512.83,0.65,18.31,546.43,518.32,28.1,367.37,162.65,38.43,97.77,68.53,2094.5,394.1,61.07,333.03,1870.04,404.18,1465.86,528.3,1.28,63.77,463.26,17.43,5.67,0.14,11.61,638.24,580.44,57.81,437.61,2390.48,132.79,2257.68,405.21,5.63,732.25
13938.33,3467.49,465.63,1464.02,1037.34,499.49,1.01,15.09,707.85,655.91,51.93,468.95,250.56,43.18,95.03,80.19,2016.78,310.44,66.01,244.43,1745.47,366.53,1378.94,498.01,1.31,46.16,450.54,16.41,5.3,0.15,10.96,723.74,661.21,62.54,408.47,2349.25,90.4,2258.84,420.98,4.96,784.44
15088.32,3340.52,557.66,1350.75,941.61,489.73,0.78,16.46,541.07,510.44,30.63,545.19,324.94,46.82,93.68,79.76,2282.6,358.59,80.63,277.95,2026.6,410.33,1616.27,592.13,3.29,60.23,528.61,17.99,4.97,0.21,12.81,831.63,774.8,56.82,425.73,2733.44,108.26,2625.18,489.39,7.13,879.85
14920.08,3357.08,593.59,1379.06,905.21,478.06,1.16,15.11,539.92,514.01,25.91,544.3,339.31,42.7,84.35,77.94,2331.21,349.85,69.71,280.14,1923.33,395.68,1527.65,537.85,2.04,40.8,495.02,19.18,6.39,0.5,12.28,782.71,731.1,51.61,415.29,2743.61,108.78,2634.83,471.58,7.81,881.24
14403.14,3244.83,488.82,1344.97,945.51,464.32,1.22,15.68,569.76,544.19,25.57,490.57,279.65,42.64,88.77,79.51,2301.31,300.98,67.87,233.11,1996.24,412.3,1583.94,564.2,2.95,38.63,522.62,15.08,4.5,0.2,10.38,669.04,604.26,64.78,441.24,2461.64,98.82,2362.82,455.01,9.08,868.48
14541.88,3510.09,505.13,1490.14,1057.89,456.73,0.2,22.36,740.96,697.32,43.65,455.61,249.07,37.86,91.06,77.61,2235.27,363.69,71.41,292.28,2014.96,404.93,1610.03,533.31,1.74,48.2,483.37,14.99,4.71,0.41,9.88,595.24,533.21,62.03,443.57,2367.95,97.55,2270.4,455.57,6.81,781.5
12162.72,2845.33,374.78,1197.99,849.55,422.02,0.99,14.05,459.12,434.2,24.93,352.39,178.12,30.76,80.23,63.28,1994.87,333.43,58.71,274.72,1747.45,332.09,1415.35,425.14,1.08,39.85,384.21,13.17,3.91,0.18,9.08,548.37,495.45,52.92,394.77,1962.49,84.23,1878.26,375.36,6.28,690.49
14321.4,3257.26,452.47,1344.52,954.96,504.41,0.9,12.85,518.48,486.95,31.52,435.66,234.1,37.38,88.0,76.17,2437.69,323.54,63.82,259.72,2028.69,366.71,1661.98,503.45,2.7,53.09,447.67,15.18,4.74,0.18,10.26,713.18,627.26,85.91,415.6,2308.4,85.26,2223.14,460.31,7.44,883.67
15335.22,3334.83,522.44,1375.68,950.1,485.44,1.16,15.26,549.02,516.11,32.91,511.98,297.59,42.32,92.93,79.14,2591.3,302.22,65.4,236.81,1981.44,380.67,1600.76,548.97,1.69,57.61,489.66,16.91,5.24,0.35,11.32,802.16,743.09,59.06,411.91,2776.35,95.46,2680.89,508.88,5.3,978.7
