서울_합계,서울_종합소매,서울_ 백화점,서울_ 대형마트/유통전문점,서울_ 슈퍼마켓,서울_ 편의점,서울_ 면세점,서울_전자상거래/통신판매,서울_식료품,서울_ 일반식료품,서울_ 건강보조식품,서울_의류/잡화,서울_ 의복/직물,서울_ 복식잡화,서울_ 시계/귀금속/안경,서울_ 화장품,서울_연료,서울_가구/가전,서울_ 가구,서울_ 가전제품/정보통신기기,서울_의료/보건,서울_ 종합병원,서울_ 일반병의원/기타의료기관,서울_자동차,서울_ 국산자동차신품,서울_ 기타운송수단,서울_ 자동차 부품 및 정비,서울_여행/교통,서울_ 여행사/자동차임대,서울_ 항공사,서울_ 대중교통,서울_오락/문화,서울_ 스포츠/오락/여가,서울_ 서적/문구,서울_교육,서울_숙박/음식,서울_ 숙박,서울_ 음식점,서울_공과금/개인 및 전문 서비스,서울_금융/보험,서울_기타
131882.45,16271.53,5114.34,6945.74,3124.94,660.4,426.12,27299.14,1013.02,789.99,223.03,4850.5,2911.7,350.44,440.91,1147.45,3145.31,3802.54,171.85,3630.69,8891.63,2539.44,6352.19,9197.02,7718.67,393.43,1084.92,4344.8,721.3,1913.62,1709.88,3313.65,1852.93,1460.72,2631.4,10392.36,820.76,9571.6,17465.05,10418.85,8845.65
138570.49,17501.51,5623.74,7439.08,3321.74,648.19,468.76,28013.71,1071.96,860.8,211.16,4733.35,2762.63,357.8,458.57,1154.35,3147.03,3511.55,166.22,3345.34,8152.91,2437.4,5715.51,10820.53,9312.76,386.01,1121.75,4739.82,975.44,2021.06,1743.31,3547.8,1948.03,1599.77,2862.63,11911.42,978.4,10933.01,18288.17,10343.59,9924.52
134351.73,15182.1,4290.1,6613.25,3213.01,630.0,435.73,26596.76,1078.96,847.8,231.16,3971.42,2163.52,270.92,469.14,1067.85,2975.1,4046.11,157.36,3888.75,9041.37,2744.27,6297.1,7116.97,6022.63,339.37,754.97,5007.53,1049.77,2211.7,1746.07,3346.39,1815.02,1531.37,2905.99,10426.09,853.04,9573.05,22639.76,10231.55,9785.63
119273.86,13979.67,3727.72,6344.25,2938.9,584.91,383.9,22864.68,1183.33,954.59,228.74,3733.86,2020.23,246.68,431.24,1035.71,2708.55,3852.64,156.22,3696.41,7839.83,2342.55,5497.28,7786.62,6814.72,311.75,660.14,4320.35,901.26,1878.7,1540.39,2900.55,1521.64,1378.92,2984.44,8836.38,684.09,8152.28,17885.92,9333.66,9063.38
129165.1,14518.77,4074.01,6387.08,3016.69,665.06,375.93,24857.51,1043.78,781.31,262.47,4363.0,2322.74,321.32,543.62,1175.33,3007.31,4602.13,210.86,4391.28,8455.38,2525.62,5929.76,9505.44,8308.96,425.02,771.45,4473.15,647.66,2212.92,1612.56,3560.35,1832.53,1727.82,3129.29,10320.86,671.66,9649.19,17852.88,10054.15,9421.1
130880.12,15328.37,4492.38,6612.02,3141.52,681.05,401.4,25967.3,1029.36,794.64,234.72,4295.64,2322.37,331.98,508.0,1133.28,2917.74,4398.59,196.87,4201.71,8087.61,2491.59,5596.02,9684.78,8527.02,419.64,738.12,4737.82,694.17,2291.94,1751.71,3278.19,1783.65,1494.54,2491.16,10264.07,688.83,9575.24,18600.62,10325.82,9473.06
134734.07,15650.5,4329.77,6897.63,3246.63,754.44,422.03,26735.11,1144.54,843.19,301.34,4772.2,2637.68,365.12,549.18,1220.22,2901.73,4944.07,179.96,4764.1,8376.92,2525.71,5851.21,10059.08,8741.08,494.1,823.9,5296.24,966.33,2492.75,1837.17,3332.27,1947.08,1385.19,2886.54,10744.51,741.67,10002.85,17900.66,10275.3,9714.41
124964.86,14642.96,3775.91,6486.59,3231.64,733.0,415.81,24131.56,1117.63,807.33,310.3,4328.67,2252.62,352.7,547.03,1176.32,2844.73,4875.52,174.99,4700.52,7846.29,2364.63,5481.66,8053.84,6744.94,498.25,810.64,4938.54,833.2,2430.85,1674.49,3063.19,1755.79,1307.4,2698.81,10083.92,640.5,9443.42,17909.97,9521.63,8907.61
139574.38,15678.72,3963.61,7075.45,3364.56,817.86,457.23,27427.97,1051.14,789.99,261.15,4070.02,2025.9,333.95,501.58,1208.59,3021.74,5321.34,175.85,5145.5,8365.57,2656.4,5709.17,8503.41,7135.92,522.37,845.13,6049.89,1453.64,2740.69,1855.56,3261.7,1772.78,1488.92,3140.66,10749.56,758.24,9991.33,22077.18,11093.07,9762.41
124442.3,14350.44,3396.74,6496.45,3261.74,796.88,398.62,23212.79,1052.87,803.03,249.84,3635.87,1729.53,283.34,518.67,1104.33,3170.34,4905.93,177.63,4728.3,8181.55,2510.36,5671.19,6997.26,5627.34,505.59,864.32,5073.05,1027.21,2175.81,1870.03,3122.61,1754.85,1367.76,3279.51,10561.17,795.86,9765.31,17780.0,9932.79,9186.15
124182.08,15961.69,4134.75,7050.84,3562.79,804.8,408.51,24303.94,1414.03,1130.73,283.3,4037.74,2155.76,303.94,447.41,1130.63,2880.98,4085.33,173.15,3912.18,7327.46,2169.92,5157.54,6532.65,5407.87,387.68,737.1,4573.63,970.15,1847.44,1756.04,2999.68,1657.78,1341.9,2584.89,9691.3,697.05,8994.25,17818.51,10050.53,9919.7
133579.17,16038.85,4517.46,7052.7,3266.47,821.11,381.12,26296.75,1098.55,838.55,260.0,4831.83,2713.95,366.5,475.57,1275.8,2888.49,4409.27,213.42,4195.85,8318.15,2495.55,5822.59,7940.24,6673.65,445.41,821.18,4829.26,820.81,2129.16,1879.29,3304.13,1909.76,1394.37,2612.63,10745.08,815.54,9929.54,19092.4,10996.46,10177.08
128461.96,15804.26,5012.79,6522.74,3201.91,748.57,318.25,27047.63,1101.0,856.9,244.1,4795.56,2828.97,352.53,448.01,1166.06,2857.54,4731.61,186.73,4544.88,8032.88,2448.48,5584.4,7257.48,5961.88,448.71,846.89,4632.28,679.71,2102.91,1849.67,3355.82,1905.27,1450.55,2613.62,10244.91,746.09,9498.81,16073.6,10136.45,9777.34
137684.76,17972.45,6168.9,7268.76,3371.13,784.0,379.66,28147.43,1152.55,916.46,236.08,4853.96,2792.15,368.88,471.34,1221.58,2913.01,4626.75,194.85,4431.9,8444.21,2544.95,5899.27,7879.82,6590.04,439.15,850.62,5259.39,979.86,2297.68,1981.86,3606.43,1987.03,1619.4,2944.8,12081.3,916.88,11164.42,16754.73,10965.26,10082.68
133427.27,15764.6,4606.17,6605.38,3496.35,693.62,363.08,25025.45,1465.86,1197.18,268.68,4028.25,2136.1,271.59,462.64,1157.92,2824.47,4275.47,173.37,4102.1,9131.01,2632.82,6498.18,8229.73,7087.59,371.08,771.06,5304.17,1084.32,2357.86,1861.99,3233.57,1758.24,1475.33,2944.54,10265.99,773.15,9492.84,21134.8,10049.97,9749.39
116024.69,13372.9,3816.58,5743.6,2810.62,683.12,318.99,22266.33,961.99,767.6,194.39,3703.06,1962.45,238.26,450.07,1052.28,2510.13,4058.92,184.61,3874.31,7959.32,2435.18,5524.14,7250.29,6228.8,365.28,656.21,4497.55,755.43,2096.73,1645.39,2851.0,1522.32,1328.68,3108.09,9119.38,709.44,8409.94,15957.01,9564.58,8844.14
130102.89,15801.99,4840.92,6592.03,3282.44,765.7,320.91,25099.24,1147.66,903.03,244.63,4466.54,2381.38,327.62,543.75,1213.78,2797.17,4964.13,242.86,4721.28,8345.3,2534.99,5810.31,8606.56,7315.7,497.89,792.98,5029.12,688.96,2501.89,1838.26,3497.53,1823.67,1673.86,3164.69,10862.52,682.53,10179.99,16037.26,10790.6,9492.58
127105.42,14282.09,4534.07,6089.1,2500.95,782.94,375.03,24336.51,1104.16,866.75,237.41,4346.78,2317.0,319.63,542.2,1167.95,2625.77,4435.99,211.68,4224.31,8037.63,2480.74,5556.89,9568.49,8283.39,494.56,790.55,5307.79,871.32,2488.38,1948.1,3117.57,1755.17,1362.4,2485.25,10264.87,710.91,9553.96,17156.17,10547.18,9489.15
128244.94,15053.81,4671.75,6635.78,2590.44,813.52,342.31,24366.92,1189.85,929.26,260.6,4578.24,2443.95,350.66,549.03,1234.6,2733.62,4797.63,222.24,4575.39,8144.53,2374.1,5770.43,9233.43,7943.31,466.61,823.51,5140.99,820.76,2351.11,1969.11,3200.24,1868.85,1331.38,2959.41,10815.76,737.84,10077.92,15928.47,10380.78,9721.26
127422.54,15003.88,4445.69,6611.59,2695.86,870.2,380.55,25107.86,1130.62,899.94,230.69,4218.56,2200.07,336.27,521.86,1160.36,2666.3,5088.65,209.22,4879.42,7711.15,2288.34,5422.81,9025.47,7741.98,492.12,791.37,5127.24,777.03,2439.11,1911.1,2942.59,1717.68,1224.9,2735.53,10562.33,696.4,9865.93,16209.06,10416.04,9477.26
142430.87,14839.04,4176.46,6680.55,2674.27,905.94,401.81,26674.46,1185.13,903.7,281.43,4224.33,2047.71,333.02,554.11,1289.49,2827.21,5469.84,224.59,5245.25,8841.59,2670.99,6170.6,10009.45,8565.39,538.55,905.51,6613.21,1355.43,2844.95,2412.82,3258.11,1811.36,1446.75,3360.98,11116.33,746.54,10369.8,21761.52,11585.81,10663.87
128459.38,14250.82,3833.4,6506.49,2692.15,860.91,357.87,24616.39,1245.68,971.53,274.15,3828.09,1791.04,287.96,550.71,1198.38,2804.16,4843.73,238.55,4605.18,8504.2,2439.85,6064.35,8356.53,6983.82,494.82,877.88,5758.31,1017.21,2162.86,2578.24,3183.04,1820.04,1363.0,3433.45,11107.69,817.29,10290.39,16061.24,10489.26,9976.8
128693.31,14989.75,4386.25,6684.86,2639.14,914.78,364.72,25466.18,1414.17,1154.69,259.48,3995.18,2050.76,294.95,476.91,1172.57,2578.48,4518.41,232.52,4285.89,7669.04,2175.05,5493.99,7496.57,6238.48,466.2,791.89,5220.05,895.34,2030.34,2294.37,3014.47,1665.31,1349.16,2862.41,10108.74,711.02,9397.72,18271.73,10827.21,10260.91
127710.61,14018.88,4248.28,6145.41,2441.57,857.83,325.79,25186.13,1185.7,945.81,239.89,4408.12,2535.32,329.97,463.53,1079.29,2596.57,4023.17,247.08,3776.08,7770.15,2259.43,5510.71,9042.8,7712.5,482.27,848.03,5170.54,765.25,2035.13,2370.15,3152.98,1836.72,1316.26,2604.91,10520.23,733.44,9786.79,18298.47,10490.35,9241.6
130991.89,14993.57,5096.72,6354.42,2441.23,822.63,278.57,27339.58,1203.83,969.68,234.16,4608.24,2653.98,330.92,447.8,1175.54,2462.17,5000.18,222.2,4777.98,8072.75,2342.76,5729.99,9351.47,8059.68,442.87,848.92,5153.76,718.35,2085.92,2349.49,3273.93,1805.97,1467.96,2677.49,10573.57,675.61,9897.96,16090.19,10279.55,9911.61
140515.55,16591.85,5839.07,6860.91,2610.35,925.75,355.76,28887.02,1248.44,1030.07,218.37,4582.84,2608.83,346.05,474.28,1153.69,2566.24,4793.14,222.42,4570.72,8196.75,2443.48,5753.27,11656.19,10259.08,483.29,913.82,5691.37,968.33,2231.71,2491.33,3417.44,1905.32,1512.12,2969.1,12197.0,963.99,11233.01,16315.19,11227.57,10175.42
138817.56,14031.73,4186.34,6161.41,2578.21,764.14,341.64,27551.7,1219.02,984.42,234.6,3910.89,1989.18,279.45,505.15,1137.12,2234.53,4571.46,208.03,4363.42,9216.6,2634.44,6582.16,8971.71,7730.08,445.78,795.85,6006.36,1127.59,2369.61,2509.17,3231.78,1747.04,1484.74,3075.18,10948.39,770.99,10177.4,22276.33,10912.78,10659.11
121083.75,13872.03,4003.26,6301.58,2502.26,750.88,314.04,24705.98,1436.61,1184.78,251.83,3618.19,1889.38,244.43,456.47,1027.91,2016.34,4199.5,205.63,3993.87,7747.05,2185.17,5561.88,7971.49,6889.19,384.29,698.01,5099.73,921.17,1990.6,2187.96,2762.09,1436.33,1325.76,2991.03,9305.32,672.32,8633.01,15671.91,10064.44,9622.05
136904.17,14780.17,4558.66,6396.97,2574.47,935.01,315.06,28501.1,1176.09,931.37,244.72,4408.8,2291.99,335.97,592.91,1187.92,2409.93,5146.17,265.62,4880.55,8768.35,2571.14,6197.21,9045.54,7627.55,555.87,862.12,5671.19,768.85,2606.22,2296.12,3550.69,1842.94,1707.75,3277.83,11157.65,755.29,10402.36,16231.63,11971.08,10807.94
135292.39,14666.04,4557.94,6118.5,2595.69,1001.39,392.52,27654.86,1171.1,933.97,237.13,4411.05,2301.95,322.77,617.04,1169.29,2196.42,4499.79,252.28,4247.51,8490.03,2504.56,5985.47,9435.6,8028.76,543.48,863.37,6086.72,975.99,2538.0,2572.73,3215.11,1785.51,1429.6,2555.95,10757.91,688.02,10069.89,18032.75,11659.38,10459.68
134654.8,15721.71,4733.73,6711.89,2815.47,1087.16,373.46,26700.89,1268.08,1021.14,246.95,4747.54,2517.53,371.16,642.52,1216.33,2336.73,4844.86,255.96,4588.9,8400.92,2370.91,6030.01,8145.25,6661.64,552.53,931.08,5884.96,887.2,2482.02,2515.75,3346.87,1989.89,1356.98,3071.72,11623.06,734.27,10888.8,17097.41,11151.56,10313.23
133407.8,15000.63,4060.18,6359.59,3041.05,1169.8,370.0,28647.14,1220.8,989.16,231.64,4087.99,2039.79,315.58,542.68,1189.94,2184.58,4974.2,241.22,4732.98,7062.18,1787.58,5274.6,8028.38,6589.97,560.26,878.14,5311.11,759.62,2297.17,2254.32,2950.63,1689.06,1261.57,2714.27,10401.26,639.04,9762.22,18665.92,12005.36,10153.36
147685.08,14731.65,3732.71,6389.74,2946.13,1202.65,460.41,29223.79,1167.85,932.27,235.58,4113.38,2004.61,318.94,602.86,1186.96,2324.01,6212.97,244.95,5968.02,8287.26,2185.42,6101.84,9065.7,7552.65,531.53,981.52,6790.6,1358.44,2805.15,2627.01,3359.33,1888.67,1470.66,3412.03,11294.07,656.99,10637.08,23720.66,12599.84,11381.96
133037.7,14848.07,3990.22,6343.86,2922.47,1197.32,394.2,26835.03,1119.9,906.65,213.25,3707.83,1772.35,282.46,577.73,1075.3,2316.71,6076.48,259.92,5816.57,8336.32,2320.06,6016.26,7353.61,5941.0,474.26,938.35,5742.58,957.62,2173.59,2611.38,3076.36,1799.99,1276.37,3421.69,11419.49,742.18,10677.31,17321.42,11192.2,10270.0
137386.48,15197.22,4101.44,6545.2,2980.34,1216.2,354.04,27803.54,1582.09,1307.67,274.42,3905.39,2013.92,281.21,517.08,1093.19,2120.48,5490.71,244.65,5246.06,7983.55,2196.31,5787.24,9409.28,8019.99,503.54,885.75,5612.56,922.66,2085.13,2604.77,2935.68,1681.73,1253.96,2758.35,10441.56,668.13,9773.43,19955.26,11177.03,11013.8
149128.98,15299.08,5153.34,5925.32,2593.9,1208.2,418.32,31434.96,1147.6,903.24,244.37,4517.98,2479.86,327.49,563.28,1147.34,2082.81,6084.92,290.59,5794.33,8834.84,2352.2,6482.64,10268.66,8799.8,516.51,952.35,6012.58,935.7,2356.69,2720.19,3274.44,1987.68,1286.76,2918.83,11045.68,732.84,10312.85,22226.22,12689.57,11290.82
141619.77,15986.18,5450.91,6288.58,2688.69,1148.49,409.51,31427.97,1160.91,949.35,211.56,4403.6,2556.24,322.4,475.37,1049.6,2081.14,5986.49,263.23,5723.25,8209.04,2278.51,5930.53,9066.78,7738.87,435.11,892.81,5682.97,779.84,2291.35,2611.78,3072.2,1834.67,1237.53,2700.88,11058.72,714.69,10344.03,18156.58,11838.71,10787.6
156423.05,16306.29,5386.9,6497.77,2755.02,1182.15,484.44,32772.43,1261.55,1016.81,244.74,4461.81,2425.74,346.43,536.65,1152.99,2193.09,6039.77,268.49,5771.28,9167.14,2502.46,6664.68,13350.61,11762.76,568.36,1019.48,6503.96,1132.72,2545.56,2825.68,3493.55,1970.77,1522.78,3130.21,12564.84,919.08,11645.77,20256.69,13061.71,11859.39
149587.29,14854.39,4228.8,6212.46,2914.3,1089.4,409.44,32750.63,1295.75,1057.64,238.11,3836.93,1929.47,261.14,562.81,1083.52,2205.75,5701.01,254.88,5446.13,9614.89,2556.25,7058.64,6502.04,5184.07,400.9,917.08,6511.78,1252.47,2690.2,2569.11,3158.86,1780.96,1377.9,3227.23,11246.65,755.32,10491.33,25126.41,11922.79,11632.18
132675.87,14450.22,4093.99,6160.74,2731.21,1046.17,418.11,29457.04,1367.18,1138.49,228.69,3512.76,1810.15,238.09,489.68,974.84,2045.58,5516.3,254.2,5262.11,8368.18,2240.07,6128.11,6871.63,5687.09,395.9,788.64,5682.84,898.66,2413.17,2371.0,2815.57,1549.21,1266.35,3126.95,9863.96,655.99,9207.98,17493.37,11298.43,10805.88
150313.15,15103.52,4436.33,6196.51,2852.8,1241.63,376.24,34024.46,1175.99,937.24,238.75,4195.41,2147.93,302.01,597.28,1148.2,2153.39,6262.4,284.75,5977.65,9410.89,2622.22,6788.68,8718.61,7184.71,592.65,941.24,6153.4,828.8,2844.01,2480.59,3495.84,1922.8,1573.04,3378.19,11306.94,700.96,10605.98,19593.1,13395.2,11945.81
146705.74,15079.43,4521.52,6012.71,2863.41,1237.95,443.84,32367.62,1166.87,919.9,246.98,4314.49,2266.46,306.47,632.97,1108.59,2003.05,5534.77,264.89,5269.88,8999.05,2441.84,6557.22,8099.51,6658.17,530.7,910.64,6231.42,872.12,2692.92,2666.39,3188.5,1895.05,1293.45,2695.89,11128.27,654.14,10474.13,21183.35,12276.43,12437.09
153068.95,16789.77,5151.42,6647.77,3129.54,1379.44,481.6,35683.06,1218.77,967.11,251.66,4607.84,2457.75,382.54,623.89,1143.66,2105.1,5011.92,322.19,4689.73,8808.26,2502.86,6305.4,8017.42,6590.24,493.1,934.08,6648.9,911.41,2967.37,2770.12,3313.98,2028.97,1285.0,3136.33,12108.23,738.28,11369.95,21553.93,12952.03,11113.42
153152.28,15347.33,4222.0,6140.44,3105.33,1404.75,474.81,35187.4,1178.71,945.65,233.07,4357.47,2269.4,367.29,592.58,1128.19,2079.98,5119.32,329.21,4790.11,8872.52,2508.39,6364.13,9238.22,7710.6,581.23,946.39,6930.65,1069.6,3142.64,2718.41,3198.63,1908.1,1290.54,3019.22,11610.83,698.3,10912.53,22661.55,13065.29,11285.14
165541.96,16129.14,4334.53,6648.34,3246.85,1426.33,473.08,37533.71,1162.9,929.6,233.3,4159.39,2018.25,360.99,615.59,1164.56,2194.51,5867.28,340.52,5526.76,9460.56,2618.46,6842.1,7356.67,5816.93,513.03,1026.7,7347.36,1504.42,3080.7,2762.24,3421.2,1952.57,1468.62,3552.61,12127.02,690.81,11436.21,29579.0,13360.26,12290.35
156147.68,16464.72,4464.05,6518.77,3425.47,1524.76,531.67,36966.89,1116.55,893.09,223.45,3720.31,1780.13,312.59,578.8,1048.79,2191.85,5859.17,354.87,5504.3,8974.26,2584.85,6389.42,6531.52,4922.39,558.49,1050.64,6809.6,1136.13,2597.0,3076.47,3217.4,1894.48,1322.93,3581.22,12181.29,818.11,11363.17,23257.39,13189.81,12085.7
155920.52,16101.93,4355.68,6372.6,3380.36,1459.54,533.75,36578.55,1507.21,1241.43,265.78,3835.82,1957.81,314.62,525.22,1038.17,1932.02,4890.55,330.79,4559.76,8548.49,2303.66,6244.83,7524.09,5990.86,579.91,953.32,6235.39,1078.59,2246.04,2910.76,3113.83,1787.28,1326.55,3138.29,10872.41,697.71,10174.71,25759.91,12879.48,13002.54
163098.4,17100.9,5363.41,6316.45,3431.9,1490.79,498.35,38858.14,1250.7,1026.35,224.35,4324.26,2402.75,322.78,548.33,1050.41,2005.87,5125.64,348.36,4777.28,9195.86,2427.74,6768.11,7774.44,5993.48,777.82,1003.14,6537.31,929.97,2526.29,3081.05,3354.96,2024.42,1330.54,3024.91,12137.89,729.41,11408.48,27068.64,13163.7,12175.17
161702.14,16823.67,5310.92,6199.09,3446.42,1396.3,470.95,40461.01,1234.29,1022.37,211.91,4358.84,2455.77,314.12,512.1,1076.85,2043.76,5005.0,280.12,4724.88,9132.41,2470.88,6661.54,7894.12,6274.92,620.98,998.22,6935.96,897.42,2858.45,3180.1,3366.73,1956.07,1410.66,2981.85,11584.96,752.78,10832.18,24277.9,13269.16,12332.49
175322.09,17168.07,5526.6,6245.38,3518.69,1412.24,465.17,41945.68,1334.38,1098.95,235.43,4272.34,2283.18,323.34,566.87,1098.95,2237.49,4687.86,280.14,4407.72,10242.9,2674.09,7568.81,12289.18,10455.94,712.54,1120.69,7768.53,1255.86,3071.48,3441.19,3585.21,2070.89,1514.32,3362.65,13213.14,887.47,12325.67,25164.54,13956.01,14094.09
167480.34,16910.72,4733.38,6645.02,3707.27,1321.88,503.17,38445.03,1676.26,1433.59,242.67,3617.78,1890.87,247.73,507.95,971.23,2314.69,4522.62,263.1,4259.53,9519.53,2514.62,7004.91,9941.26,8523.9,499.52,917.84,7914.3,1205.62,3433.85,3274.83,3176.41,1861.83,1314.58,3062.35,11737.81,763.4,10974.41,28869.22,12781.22,12991.14
156927.08,14248.32,4144.19,5295.44,3086.08,1232.25,490.36,37242.79,1046.29,836.57,209.72,3591.58,1810.71,234.26,571.63,974.98,2237.02,4847.1,296.47,4550.64,9518.82,2457.57,7061.25,9117.49,7676.54,527.67,913.28,7474.18,1100.22,3494.24,2879.73,3217.03,1894.3,1322.72,3586.09,11032.0,717.06,10314.94,24463.63,12676.32,12628.41
172598.44,16509.22,4710.95,6189.14,3614.72,1456.1,538.31,41319.99,1260.05,1009.16,250.88,4214.42,2158.36,307.53,665.99,1082.53,2444.44,5267.48,319.61,4947.87,10136.94,2649.37,7487.57,10941.66,9121.42,747.52,1072.71,7630.52,965.9,3564.41,3100.21,3779.23,2147.31,1631.91,3659.98,12289.66,693.34,11596.32,24415.94,14875.25,13853.67
167871.77,16063.28,4560.59,5887.72,3555.9,1435.34,623.73,38895.8,1251.63,1009.45,242.18,4263.5,2229.06,308.7,671.11,1054.64,2285.19,5282.89,277.38,5005.51,9879.67,2521.3,7358.38,9642.23,7941.47,660.9,1039.85,7423.84,1140.12,3054.38,3229.35,3456.92,2073.11,1383.81,2926.65,12015.06,676.83,11338.23,27663.69,13308.01,13513.42
172609.15,17875.72,5258.7,6628.65,3783.95,1597.68,606.75,41292.03,1289.26,1044.67,244.6,4369.87,2347.34,321.83,684.66,1016.03,2251.1,6128.11,281.67,5846.44,9498.46,2414.58,7083.88,9380.02,7766.67,603.43,1009.91,7440.37,990.89,3189.35,3260.14,3661.17,2366.21,1294.96,3319.33,12667.09,798.32,11868.78,25595.14,14873.39,12968.1
171606.7,16430.02,4415.96,6019.98,3745.4,1687.33,561.35,39522.53,1224.64,989.71,234.92,4167.44,2131.05,324.88,675.83,1035.68,2105.18,5394.94,260.03,5134.91,9760.83,2548.9,7211.93,10181.39,8327.9,774.11,1079.38,7756.56,1130.81,3357.86,3267.88,3521.3,2214.87,1306.44,3226.1,12136.57,660.54,11476.03,27859.33,14881.05,13438.83
182238.39,17456.76,4806.02,6500.53,3811.03,1754.63,584.54,39396.8,1177.97,955.97,222.0,3910.15,1988.33,321.61,635.45,964.76,2221.71,6691.43,285.03,6406.4,10100.85,2658.73,7442.11,9657.54,7897.53,641.11,1118.89,8258.78,1494.67,3472.87,3291.24,3637.95,2220.58,1417.37,3691.73,12775.27,655.16,12120.11,34808.05,14711.15,13742.28
170786.47,16724.44,4347.29,6248.71,3742.1,1803.07,583.26,38068.27,1220.2,994.28,225.92,3573.45,1722.1,273.74,622.17,955.43,2194.8,5629.9,297.95,5331.95,10165.85,2733.33,7432.52,8831.83,6983.69,675.16,1172.98,7515.57,1188.68,2987.79,3339.1,3738.3,2442.14,1296.16,3787.72,12823.55,850.02,11973.53,28133.56,14717.01,13662.02
179695.57,17405.96,4755.78,6373.47,3803.02,1820.08,653.61,41239.7,1583.72,1274.18,309.54,4102.77,2107.97,301.36,606.67,1086.77,2179.63,5441.08,287.09,5153.99,10354.33,2641.78,7712.55,9939.7,8058.55,710.62,1170.53,7895.91,1507.46,2735.13,3653.32,3550.18,2125.3,1424.89,3442.16,12507.59,740.06,11767.53,30187.75,14575.69,15289.38
165138.3,17264.13,5086.16,6286.54,3617.34,1702.36,571.74,38230.2,1397.81,1174.02,223.79,3930.88,2191.27,292.9,542.85,903.85,2114.72,5266.71,281.47,4985.25,9143.71,2278.25,6865.46,8036.0,6445.2,564.86,1025.93,6812.17,859.04,2663.71,3289.43,3503.57,2294.14,1209.43,3017.84,12066.69,759.93,11306.76,27157.58,14046.65,13149.63
177716.74,17768.85,5740.36,6189.2,3608.76,1642.59,587.94,42951.8,1313.12,1096.61,216.51,4310.28,2477.25,310.32,545.48,977.24,2257.34,5498.37,267.87,5230.5,10101.96,2635.12,7466.84,10283.51,8388.56,709.04,1185.91,7601.7,1077.93,3138.15,3385.62,3545.01,2210.05,1334.95,3146.0,12198.38,784.58,11413.81,27732.59,14800.97,14206.86
181566.12,18051.78,5880.11,6243.09,3691.32,1655.27,581.99,43195.5,1432.8,1188.61,244.19,4173.39,2253.39,313.64,585.97,1020.39,2475.95,5313.56,257.85,5055.71,10756.49,2709.92,8046.57,9210.0,7382.54,642.06,1185.4,8079.82,1324.2,3123.7,3631.92,3897.97,2415.93,1482.04,3394.28,14088.91,973.39,13115.52,27088.37,15408.34,14998.95
190564.47,16911.1,4786.27,6107.08,3791.51,1638.27,587.98,45284.19,1317.43,1110.01,207.42,3496.32,1785.79,246.12,551.11,913.31,2560.6,5808.26,248.18,5560.08,11018.71,2748.93,8269.79,8537.14,6911.63,591.38,1034.13,8824.78,1408.22,3971.75,3444.81,3664.41,2321.83,1342.58,3428.02,12653.51,833.9,11819.61,36351.03,15172.52,15536.45
166236.58,15853.9,4418.82,5872.65,3569.4,1473.03,520.0,40627.51,1566.02,1325.92,240.09,3284.1,1675.59,224.43,515.8,868.29,2445.19,5244.78,243.36,5001.42,9611.5,2322.54,7288.96,8340.96,6768.68,601.93,970.35,7471.25,1131.33,3224.07,3115.85,3211.54,1971.35,1240.19,3277.25,11004.41,706.73,10297.69,25762.86,13841.18,14694.13
189419.57,16917.32,4856.29,6049.1,3738.9,1729.31,543.73,45913.33,1229.7,1009.99,219.72,4106.48,2101.2,307.74,677.31,1020.24,2567.86,6428.46,330.73,6097.73,10836.6,2652.44,8184.16,12349.62,10254.88,918.45,1176.29,8159.94,1091.6,3697.08,3371.25,4000.22,2391.47,1608.75,3837.99,13024.61,762.22,12262.39,28326.58,16163.58,15557.28
184150.7,17159.31,5078.17,6060.24,3713.64,1729.16,578.09,44784.82,1223.93,1009.76,214.16,4082.25,2153.21,312.8,647.3,968.94,2394.87,6339.35,285.5,6053.85,10069.09,2475.31,7593.78,10664.94,8902.2,697.26,1065.47,8159.12,1099.25,3521.44,3538.43,3624.9,2324.87,1300.03,2929.66,12893.64,701.2,12192.44,29774.71,15106.43,14943.7
187709.97,17961.08,5182.55,6316.56,3989.26,1865.97,606.75,45643.18,1309.98,1057.19,252.79,4250.31,2246.54,331.56,659.45,1012.76,2399.8,6653.44,282.25,6371.19,10358.07,2509.47,7848.6,10393.36,8563.54,709.5,1120.33,8393.66,1253.35,3610.66,3529.66,3901.85,2571.66,1330.18,3566.2,13746.42,868.63,12877.79,28222.0,15850.97,15059.63
181694.22,16969.77,4447.17,5998.96,4022.25,1931.05,570.33,43291.1,1258.99,1021.1,237.89,4085.67,2144.8,315.16,641.06,984.65,2318.2,6283.37,266.45,6016.91,10148.05,2480.65,7667.4,9748.84,7888.0,764.5,1096.35,8295.65,1167.0,3595.35,3533.3,3655.73,2357.37,1298.36,3368.78,13082.09,736.94,12345.16,28862.36,15457.94,14867.66
200457.06,18157.41,4939.54,6478.36,4149.79,1976.37,613.35,47631.58,1196.67,978.94,217.73,3888.44,1997.87,314.58,626.37,949.62,2528.69,7783.37,272.3,7511.07,10616.97,2626.99,7989.98,9664.4,7949.59,595.3,1119.51,8668.53,1469.01,3644.05,3555.47,3849.03,2418.45,1430.58,3775.81,13699.09,744.51,12954.58,37291.71,16202.3,15503.05
185814.79,17221.28,4432.5,6114.15,4086.75,1984.36,603.52,45273.3,1185.13,976.57,208.56,3452.88,1640.65,268.54,627.92,915.77,2518.56,6290.05,259.67,6030.38,10419.2,2612.62,7806.58,9857.57,8115.25,621.01,1121.31,8036.6,1132.49,3249.41,3654.7,3955.04,2598.4,1356.64,3987.3,13628.56,915.8,12712.76,28700.8,16082.7,15205.8
183214.37,18237.25,4985.07,6564.94,4204.11,1896.57,586.57,44481.98,1843.67,1544.22,299.45,3794.69,1992.89,301.57,573.54,926.68,2343.63,5452.12,264.11,5188.01,9842.48,2265.37,7577.11,8973.12,7502.46,491.07,979.59,7091.0,1210.21,2613.04,3267.74,3643.93,2279.52,1364.41,3439.1,12814.57,764.4,12050.17,31074.66,14717.97,15464.19
197546.92,18280.03,5697.65,6168.57,3898.2,1930.89,584.72,48994.07,1272.33,1054.38,217.95,4342.86,2503.44,338.57,575.58,925.27,2384.76,5955.09,306.74,5648.35,10625.79,2449.25,8176.54,11041.23,9295.93,729.38,1015.92,7814.84,1028.66,3333.46,3452.73,3861.15,2524.88,1336.27,3327.63,13615.71,854.44,12761.26,34079.46,16733.0,15218.96
196271.52,18274.34,5466.84,6069.83,4337.87,1797.76,602.04,51163.35,1355.07,1135.16,219.91,4091.24,2305.71,319.99,538.91,926.63,2397.61,5775.75,241.66,5534.09,10710.02,2576.35,8133.68,11011.22,9179.43,750.03,1081.75,7788.0,981.37,3223.93,3582.69,3790.01,2410.65,1379.36,3336.28,13142.29,805.8,12336.48,31514.31,16232.29,15689.74
202978.57,19359.04,6166.86,6307.65,4410.65,1823.95,649.93,53588.59,1429.94,1212.6,217.34,4064.84,2222.85,345.04,596.02,900.93,2420.4,5570.22,256.66,5313.56,11416.47,2596.59,8819.88,11154.13,9357.11,728.44,1068.57,8242.53,1247.32,3389.87,3605.34,4096.49,2578.87,1517.62,3450.91,15132.12,1048.38,14083.74,30378.51,16874.55,15799.83
214644.8,18074.99,4832.54,6200.59,4510.14,1775.16,756.57,55119.99,1570.64,1314.5,256.14,3587.69,1810.05,286.88,601.38,889.39,2407.1,6380.37,269.21,6111.16,12237.88,2854.11,9383.77,10267.69,8677.66,593.38,996.66,8912.73,1488.69,3960.61,3463.43,3979.39,2472.71,1506.69,3691.83,13843.08,942.94,12900.14,41313.71,17062.93,16194.79
180916.89,15743.45,4294.74,5339.49,3907.31,1549.66,652.25,48049.64,1443.86,1215.05,228.81,3173.34,1598.86,250.49,556.07,767.91,2239.49,5708.26,252.08,5456.18,10343.92,2321.34,8022.58,9193.2,7793.8,545.95,853.44,7662.4,953.17,3482.81,3226.43,3637.8,2292.84,1344.96,3534.81,11850.8,796.71,11054.08,27550.54,15825.8,14959.57
205982.95,18244.32,5114.51,6071.45,4428.1,1844.31,785.96,55726.41,1288.31,1071.83,216.49,3894.47,1941.65,327.11,693.68,932.03,2412.29,6972.06,292.37,6679.69,11525.3,2608.61,8916.69,12367.55,10581.57,774.93,1011.05,8096.99,962.31,3657.74,3476.94,4233.77,2538.64,1695.13,4017.48,13877.48,819.96,13057.52,29210.98,18019.1,16096.43
206857.73,17898.06,4942.71,5922.85,4363.49,1893.76,775.25,56067.67,1286.54,1073.34,213.2,3785.14,1956.21,322.89,643.02,863.02,2333.93,6175.18,274.73,5900.45,11063.57,2652.0,8411.57,12384.72,10787.97,638.04,958.72,8432.51,983.91,3645.09,3803.52,3799.93,2395.5,1404.43,3098.55,13410.67,808.54,12602.13,33048.44,17499.49,16573.31
219406.04,19082.25,5336.32,6242.92,4613.99,2069.67,819.35,62531.24,1336.11,1090.64,245.47,3944.31,1978.53,350.51,695.93,919.33,2428.79,6965.72,246.07,6719.65,11416.54,2710.45,8706.09,12396.93,10632.99,697.43,1066.51,8597.62,1045.55,3653.18,3898.89,4033.04,2640.52,1392.51,3824.35,14381.29,880.63,13500.66,32200.34,18031.16,18236.35
210706.74,17993.36,4739.48,5807.25,4440.44,2112.31,893.87,60138.8,1285.07,1065.87,219.2,3864.04,1964.51,335.37,669.63,894.53,2250.16,5940.16,246.42,5693.74,11098.45,2614.19,8484.26,10994.16,9250.03,720.29,1023.84,8130.54,970.47,3410.95,3749.12,3975.4,2595.37,1380.03,3620.81,13889.56,812.54,13077.02,33050.72,17433.3,17042.2
230559.98,18714.04,4916.54,6029.55,4480.21,2179.46,1108.27,64515.61,1233.65,1013.05,220.59,3587.63,1785.97,310.24,632.63,858.79,2253.39,6306.74,259.82,6046.92,11590.33,2849.47,8740.86,10792.27,9071.28,701.98,1019.01,8909.15,1241.25,3758.37,3909.54,4072.69,2604.73,1467.96,4042.03,14212.94,811.27,13401.67,43981.69,18785.49,17562.34
216609.13,18333.43,4688.64,5919.97,4558.05,2119.0,1047.76,63542.11,1269.96,1055.74,214.22,3373.44,1563.3,279.23,648.19,882.72,2399.2,6156.81,262.72,5894.08,11652.39,2823.29,8829.1,9836.84,8028.47,690.59,1117.79,7896.06,888.26,2990.62,4017.18,4000.49,2586.13,1414.36,4369.63,14272.77,929.53,13343.24,33443.14,18184.23,17878.63
216626.01,18738.08,5055.32,6153.2,4356.79,2069.54,1103.23,64498.47,1706.19,1459.95,246.24,3438.06,1780.09,281.86,561.02,815.09,2160.52,5497.76,258.68,5239.08,10417.34,2467.57,7949.77,9706.98,8115.26,632.06,959.66,7342.16,913.57,2794.87,3633.72,3648.35,2279.99,1368.36,3627.33,12973.14,770.75,12202.39,37031.21,17721.49,18118.93
231291.66,17766.09,5352.91,5876.96,3874.01,2122.35,539.86,69139.59,1348.71,1129.63,219.08,3983.15,2134.76,330.16,622.68,895.55,2262.64,5694.96,287.84,5407.12,11838.65,2747.65,9091.0,12086.54,10343.52,665.25,1077.77,8093.53,871.4,3319.02,3903.11,3921.93,2548.22,1373.71,3596.87,14405.65,876.18,13529.47,39367.97,18990.19,18795.2
234782.13,18190.0,5660.64,5998.93,4018.99,1960.7,550.75,73311.91,1446.1,1226.27,219.83,3918.47,2115.82,348.12,581.73,872.8,2323.54,5980.26,251.73,5728.53,11751.25,2784.83,8966.42,13222.67,11377.3,730.43,1114.94,8278.16,873.21,3268.62,4136.33,3927.49,2519.27,1408.22,3621.33,13854.73,792.24,13062.49,36543.43,18652.63,19760.14
244408.58,18866.47,6212.61,6102.13,3916.64,2005.96,629.13,75840.06,1512.07,1303.86,208.22,3867.77,1999.24,343.45,630.95,894.12,2557.5,5907.04,272.28,5634.76,12196.22,2825.65,9370.57,14799.48,12898.15,807.11,1094.22,8888.36,1055.14,3622.99,4210.23,4216.3,2667.92,1548.38,3710.58,15935.04,1032.0,14903.04,36770.77,19674.82,19666.11
242025.39,17558.18,4850.81,6240.66,4052.73,1877.18,536.79,73650.49,1942.34,1688.48,253.86,3274.67,1574.95,274.88,572.89,851.95,2634.07,6169.49,243.51,5925.98,12533.51,2873.64,9659.88,9882.97,8464.35,440.61,978.01,8289.88,957.6,3422.7,3909.59,3928.27,2467.29,1460.98,3611.3,13562.8,883.51,12679.29,46301.67,19113.8,19571.96
214334.18,14449.81,3509.35,5020.95,3922.63,1809.13,187.76,73156.18,1297.83,1101.54,196.29,2800.4,1239.01,235.99,545.47,779.94,2454.11,5977.78,271.41,5706.37,11465.52,2510.56,8954.97,8613.3,7062.61,620.93,929.77,3822.93,104.04,609.17,3109.73,3150.66,1835.29,1315.36,3506.88,11347.57,615.35,10732.21,34700.85,18744.6,18845.73
219426.78,15070.61,3280.65,5493.35,4358.36,1890.0,48.26,77938.69,1446.78,1272.33,174.46,2501.01,1131.92,215.93,457.06,696.11,2348.62,6335.47,271.44,6064.03,10357.86,2224.07,8133.79,15583.03,13995.06,701.94,886.03,1486.34,39.57,-958.81,2405.58,2655.43,1457.4,1198.04,2306.59,10025.14,360.28,9664.86,32743.37,20888.76,17739.07
223025.86,15243.22,4030.82,5345.16,4001.88,1832.28,33.08,74406.96,1425.58,1234.89,190.7,2816.53,1356.94,243.48,496.45,719.66,2032.36,6181.47,275.21,5906.26,11186.11,2390.42,8795.69,17429.57,15706.04,748.23,975.3,2415.53,77.12,-378.33,2716.75,2921.79,1679.74,1242.05,2794.75,10778.71,359.94,10418.76,35154.58,20147.69,18091.0
231772.98,16842.2,5044.11,5781.24,4021.96,1936.24,58.65,76509.53,1593.81,1372.58,221.23,3556.21,1859.15,310.25,629.26,757.55,1951.41,7208.17,348.2,6859.96,11646.72,2475.94,9170.78,18464.93,16613.36,797.28,1054.29,3206.98,89.45,151.63,2965.9,3559.55,2264.26,1295.29,3396.22,12666.86,529.4,12137.46,32526.19,20236.94,18407.26
235554.49,16765.2,5050.37,5668.2,3914.83,2072.63,59.18,77243.23,1363.92,1179.63,184.29,3347.92,1768.7,296.64,554.01,728.57,1966.33,7477.0,319.37,7157.63,11621.1,2662.77,8958.33,20078.85,18092.66,950.08,1036.11,3514.04,93.83,213.57,3206.64,3340.61,2074.32,1266.29,3229.97,12108.39,596.3,11512.09,34694.36,20661.67,18141.9
252171.02,16224.5,4683.05,5453.82,3892.73,2125.91,68.98,78729.75,1392.44,1200.45,191.99,3155.21,1538.08,286.7,562.05,768.38,1972.02,6693.04,312.12,6380.92,12383.92,2911.17,9472.75,17804.04,16078.88,676.88,1048.29,3962.37,111.83,410.62,3439.92,3442.83,2118.91,1323.92,3544.13,12997.76,610.33,12387.43,48792.4,21543.83,19532.77
234774.58,16591.11,4467.6,5772.17,4203.3,2081.69,66.35,80098.67,1385.29,1205.38,179.91,2698.92,1256.85,251.3,504.21,686.56,1895.52,7427.63,313.59,7114.04,11458.63,2568.86,8889.77,13254.89,11575.98,664.07,1014.84,3541.76,103.86,238.89,3199.01,3129.21,1879.27,1249.94,3705.19,11822.52,719.23,11103.3,38859.84,20383.16,18522.24
245343.44,17442.88,4719.75,6138.6,4448.36,2080.32,55.85,84238.12,2059.34,1803.93,255.41,2785.75,1323.16,234.32,479.39,748.87,1779.04,6325.64,324.32,6001.32,11769.89,2395.29,9374.59,17017.03,15211.83,760.79,1044.4,2981.63,83.88,119.7,2778.04,2613.56,1384.33,1229.22,2854.87,9581.0,426.03,9154.98,43407.16,20696.93,19790.63
244484.73,16947.22,5349.44,5636.4,3880.53,2010.9,69.96,82083.32,1554.35,1365.01,189.33,3268.88,1826.38,284.24,479.06,679.19,1813.03,6101.17,307.02,5794.15,11175.7,2549.04,8626.66,16278.37,14605.95,696.74,975.69,3693.56,97.46,483.21,3112.88,3269.36,2067.51,1201.85,3193.8,11748.37,565.81,11182.57,42884.12,21036.48,19437.01
248446.69,17623.97,5685.53,5719.66,4160.03,1985.77,72.99,87546.13,1582.86,1405.5,177.36,3129.3,1715.45,272.35,467.94,673.54,1927.64,6666.84,302.84,6364.0,11514.59,2673.96,8840.63,17818.01,16104.32,736.33,977.36,3912.23,90.94,521.59,3299.7,3179.3,1973.52,1205.77,3268.42,11538.55,618.94,10919.61,38326.25,20820.73,19591.87
252923.81,16892.87,4783.09,5742.6,4315.05,1983.2,68.93,92612.93,1749.51,1568.68,180.82,2738.39,1297.79,245.52,509.77,685.32,2048.7,6286.09,286.12,5999.97,12539.56,2771.68,9767.88,17869.63,15944.5,855.07,1070.05,2800.15,83.95,81.68,2634.51,2350.28,1076.04,1274.24,2537.54,8137.77,532.08,7605.69,41900.79,22347.14,20112.47
251288.35,16309.4,4443.17,5513.87,4285.0,1907.07,160.29,90767.7,1734.39,1548.35,186.05,2472.6,1095.34,222.58,511.59,643.1,2279.66,7043.28,298.07,6745.21,12628.08,2867.86,9760.22,14965.21,13487.8,566.1,911.31,2831.17,81.02,303.27,2446.88,2425.99,1131.41,1294.58,3029.39,8504.13,435.92,8068.21,45025.76,20959.92,20311.65
235435.24,15579.92,4630.16,5285.67,3807.99,1727.58,128.51,83018.92,1852.75,1651.74,201.01,2565.23,1219.6,230.78,492.08,622.77,2357.44,6313.61,271.31,6042.3,11531.48,2564.42,8967.05,12926.21,11524.54,610.94,790.73,3089.99,74.04,396.03,2619.93,2763.19,1609.39,1153.81,3266.15,8926.16,566.15,8360.01,41713.64,19795.84,19734.71
263171.11,17400.62,5762.08,5486.67,3967.95,2066.33,117.59,93839.51,1510.54,1337.18,173.36,3271.74,1659.62,290.78,592.96,728.39,2519.87,7051.26,308.23,6743.02,12885.44,2983.94,9901.51,18481.92,16757.96,791.52,932.43,3809.0,91.87,613.87,3103.26,3669.81,2162.95,1506.85,3575.21,11233.37,651.55,10581.82,39668.59,23211.18,21043.06
257721.68,16892.3,5411.87,5357.15,3941.87,2048.58,132.82,90045.3,1555.66,1367.64,188.02,3264.02,1672.12,291.68,589.74,710.48,2316.83,6478.76,287.36,6191.4,12834.63,2989.59,9845.04,18006.46,16237.38,807.1,961.98,3954.36,91.97,615.82,3246.57,3418.16,2123.68,1294.48,3096.91,11225.45,586.1,10639.35,42187.4,21840.15,20605.28
266694.05,18200.59,5986.64,5805.55,4111.89,2140.4,156.11,96691.36,1660.12,1457.49,202.63,3387.94,1739.84,309.99,624.48,713.62,2273.84,7134.14,317.61,6816.52,12369.46,2810.45,9559.0,17171.61,14884.12,1346.71,940.77,4078.35,93.02,661.29,3324.04,3578.75,2284.79,1293.96,3749.44,12058.19,690.83,11367.37,41589.07,21855.85,20895.35
263699.39,17191.6,5326.05,5404.55,4062.98,2237.04,160.98,92391.7,1529.23,1348.49,180.74,3427.76,1781.63,309.16,596.41,740.55,2224.92,6910.61,296.33,6614.29,13077.16,3015.39,10061.77,17461.33,15413.51,1061.93,985.89,4362.04,100.95,861.33,3399.76,3520.47,2265.09,1255.38,3561.06,11754.07,733.41,11020.66,43214.9,22517.27,20555.28
280072.42,16989.8,4635.07,5639.38,4334.76,2260.99,119.6,97203.92,1528.03,1336.11,191.92,3022.18,1430.49,276.27,603.66,711.77,2309.12,7837.93,300.21,7537.72,13327.82,3153.02,10174.8,16143.49,14391.21,717.01,1035.28,3874.64,96.49,537.21,3240.94,3358.15,2023.5,1334.65,3842.68,10221.86,563.46,9658.4,55905.82,22930.81,21576.16
259331.73,17148.51,4776.63,5677.09,4350.03,2256.44,88.33,96197.85,1584.32,1409.45,174.88,2741.83,1258.5,254.65,579.42,649.27,2283.31,7083.58,326.98,6756.6,12570.01,2967.38,9602.63,13128.5,11100.06,1095.22,933.23,3630.81,97.13,483.89,3049.79,3228.58,1963.14,1265.44,4106.96,10096.34,664.59,9431.75,42871.98,22008.53,20650.61
264259.72,17589.41,5298.21,5689.54,4322.04,2215.41,64.2,95532.8,2242.07,1994.84,247.23,3056.06,1516.59,265.9,573.91,699.66,2137.18,6245.6,296.57,5949.04,12016.99,2705.77,9311.22,11636.65,9885.54,822.7,928.41,3850.65,94.08,614.23,3142.34,3269.18,1982.12,1287.07,3486.82,10314.77,575.82,9738.95,49182.93,21931.16,21767.45
274044.45,18161.56,6180.94,5575.96,4117.17,2216.57,70.92,100908.66,1656.98,1459.96,197.02,3684.21,2007.1,336.87,621.32,718.93,2285.02,6724.4,383.09,6341.31,13453.15,2982.23,10470.93,14670.45,12937.14,692.73,1040.58,4617.41,126.0,1009.15,3482.25,3667.3,2355.75,1311.55,3641.39,12214.31,663.06,11551.25,44118.9,22476.94,21763.76
279754.29,18659.77,6361.64,5721.02,4305.88,2188.11,83.11,105470.62,1730.57,1556.26,174.31,3450.85,1901.86,318.36,544.7,685.93,2469.05,6683.68,327.28,6356.4,13177.71,2958.98,10218.73,15497.73,13748.43,725.07,1024.24,5253.26,132.99,1304.74,3815.53,3622.9,2353.64,1269.26,3473.98,13351.39,798.04,12553.35,42190.93,22666.82,22055.04
286630.5,18382.36,6308.36,5621.02,4195.06,2190.33,67.59,106200.46,1842.17,1651.58,190.59,3418.57,1741.89,324.6,610.32,741.76,2619.95,6207.88,305.74,5902.14,14150.71,3121.22,11029.49,16105.29,14333.36,708.86,1063.07,4121.0,84.41,400.82,3635.77,3567.85,2165.87,1401.98,3553.61,12685.64,887.18,11798.46,46730.36,23865.09,23179.57
292573.67,18563.71,6041.25,5983.87,4362.64,2116.1,59.85,106498.83,2337.74,2121.61,216.13,3080.82,1498.17,292.39,598.65,691.61,2736.53,6816.61,315.75,6500.86,14655.47,3152.17,11503.31,11483.94,9915.06,593.76,975.11,4197.56,101.54,694.58,3401.43,3474.51,2084.7,1389.81,3618.18,11602.47,772.14,10830.34,57893.92,22223.05,23390.33
254887.51,15262.4,4888.12,4797.16,3629.34,1895.09,52.68,96730.84,1430.14,1307.23,122.91,2596.74,1276.76,247.0,505.97,567.01,2638.57,6116.81,277.78,5839.03,12751.01,2579.19,10171.83,12625.66,11201.27,663.6,760.8,3665.45,81.77,675.95,2907.72,2940.15,1801.67,1138.48,3329.27,9570.6,729.11,8841.49,42247.4,21096.03,21886.43
286743.69,17482.73,5570.15,5347.76,4199.77,2302.72,62.33,108579.08,1624.47,1474.36,150.11,3124.51,1624.83,289.62,584.49,625.58,2843.68,6624.12,286.42,6337.7,14927.34,2845.24,12082.09,13317.49,11431.56,972.08,913.85,4812.08,119.11,1517.47,3175.51,3837.75,2273.82,1563.93,3945.26,11639.82,741.78,10898.04,45122.81,24892.8,23969.74
285060.37,17843.31,6077.42,5351.59,4060.98,2267.3,86.01,104391.27,1683.72,1525.31,158.41,3506.21,1925.17,336.58,633.3,611.15,2825.6,6589.48,279.93,6309.55,13987.63,3014.32,10973.31,14316.39,12273.95,1033.85,1008.58,6269.88,156.8,2333.13,3779.94,3889.57,2565.87,1323.7,3419.22,13890.53,752.55,13137.97,45354.99,23167.53,23925.05
