날짜,광주_합계,광주_종합소매,광주_ 백화점,광주_ 대형마트/유통전문점,광주_ 슈퍼마켓,광주_ 편의점,광주_ 면세점,광주_전자상거래/통신판매,광주_식료품,광주_ 일반식료품,광주_ 건강보조식품,광주_의류/잡화,광주_ 의복/직물,광주_ 복식잡화,광주_ 시계/귀금속/안경,광주_ 화장품,광주_연료,광주_가구/가전,광주_ 가구,광주_ 가전제품/정보통신기기,광주_의료/보건,광주_ 종합병원,광주_ 일반병의원/기타의료기관,광주_자동차,광주_ 국산자동차신품,광주_ 기타운송수단,광주_ 자동차 부품 및 정비,광주_여행/교통,광주_ 여행사/자동차임대,광주_ 항공사,광주_ 대중교통,광주_오락/문화,광주_ 스포츠/오락/여가,광주_ 서적/문구,광주_교육,광주_숙박/음식,광주_ 숙박,광주_ 음식점,광주_공과금/개인 및 전문 서비스,광주_금융/보험,광주_기타
2012/11,7169.31,1645.37,708.06,609.92,287.69,39.7,0.0,5.33,153.37,139.41,13.96,469.87,333.52,30.79,41.12,64.44,965.55,203.89,29.6,174.3,670.01,169.62,500.4,875.62,680.36,22.46,172.79,6.32,3.95,0.0,2.36,371.02,314.34,56.68,284.54,923.15,30.46,892.69,150.97,0.06,444.24
2012/12,7686.41,1769.25,721.2,698.14,311.04,38.87,0.0,5.01,176.76,161.08,15.68,450.8,308.16,31.27,40.65,70.72,963.26,189.1,30.15,158.95,670.87,164.81,506.06,1161.68,955.84,19.12,186.73,5.98,3.61,0.0,2.37,355.87,290.27,65.6,257.0,1057.31,32.25,1025.05,153.49,0.07,469.97
2013/01,7027.38,1552.79,571.09,602.23,341.45,38.02,0.0,4.99,178.39,158.73,19.66,352.61,222.07,23.8,44.91,61.83,939.16,153.69,28.6,125.1,809.02,192.8,616.22,850.9,676.87,16.12,157.91,6.67,4.11,0.0,2.56,316.64,250.22,66.43,295.78,973.57,27.44,946.14,158.06,0.07,435.04
2013/02,6523.35,1461.17,494.69,618.3,311.73,36.44,0.0,4.19,197.6,179.03,18.56,355.27,235.66,20.45,41.04,58.13,860.41,154.37,28.24,126.13,700.06,165.19,534.87,895.84,742.24,16.21,137.4,7.28,4.81,0.0,2.48,267.41,212.66,54.75,265.31,810.64,23.33,787.31,144.65,0.12,399.01
2013/03,7419.1,1549.52,588.72,601.74,317.65,41.41,0.0,5.05,161.77,145.06,16.71,432.72,280.61,29.83,51.59,70.68,948.71,209.4,37.42,171.97,749.35,179.25,570.1,1080.33,901.74,20.63,157.96,7.58,4.39,0.0,3.2,397.43,288.06,109.37,279.3,950.25,28.8,921.45,167.16,0.1,480.41
2013/04,7392.61,1601.0,596.46,625.5,336.42,42.61,0.0,5.03,163.09,147.91,15.18,421.43,275.0,27.94,51.04,67.45,932.15,186.38,34.64,151.74,722.58,175.16,547.42,1163.06,989.23,19.76,154.07,7.85,3.98,0.0,3.87,360.74,284.93,75.81,254.62,952.18,29.5,922.68,162.72,0.05,459.72
2013/05,7732.7,1667.74,599.8,665.6,355.84,46.5,0.0,4.97,181.32,160.9,20.42,494.75,333.14,31.51,56.81,73.29,929.14,224.48,35.45,189.03,733.76,177.47,556.29,1218.6,1020.98,23.87,173.75,8.41,4.2,0.0,4.22,365.33,302.68,62.66,257.91,989.8,31.34,958.45,169.89,0.1,486.52
2013/06,6776.64,1488.76,478.07,603.98,362.45,44.26,0.0,4.81,164.86,149.49,15.37,386.62,241.61,29.44,49.65,65.91,893.4,222.07,35.53,186.54,703.89,167.28,536.61,805.34,614.24,21.95,169.15,8.16,3.9,0.0,4.27,295.65,238.68,56.97,251.39,931.11,27.96,903.15,162.42,0.06,458.1
2013/07,7297.85,1647.78,482.93,721.38,393.86,49.62,0.0,4.95,166.35,150.91,15.44,377.16,226.07,29.12,52.66,69.32,956.49,258.59,38.36,220.23,768.75,185.83,582.92,861.46,656.97,24.4,180.08,8.32,3.86,0.0,4.47,307.51,241.05,66.46,270.39,1040.15,28.65,1011.51,172.48,0.2,457.27
2013/08,7224.52,1478.68,379.14,660.11,390.98,48.45,0.0,5.09,178.66,163.02,15.64,301.36,166.11,22.8,52.18,60.27,990.67,239.41,32.7,206.7,791.66,184.56,607.1,1065.76,861.46,22.13,182.17,8.85,3.97,0.0,4.88,263.55,203.36,60.18,266.58,1019.18,28.64,990.55,165.98,0.14,448.95
2013/09,6970.23,1730.68,529.51,750.79,399.92,50.47,0.0,4.69,241.47,217.49,23.99,416.2,278.86,27.75,47.15,62.45,917.8,165.04,35.59,129.44,682.25,156.72,525.53,699.96,525.16,21.58,153.23,8.27,3.62,0.0,4.65,310.53,248.24,62.29,244.38,925.51,26.65,898.86,160.41,0.25,462.8
2013/10,7624.85,1595.91,575.53,613.69,355.86,50.82,0.0,5.59,166.71,151.98,14.74,464.17,315.8,31.13,48.05,69.19,947.1,194.46,45.07,149.38,773.58,176.63,596.95,1178.75,980.8,21.06,176.89,11.71,5.98,0.0,5.73,365.0,307.94,57.06,253.04,1005.4,30.47,974.93,172.08,0.37,490.99
2013/11,7450.25,1646.04,638.68,633.69,327.19,46.48,0.0,5.51,164.34,151.86,12.48,486.45,346.05,30.81,43.17,66.42,931.88,203.64,38.14,165.5,733.52,168.06,565.46,1026.87,825.11,19.15,182.61,9.81,3.94,0.0,5.86,364.87,311.12,53.75,255.26,959.29,30.02,929.28,163.69,0.21,498.86
2013/12,8122.87,1793.22,677.78,706.16,360.61,48.67,0.0,5.96,190.64,175.96,14.67,469.39,320.83,31.73,45.81,71.02,954.04,208.01,39.19,168.81,769.98,178.77,591.21,1263.36,1063.11,18.8,181.45,8.85,3.44,0.0,5.41,364.82,299.44,65.38,262.41,1139.52,33.35,1106.16,176.64,0.26,515.78
2014/01,7348.26,1579.67,497.19,647.86,390.88,43.74,0.0,5.68,251.06,227.66,23.4,362.32,221.76,23.55,48.89,68.12,909.03,171.15,38.39,132.76,830.61,182.17,648.44,1056.03,880.36,16.51,159.17,8.48,4.02,0.0,4.46,294.02,229.3,64.72,284.65,972.35,24.79,947.56,170.64,0.19,452.37
2014/02,6681.75,1344.64,425.77,558.32,313.88,42.9,3.76,95.68,157.55,143.29,14.26,369.71,237.26,21.93,47.38,63.15,811.38,168.7,37.84,130.86,770.19,175.74,594.45,879.19,732.32,17.42,129.45,17.66,4.42,3.94,9.3,269.94,212.44,57.5,266.84,886.07,25.91,860.16,186.69,29.45,428.04
2014/03,7499.02,1614.86,566.25,638.97,361.19,48.44,0.0,6.04,184.78,166.51,18.27,430.34,277.26,28.39,55.63,69.06,898.82,220.66,48.66,171.99,773.23,177.19,596.04,1016.18,838.33,23.59,154.25,9.64,4.49,0.0,5.15,377.88,268.05,109.83,271.15,1022.38,28.0,994.37,178.31,0.36,494.4
2014/04,7181.61,1492.7,508.01,569.0,365.16,50.53,0.0,5.77,179.21,162.24,16.97,443.72,291.44,29.43,53.46,69.39,862.38,184.45,38.8,145.66,745.43,176.27,569.16,1026.08,837.99,24.32,163.78,10.45,5.54,0.01,4.9,329.61,267.27,62.35,246.44,977.29,27.33,949.97,178.35,0.4,499.31
2014/05,7461.63,1595.12,518.48,639.69,383.57,53.38,0.0,5.69,202.02,181.96,20.06,469.41,306.52,30.36,57.23,75.29,898.49,222.02,43.22,178.8,744.04,172.3,571.73,956.09,761.85,24.48,169.75,13.67,7.47,0.0,6.2,330.16,272.09,58.07,256.55,1059.43,28.7,1030.73,180.08,0.29,528.58
2014/06,7171.02,1557.05,472.46,631.83,398.17,54.59,0.0,5.64,181.86,167.83,14.04,398.31,246.82,29.77,54.43,67.3,862.32,238.48,45.28,193.2,712.45,165.68,546.77,960.22,767.98,27.17,165.07,10.12,4.34,0.0,5.79,287.26,233.8,53.46,248.55,1030.17,27.42,1002.75,167.22,0.48,510.89
2014/07,7697.0,1511.69,413.73,638.12,402.73,57.11,0.0,6.07,183.48,167.77,15.72,379.29,222.45,28.43,56.64,71.77,901.72,263.9,43.26,220.64,835.96,192.91,643.04,1218.83,1011.69,25.23,181.91,15.56,4.64,0.0,10.92,297.82,230.91,66.91,280.88,1096.76,27.12,1069.63,177.16,0.39,527.5
2014/08,7306.33,1449.81,364.29,626.4,404.49,54.63,0.0,6.08,210.23,190.53,19.71,338.05,189.99,23.97,57.13,66.96,894.95,210.0,44.24,165.76,835.33,187.8,647.53,994.8,791.52,24.39,178.88,17.02,5.45,0.0,11.57,275.93,214.52,61.41,276.18,1104.14,28.87,1075.27,169.16,0.29,524.35
2014/09,7381.72,1655.23,492.86,686.8,413.51,62.05,0.0,4.93,245.27,223.26,22.02,419.98,276.97,27.48,49.87,65.66,848.1,186.58,40.17,146.42,753.43,166.93,586.5,986.15,795.8,23.91,166.44,15.95,5.49,0.0,10.47,313.31,245.03,68.29,254.66,1013.38,26.23,987.14,161.69,0.29,522.77
2014/10,7475.77,1567.04,498.95,617.76,377.31,59.47,13.55,41.32,200.21,184.28,15.93,471.28,316.44,30.74,49.22,74.88,841.63,221.26,48.09,173.16,808.64,178.05,630.59,819.37,618.08,24.21,177.08,31.95,8.09,7.01,16.84,348.85,289.95,58.89,247.09,1090.5,38.56,1051.95,189.21,15.84,581.58
2014/11,7509.72,1584.42,571.05,610.12,348.71,54.54,0.0,5.38,193.78,178.53,15.25,470.07,325.65,28.95,44.35,71.12,824.74,222.01,42.6,179.41,790.99,174.64,616.35,1055.06,851.4,21.49,182.17,16.03,4.03,0.0,11.99,328.74,274.59,54.15,255.95,1039.83,29.05,1010.78,168.47,0.32,553.91
2014/12,8266.63,1799.47,619.56,710.61,399.52,66.24,3.54,119.84,216.87,200.41,16.46,453.42,302.16,29.87,46.61,74.78,819.4,226.29,41.12,185.17,814.14,180.67,633.47,1109.58,888.63,21.74,199.21,30.7,6.86,5.14,18.7,348.69,275.34,73.35,267.42,1216.41,34.02,1182.38,212.77,34.14,597.48
2015/01,7106.8,1476.91,447.47,583.84,394.71,50.9,0.0,5.97,205.73,190.47,15.26,359.92,215.05,22.52,53.87,68.48,727.84,192.39,47.39,144.99,918.02,191.71,726.31,803.85,616.02,21.33,166.5,16.47,4.52,0.0,11.95,290.66,223.42,67.24,292.34,1110.19,26.27,1083.92,181.39,0.43,524.71
2015/02,6554.62,1544.57,444.75,647.06,400.27,52.49,0.0,5.95,266.47,243.97,22.49,338.96,203.41,19.57,48.87,67.11,658.99,188.44,49.73,138.71,798.66,172.56,626.1,611.27,448.75,20.47,142.05,13.87,3.77,0.0,10.11,249.0,193.16,55.84,258.03,947.43,23.03,924.4,172.5,0.38,500.09
2015/03,7626.0,1625.3,526.76,637.32,395.1,66.12,0.0,7.24,194.13,177.31,16.83,454.5,287.38,28.92,63.27,74.92,788.37,250.51,63.81,186.7,847.52,187.34,660.18,878.65,677.06,31.01,170.58,14.54,4.46,0.0,10.08,384.11,268.55,115.56,281.52,1118.01,29.07,1088.95,201.2,0.44,579.94
2015/04,7100.62,1561.85,499.1,582.38,408.92,71.44,0.0,6.62,199.14,182.89,16.25,431.98,272.94,28.04,57.54,73.46,712.61,195.98,51.05,144.94,838.96,182.81,656.15,766.53,560.93,28.25,177.36,17.43,4.42,0.0,13.01,327.43,261.14,66.29,249.59,1064.56,28.59,1035.98,194.06,0.58,533.3
2015/05,7433.18,1732.51,540.9,665.67,447.4,78.53,0.0,6.49,224.09,205.15,18.94,490.93,309.48,32.31,67.83,81.31,760.11,222.4,51.93,170.47,837.55,182.02,655.53,588.83,366.74,29.07,193.03,17.65,5.7,0.0,11.95,356.47,292.92,63.55,262.51,1172.45,30.72,1141.73,202.32,0.46,558.4
2015/06,6937.37,1606.44,445.68,603.5,472.34,84.92,0.0,7.04,208.02,190.88,17.14,396.15,234.73,29.49,58.09,73.85,717.82,208.9,44.88,164.02,782.69,160.15,622.54,633.05,418.88,30.61,183.56,15.56,3.53,0.0,12.03,294.82,237.96,56.87,260.39,1095.96,27.79,1068.17,196.18,0.66,513.68
2015/07,7279.41,1538.87,349.71,641.52,460.16,87.48,0.0,7.06,208.27,190.83,17.44,388.49,223.12,28.4,60.9,76.07,750.25,265.54,48.55,216.99,882.91,181.11,701.8,727.76,495.78,29.31,202.67,17.91,4.44,0.0,13.46,307.45,237.35,70.1,278.89,1170.3,28.86,1141.44,212.11,0.82,522.79
2015/08,7355.98,1645.03,426.11,665.5,466.62,86.8,0.01,8.21,212.89,197.79,15.1,342.88,184.61,24.7,63.23,70.35,757.07,251.45,55.87,195.58,897.42,188.75,708.67,744.65,522.4,27.71,194.55,37.81,4.88,21.19,11.73,282.05,219.35,62.7,278.87,1184.29,30.19,1154.1,198.55,0.41,514.37
2015/09,7443.07,1757.05,496.49,685.97,484.58,90.01,0.0,6.74,293.5,263.83,29.67,399.88,250.87,26.83,51.19,70.99,702.31,196.73,48.24,148.49,838.84,174.62,664.23,872.96,668.35,25.74,178.88,37.36,4.74,19.98,12.65,308.94,239.14,69.8,249.83,1058.2,26.24,1031.96,193.4,0.52,526.8
2015/10,8176.99,1756.44,614.55,626.35,423.19,92.35,0.0,7.54,195.08,177.3,17.78,484.81,320.83,29.99,55.81,78.18,719.76,218.99,52.31,166.68,903.75,184.4,719.35,1318.16,1092.22,28.26,197.68,41.44,6.08,21.62,13.74,356.76,298.17,58.59,269.13,1128.01,29.41,1098.59,210.04,0.61,566.49
2015/11,8098.19,1811.83,662.69,655.19,407.81,86.14,0.0,7.1,188.56,174.54,14.03,473.9,324.27,29.14,49.48,71.01,702.53,233.87,48.66,185.21,852.11,170.18,681.93,1314.32,1094.82,28.21,191.29,37.52,4.68,20.18,12.65,338.16,282.77,55.39,259.66,1121.39,28.72,1092.66,200.97,0.44,555.85
2015/12,8851.61,1802.46,605.09,671.56,435.65,90.16,0.0,7.77,229.0,211.61,17.39,455.48,296.81,28.39,53.35,76.93,712.85,231.29,47.36,183.93,947.72,193.84,753.88,1729.03,1482.85,31.93,214.25,42.57,5.38,23.13,14.06,345.08,272.03,73.05,276.95,1278.46,31.21,1247.25,207.72,0.56,584.67
2016/01,7072.5,1494.62,432.34,578.6,417.61,66.06,0.0,8.05,221.66,202.7,18.96,335.06,196.25,19.17,51.2,68.44,637.71,183.13,45.51,137.62,968.36,188.57,779.79,948.35,743.9,20.92,183.53,37.25,5.05,19.4,12.8,259.02,198.1,60.91,288.23,1010.78,24.63,986.15,179.47,0.45,500.36
2016/02,6822.17,1603.56,474.73,652.36,407.44,69.04,0.0,7.1,252.83,229.27,23.56,319.44,191.73,16.71,48.83,62.17,631.84,191.37,49.22,142.15,860.43,174.01,686.43,823.95,646.84,19.97,157.14,48.01,3.89,31.93,12.19,242.39,185.17,57.22,264.68,924.6,22.07,902.53,170.94,0.43,480.6
2016/03,7478.95,1583.4,512.65,596.36,400.1,74.3,0.0,7.9,198.95,179.49,19.46,411.11,255.74,23.4,58.35,73.63,648.71,227.25,57.81,169.43,937.68,192.24,745.44,1059.04,843.56,30.18,185.3,43.62,5.23,25.89,12.49,346.98,241.53,105.45,282.14,997.89,25.1,972.79,197.21,0.98,536.09
2016/04,7033.35,1538.4,502.14,565.93,394.96,75.37,0.0,7.5,197.16,179.53,17.63,421.9,265.09,25.71,56.86,74.24,604.7,206.08,59.22,146.86,878.8,180.79,698.01,882.88,665.33,31.22,186.33,43.69,5.29,24.16,14.24,303.6,243.5,60.09,251.74,976.76,25.08,951.68,187.23,0.86,532.05
2016/05,7443.36,1693.26,535.28,637.22,434.5,86.27,0.0,7.32,214.32,193.61,20.72,452.47,284.2,28.61,62.09,77.56,681.58,242.06,64.96,177.1,868.39,184.78,683.6,858.86,635.17,29.21,194.49,17.92,5.23,0.0,12.69,324.97,266.67,58.29,263.36,1092.36,27.28,1065.08,195.44,0.8,530.25
2016/06,7070.1,1502.98,407.12,578.94,431.11,85.82,0.0,6.28,200.18,183.69,16.49,398.91,241.27,27.43,56.77,73.44,656.85,229.85,57.37,172.48,878.2,186.53,691.67,923.39,697.63,30.62,195.14,18.76,4.84,0.0,13.92,277.37,223.43,53.95,263.61,1030.38,24.95,1005.43,189.73,0.75,492.83
2016/07,7219.59,1522.5,391.25,603.76,439.04,88.46,0.0,6.35,192.6,175.73,16.87,369.55,209.34,26.38,56.91,76.92,687.36,316.07,55.14,260.93,939.11,198.97,740.14,779.23,534.44,30.81,213.98,20.78,5.97,0.0,14.81,278.43,215.3,63.13,280.04,1096.54,25.18,1071.36,203.62,0.95,526.44
2016/08,7299.13,1594.81,383.96,650.73,460.92,99.2,0.0,7.17,200.56,182.9,17.66,324.33,173.13,22.87,59.12,69.21,689.99,286.01,57.39,228.62,956.18,199.32,756.87,824.66,592.48,30.84,201.33,20.19,4.87,0.0,15.33,267.94,207.36,60.58,291.89,1139.34,30.03,1109.31,194.06,0.6,501.39
2016/09,6891.94,1623.67,438.67,642.01,448.14,94.85,0.0,6.21,264.16,233.42,30.74,365.95,219.44,23.47,49.74,73.29,631.2,210.55,57.79,152.77,864.89,176.9,687.98,667.91,458.11,28.08,181.72,23.35,5.4,0.0,17.95,274.32,215.15,59.17,266.66,980.71,23.62,957.09,184.57,0.71,527.08
2016/10,7296.88,1690.7,548.54,619.15,427.05,95.96,0.0,5.33,209.09,190.9,18.19,426.34,278.0,26.38,51.33,70.62,648.88,226.61,63.7,162.91,922.36,183.05,739.32,726.58,498.92,34.93,192.73,22.83,5.96,0.0,16.86,320.96,265.49,55.47,261.66,1073.28,27.14,1046.14,193.5,0.97,567.78
2016/11,7317.85,1628.96,544.34,604.06,391.57,89.01,0.0,5.34,196.07,178.84,17.23,447.95,298.5,26.65,47.12,75.69,671.89,209.86,53.86,156.01,951.73,190.14,761.59,826.61,596.56,27.76,202.29,24.1,5.04,0.0,19.06,301.97,249.79,52.18,269.23,1028.15,25.98,1002.16,188.23,1.12,566.65
2016/12,7777.67,1624.74,512.79,607.65,414.09,90.21,0.0,5.73,226.02,208.69,17.34,417.33,266.53,25.56,50.74,74.49,717.67,212.4,50.79,161.61,1038.57,204.53,834.04,988.9,732.23,31.34,225.33,26.13,5.86,0.0,20.26,296.95,231.24,65.71,276.24,1162.92,27.05,1135.87,196.95,1.04,586.08
2017/01,7292.53,1647.92,437.39,673.11,451.93,85.49,0.0,5.96,288.87,264.65,24.22,344.34,207.1,19.69,50.56,66.99,681.68,188.17,48.08,140.09,998.11,193.2,804.91,807.55,599.14,23.9,184.51,22.86,5.51,0.0,17.35,249.91,191.58,58.33,270.66,1062.77,23.59,1039.18,199.23,0.94,523.56
2017/02,6714.38,1315.45,385.75,499.75,351.1,78.85,0.0,5.76,169.84,153.97,15.87,317.89,179.39,18.35,54.33,65.82,685.42,216.08,59.45,156.63,979.59,178.72,800.87,807.53,621.93,23.41,162.19,21.09,5.29,0.0,15.81,239.4,183.96,55.43,302.05,971.06,23.31,947.75,193.87,0.85,488.5
2017/03,7894.7,1603.88,471.02,609.53,427.15,96.18,0.0,6.37,212.55,194.81,17.74,415.31,248.7,25.57,64.15,76.89,771.64,244.21,62.68,181.53,1052.94,198.37,854.57,1034.97,808.6,33.84,192.53,23.5,5.27,0.0,18.22,349.0,247.04,101.96,299.44,1090.1,25.03,1065.08,217.53,1.39,571.87
2017/04,7433.38,1520.71,435.62,565.85,423.85,95.39,0.0,5.3,213.31,194.45,18.86,423.39,260.38,25.39,62.9,74.72,737.71,236.99,54.96,182.03,1043.57,197.04,846.53,820.36,588.22,36.75,195.39,25.79,5.5,0.0,20.29,312.95,253.38,59.57,270.05,1060.04,26.28,1033.75,209.15,1.39,552.69
2017/05,7851.17,1772.25,520.2,672.78,469.9,109.37,0.0,5.99,235.9,215.25,20.65,443.91,272.27,28.5,67.65,75.49,747.34,265.99,53.08,212.91,1031.82,194.63,837.2,757.47,526.81,31.84,198.82,23.53,5.79,0.0,17.74,335.3,275.59,59.71,275.73,1174.86,28.72,1146.14,218.76,1.06,561.28
2017/06,7370.5,1538.89,387.42,585.64,454.76,111.05,0.02,6.11,216.65,200.07,16.57,382.44,220.76,25.49,61.9,74.29,701.9,234.28,49.37,184.92,1031.04,200.17,830.87,814.71,579.83,35.49,199.39,27.56,5.48,0.0,22.07,282.82,231.3,51.52,277.66,1100.03,26.32,1073.71,215.27,1.01,540.14
2017/07,7835.4,1661.7,396.97,669.71,479.68,115.34,0.0,6.31,213.96,196.26,17.7,374.6,215.63,26.15,60.86,71.96,737.1,356.96,54.39,302.58,1080.75,203.16,877.59,802.63,555.81,31.09,215.73,26.11,7.29,0.0,18.82,281.96,222.47,59.49,292.36,1205.74,28.45,1177.3,231.35,1.25,562.62
2017/08,7652.57,1579.99,349.22,626.9,484.42,119.45,0.0,7.02,230.64,212.41,18.23,319.97,166.23,20.81,63.09,69.84,742.67,272.2,56.02,216.18,1119.89,218.06,901.83,788.77,545.64,32.44,210.69,25.53,6.02,0.0,19.5,272.97,211.62,61.35,320.97,1216.32,29.89,1186.43,216.64,0.94,538.06
2017/09,7888.88,1677.55,445.46,635.55,471.84,124.71,0.0,5.32,287.62,258.11,29.51,399.23,240.66,25.65,56.43,76.48,737.54,221.53,57.84,163.69,1073.12,205.28,867.84,928.09,678.62,36.67,212.81,33.6,10.08,0.0,23.51,291.91,230.76,61.15,293.04,1134.23,27.28,1106.95,219.4,1.19,585.51
2017/10,7601.77,1764.75,504.8,662.79,474.48,122.67,0.0,5.74,258.22,239.5,18.72,405.04,262.49,24.48,52.95,65.11,725.78,230.79,54.26,176.54,966.19,180.88,785.31,740.71,524.65,27.75,188.31,25.55,6.4,0.0,19.16,304.07,256.33,47.74,262.42,1136.92,29.52,1107.4,211.53,1.18,562.87
2017/11,8060.51,1721.14,557.69,615.52,431.81,116.13,0.0,5.43,214.74,197.77,16.98,458.85,307.36,26.76,50.78,73.95,758.22,245.28,51.79,193.49,1067.33,205.34,861.99,1035.95,785.59,30.16,220.2,27.15,6.1,0.0,21.05,314.46,265.55,48.9,280.33,1110.58,27.92,1082.67,216.32,1.23,603.48
2017/12,8558.21,1737.49,531.99,627.96,460.35,117.2,0.0,6.48,259.41,241.33,18.08,424.67,265.79,28.91,57.43,72.53,800.96,240.96,52.09,188.87,1143.71,216.57,927.15,1183.64,920.26,31.06,232.32,28.28,7.12,0.0,21.16,308.21,241.91,66.3,295.93,1287.75,30.59,1257.16,220.2,1.2,619.3
2018/01,7773.4,1630.74,417.98,608.19,488.0,116.57,0.0,7.01,232.68,216.63,16.05,324.38,184.5,19.48,57.6,62.8,754.73,229.25,53.75,175.5,1176.88,217.31,959.57,839.86,632.09,21.66,186.11,25.03,7.27,0.0,17.76,258.75,202.18,56.57,316.38,1194.39,26.4,1168.0,237.41,1.33,544.56
2018/02,7248.77,1574.55,394.23,607.09,466.59,106.64,0.0,5.4,305.25,277.46,27.79,304.19,176.38,17.48,52.46,57.87,728.34,212.07,47.48,164.59,1044.96,188.8,856.17,766.54,569.12,25.45,171.97,26.2,6.61,0.0,19.59,231.56,180.78,50.78,299.62,1026.33,23.09,1003.24,200.83,1.39,521.55
2018/03,8173.31,1618.89,448.53,593.61,452.58,124.17,0.0,7.17,225.56,206.98,18.58,415.64,254.0,25.54,65.84,70.26,808.08,270.74,62.94,207.8,1126.67,214.36,912.31,957.29,709.77,36.72,210.8,25.94,7.13,0.0,18.81,349.23,248.73,100.5,318.19,1193.62,26.27,1167.35,241.8,2.17,612.32
2018/04,7874.51,1664.47,472.9,599.19,466.36,126.02,0.0,6.49,228.02,211.53,16.48,408.16,252.53,25.47,64.45,65.71,780.94,266.04,55.9,210.14,1055.87,196.39,859.48,828.01,588.59,36.47,202.94,26.69,6.32,0.0,20.37,306.73,250.29,56.44,276.97,1187.93,27.24,1160.69,235.56,1.64,601.0
2018/05,8265.0,1743.61,480.47,635.59,489.67,137.88,0.0,6.81,254.46,231.39,23.06,428.27,262.44,27.05,65.76,73.01,805.74,283.5,57.35,226.15,1085.73,209.79,875.94,863.21,609.45,32.16,221.6,26.57,7.16,0.0,19.41,325.28,267.48,57.79,284.83,1286.9,28.93,1257.97,236.5,1.81,631.78
2018/06,7844.83,1611.63,395.44,582.32,493.92,139.95,0.0,6.88,234.35,216.42,17.94,383.28,224.98,25.71,63.39,69.2,802.28,264.38,53.1,211.28,1063.92,204.55,859.36,843.6,589.52,32.77,221.3,27.63,5.54,0.0,22.09,280.02,228.99,51.03,292.16,1214.88,25.87,1189.01,227.48,1.59,590.75
2018/07,8348.63,1740.34,417.06,666.57,512.17,144.53,0.0,6.88,234.11,214.56,19.55,363.07,208.59,24.35,63.93,66.21,854.92,366.9,55.97,310.93,1135.89,216.99,918.9,874.27,602.25,34.06,237.95,26.78,7.8,0.0,18.98,272.5,214.65,57.86,302.87,1322.55,29.37,1293.17,250.21,1.83,595.52
2018/08,8161.94,1634.17,358.52,612.43,519.63,143.59,0.0,8.15,252.62,234.16,18.46,305.05,157.05,20.93,62.47,64.6,844.93,271.85,54.72,217.14,1145.45,226.53,918.92,953.46,683.61,34.72,235.13,27.7,7.53,0.0,20.18,259.38,201.92,57.46,329.29,1310.63,29.76,1280.87,228.69,1.41,589.17
2018/09,8333.9,1873.02,487.11,693.84,548.58,143.49,0.0,6.91,376.07,339.52,36.55,377.51,229.42,24.84,58.69,64.56,823.1,228.67,56.22,172.45,1034.51,194.76,839.75,944.59,699.47,31.7,213.42,26.67,6.89,0.04,19.74,290.95,229.32,61.63,289.81,1211.77,26.77,1185.0,232.04,1.54,616.75
2018/10,8374.7,1788.36,560.26,618.8,465.21,144.08,0.0,8.13,236.82,216.95,19.88,446.06,297.48,26.39,57.66,64.53,838.09,260.15,65.81,194.34,1089.38,201.18,888.2,939.43,674.82,39.55,225.06,26.91,7.31,0.0,19.6,322.11,272.17,49.94,287.28,1249.48,29.11,1220.37,244.49,1.75,636.26
2018/11,8333.61,1753.55,548.42,611.12,459.15,134.85,0.0,8.39,240.67,222.68,17.99,431.57,286.88,24.86,52.92,66.92,816.27,259.47,56.57,202.9,1117.76,214.43,903.33,964.58,695.71,33.3,235.57,26.17,6.99,0.0,19.18,303.45,254.96,48.49,292.74,1215.92,29.36,1186.56,236.71,1.78,664.57
2018/12,8654.72,1853.51,569.9,655.39,491.68,136.54,0.0,10.29,279.98,262.83,17.15,409.09,261.79,26.19,56.33,64.79,779.34,259.99,53.51,206.48,1172.05,221.86,950.19,915.94,631.94,35.35,248.65,25.86,8.16,0.0,17.71,310.48,245.79,64.69,299.48,1396.1,32.0,1364.1,250.12,1.68,690.81
2019/01,8212.6,1702.04,448.46,614.36,506.45,132.66,0.1,17.83,308.22,279.27,28.94,337.39,189.08,20.57,59.53,68.21,719.76,243.38,56.82,186.56,1289.29,239.88,1049.4,779.68,537.07,28.08,214.53,27.37,10.07,0.23,17.07,274.12,214.49,59.63,339.57,1281.77,26.08,1255.69,280.68,2.67,608.85
2019/02,7375.36,1530.83,407.35,551.42,454.01,118.04,0.0,12.2,283.63,258.66,24.97,308.02,172.89,17.97,55.24,61.92,655.55,237.97,58.62,179.35,1073.81,192.39,881.42,793.67,587.29,31.04,175.34,13.54,6.18,0.0,7.36,248.53,198.51,50.02,313.29,1119.96,22.96,1097.0,231.03,1.57,551.76
2019/03,8568.8,1717.97,504.79,596.89,477.61,138.68,0.0,15.56,250.47,227.0,23.46,408.82,245.29,24.0,64.95,74.58,741.85,293.29,67.8,225.49,1210.67,223.35,987.32,1019.25,761.01,34.88,223.35,9.81,6.94,0.0,2.88,354.92,249.16,105.76,332.69,1287.69,27.13,1260.56,281.69,1.97,642.15
2019/04,8105.83,1666.55,467.28,584.06,475.26,139.95,0.0,13.11,251.54,226.52,25.02,377.75,222.81,23.42,61.12,70.39,730.89,251.41,57.82,193.59,1161.75,216.33,945.42,972.33,728.01,36.86,207.46,8.77,5.93,0.0,2.84,297.8,241.11,56.68,288.75,1226.6,28.03,1198.57,264.85,1.65,592.11
2019/05,8560.36,1803.17,513.0,631.41,506.82,151.95,0.0,13.25,270.85,244.71,26.14,418.08,252.64,26.3,67.77,71.38,786.63,301.75,59.61,242.14,1193.99,223.27,970.73,874.24,599.68,35.75,238.81,10.23,7.24,0.0,2.99,320.38,264.25,56.13,305.26,1339.29,28.83,1310.46,273.93,1.77,647.53
2019/06,8035.0,1639.7,425.97,562.31,500.29,151.12,0.0,9.88,256.41,232.91,23.49,373.53,219.94,24.08,61.2,68.3,769.83,279.22,58.91,220.32,1165.76,212.83,952.92,761.48,496.78,37.13,227.57,10.5,7.56,0.0,2.94,284.8,232.45,52.35,314.4,1294.12,28.27,1265.85,265.77,1.84,607.78
2019/07,8559.63,1699.16,425.61,606.95,507.89,158.72,0.0,10.3,244.28,221.29,23.0,353.5,204.76,23.12,61.78,63.84,766.49,292.37,61.72,230.65,1218.17,228.54,989.63,1110.99,855.1,29.11,226.78,11.31,8.25,0.0,3.07,277.12,222.1,55.03,315.85,1344.81,29.95,1314.86,294.39,2.06,618.83
2019/08,9008.23,1658.57,396.11,586.31,520.58,155.58,0.0,9.61,266.04,240.97,25.07,320.9,173.56,20.34,63.76,63.25,797.75,287.77,61.89,225.88,1276.03,242.47,1033.57,1463.28,1189.68,33.49,240.12,10.77,7.68,0.0,3.08,263.57,207.87,55.7,345.7,1363.03,29.51,1333.52,287.23,1.59,656.37
2019/09,8707.5,1872.13,521.76,667.46,528.61,154.3,0.0,9.43,355.59,319.56,36.03,357.32,222.13,20.99,55.34,58.86,728.05,253.31,61.91,191.4,1095.88,198.87,897.01,1355.42,1125.51,26.52,203.39,9.85,6.71,0.0,3.14,281.35,223.23,58.12,296.21,1203.18,26.36,1176.82,270.06,1.41,618.31
2019/10,8946.57,1757.88,515.49,599.73,484.8,157.85,0.0,9.55,258.97,235.56,23.41,424.22,277.35,24.87,57.34,64.66,771.26,252.71,64.79,187.92,1261.21,223.15,1038.06,1330.36,1064.9,27.4,238.06,11.09,7.96,0.0,3.13,306.15,257.55,48.59,291.44,1309.56,28.83,1280.73,297.19,2.14,662.82
2019/11,9018.61,1779.14,550.63,614.36,465.86,148.28,0.0,10.02,263.3,240.51,22.79,431.64,286.89,23.41,55.57,65.77,780.29,275.52,58.67,216.85,1245.08,223.82,1021.26,1378.28,1105.24,25.23,247.81,10.18,7.03,0.0,3.14,303.06,253.94,49.12,298.1,1271.1,28.56,1242.54,286.14,1.89,684.87
2019/12,9142.49,1872.5,581.92,646.41,492.54,151.62,0.0,12.98,291.53,269.58,21.95,396.25,250.92,23.93,58.39,63.01,787.38,260.69,56.26,204.43,1269.92,234.32,1035.59,1236.73,973.89,21.55,241.28,10.73,7.67,0.0,3.06,301.23,236.79,64.44,301.25,1434.29,30.3,1403.98,296.57,2.09,668.36
2020/01,8592.59,1787.45,447.7,652.98,542.34,144.43,0.0,15.99,392.31,352.38,39.93,320.36,179.78,18.88,56.39,65.31,762.51,253.1,55.0,198.1,1292.66,235.47,1057.2,960.33,735.39,21.63,203.3,10.99,8.27,0.0,2.72,264.19,208.28,55.91,321.17,1260.61,24.75,1235.86,326.38,2.0,622.53
2020/02,7264.46,1360.41,294.14,440.58,491.07,134.55,0.07,27.8,237.75,213.39,24.37,273.1,148.36,16.72,50.6,57.42,700.04,251.5,58.44,193.06,1185.99,197.3,988.68,847.68,624.3,24.27,199.12,7.45,5.03,0.07,2.35,211.63,165.03,46.6,290.82,1015.7,20.44,995.25,282.32,2.56,569.71
2020/03,7958.98,1571.2,335.27,530.95,559.76,145.22,0.0,26.29,280.35,255.4,24.96,280.68,161.85,17.28,49.41,52.14,695.44,288.16,65.82,222.34,1134.96,187.69,947.27,1286.74,1051.38,30.05,205.31,5.99,3.71,0.0,2.27,240.42,181.1,59.31,242.76,1018.95,17.38,1001.57,291.07,2.32,593.65
2020/04,7933.86,1555.83,394.55,520.97,500.16,140.15,0.0,15.39,280.73,253.9,26.83,301.72,177.55,17.9,49.34,56.93,621.93,283.93,63.16,220.77,1173.9,200.61,973.29,1223.25,971.61,33.37,218.27,5.89,3.43,0.0,2.46,252.94,200.2,52.74,240.66,1069.4,18.61,1050.79,278.89,2.06,627.34
2020/05,8861.26,1766.34,521.63,594.73,497.98,151.78,0.22,57.55,310.01,280.59,29.42,405.73,261.01,24.06,62.58,58.08,581.69,345.12,74.5,270.62,1186.82,207.57,979.25,1334.77,1049.24,44.53,240.99,7.88,3.18,0.24,4.46,329.79,270.82,58.97,269.65,1280.35,25.04,1255.31,309.36,8.28,667.93
2020/06,8461.89,1676.0,467.6,568.93,477.92,161.31,0.24,56.43,265.87,244.01,21.85,349.63,218.77,21.82,55.97,53.07,593.96,344.36,67.08,277.28,1174.57,209.87,964.7,1332.8,1062.68,38.44,231.68,7.51,3.19,0.03,4.29,271.5,218.32,53.18,253.63,1187.38,23.56,1163.82,289.81,8.37,650.08
2020/07,7304.82,1437.86,285.97,472.94,521.16,157.8,0.0,14.47,267.43,245.77,21.67,255.6,142.53,16.09,47.04,49.95,571.66,279.37,53.56,225.82,1173.78,207.72,966.06,1053.5,795.81,31.56,226.14,5.71,3.09,0.0,2.62,201.02,159.21,41.81,236.69,965.82,17.94,947.88,266.75,2.84,572.3
2020/08,7604.28,1646.64,350.51,567.26,564.03,164.84,0.0,14.17,283.07,261.52,21.55,247.09,136.9,17.18,46.26,46.75,622.84,353.64,62.2,291.44,1154.38,207.02,947.35,844.7,579.65,30.1,234.94,6.27,3.68,0.0,2.59,204.99,160.04,44.95,280.78,1104.51,22.69,1081.82,271.95,2.1,567.16
2020/09,7866.21,1716.46,396.94,580.49,577.89,161.14,0.0,13.24,402.82,364.43,38.39,278.28,161.36,17.52,44.39,55.0,599.92,298.84,65.33,233.51,1203.99,201.57,1002.41,1129.68,856.97,32.45,240.26,6.45,3.75,0.0,2.7,190.09,140.39,49.69,248.92,910.19,16.01,894.18,263.73,2.4,601.22
2020/10,7900.85,1725.5,505.26,559.51,498.81,161.92,0.0,12.13,286.95,262.79,24.16,358.55,240.3,19.42,47.08,51.74,601.08,272.38,59.7,212.69,1115.89,199.69,916.2,1034.75,783.61,30.27,220.88,6.85,4.14,0.0,2.71,276.77,233.8,42.97,247.7,1077.07,23.45,1053.62,263.32,2.31,619.59
2020/11,7934.03,1739.08,533.76,567.65,480.71,156.96,0.0,16.21,281.76,260.31,21.45,349.59,235.78,19.43,45.67,48.72,611.75,305.3,55.49,249.8,1121.2,183.95,937.25,1047.07,781.33,36.49,229.26,6.37,3.62,0.0,2.75,260.72,220.16,40.56,251.54,1050.18,23.65,1026.53,265.01,2.38,625.87
2020/12,7458.45,1655.15,416.48,533.16,548.0,157.51,0.0,18.71,317.19,292.95,24.23,295.66,177.55,17.94,47.42,52.75,638.45,261.3,50.96,210.34,1203.29,200.27,1003.02,901.92,601.83,38.05,262.04,6.46,3.81,0.0,2.65,215.76,164.37,51.39,263.67,817.19,19.15,798.03,254.84,2.98,605.9
2021/01,7530.51,1638.92,373.15,539.56,572.27,153.94,0.0,16.6,322.25,296.21,26.04,242.28,128.52,16.01,50.39,47.36,628.15,287.19,49.71,237.48,1219.48,207.07,1012.41,994.06,732.16,32.5,229.4,6.08,3.55,0.0,2.53,197.14,146.64,50.5,285.69,797.66,19.09,778.58,313.86,2.61,578.51
2021/02,7151.8,1556.32,387.59,529.33,501.25,138.15,0.0,12.96,357.94,325.75,32.19,238.92,130.34,14.19,49.35,45.03,605.5,248.42,43.31,205.11,1080.73,189.04,891.7,965.58,746.53,29.12,189.92,5.66,3.06,0.0,2.6,197.89,155.55,42.35,272.23,775.3,17.37,757.93,258.29,2.26,573.81
2021/03,8423.05,1756.69,534.37,559.45,499.03,163.85,0.0,20.18,286.84,261.97,24.87,336.82,205.57,19.36,60.05,51.84,748.93,281.2,50.97,230.23,1216.25,216.68,999.56,1136.75,867.75,45.91,223.1,6.19,3.21,0.0,2.98,311.46,237.12,74.34,281.13,1042.17,22.29,1019.88,330.13,2.59,665.71
2021/04,8041.28,1649.82,475.96,525.4,487.04,161.41,0.0,8.22,293.86,271.66,22.2,326.6,195.02,19.76,59.02,52.79,706.79,242.66,47.28,195.38,1197.55,218.49,979.06,1080.4,797.87,42.88,239.65,7.09,3.77,0.0,3.32,273.21,227.98,45.22,252.03,1028.24,22.91,1005.32,294.82,2.52,677.48
2021/05,8094.74,1819.5,515.39,593.05,535.89,175.17,0.0,6.4,328.44,301.6,26.84,334.0,203.39,20.14,58.74,51.73,705.98,285.04,51.2,233.84,1149.57,207.5,942.07,910.53,637.25,44.94,228.34,7.15,4.13,0.0,3.02,284.38,235.63,48.75,256.52,1038.09,23.72,1014.37,291.18,2.36,675.6
2021/06,8053.12,1646.38,431.02,528.9,510.95,175.51,0.0,4.13,291.04,268.18,22.86,315.77,186.16,19.9,56.41,53.3,702.1,259.51,43.79,215.72,1207.24,223.26,983.98,1081.18,795.42,41.47,244.28,6.49,3.44,0.0,3.05,264.68,224.74,39.94,262.13,1055.44,23.79,1031.66,283.99,2.71,670.33
2021/07,8463.14,1658.69,395.95,550.33,531.76,180.65,0.0,2.64,293.45,270.2,23.25,299.74,165.02,18.37,59.86,56.49,745.31,292.27,45.68,246.59,1278.26,234.7,1043.56,1250.06,948.44,40.01,261.61,7.28,3.99,0.0,3.29,265.08,217.2,47.88,276.8,1092.61,24.42,1068.19,300.16,2.68,698.12
2021/08,8323.49,1712.72,397.81,573.61,556.71,184.59,0.0,3.96,308.85,289.0,19.85,258.02,132.36,16.57,60.26,48.82,725.59,268.25,45.94,222.31,1228.47,227.57,1000.9,1369.74,1103.98,43.24,222.52,6.42,3.61,0.0,2.81,237.51,192.45,45.06,291.29,997.79,23.94,973.85,273.97,2.45,638.45
2021/09,8351.2,1800.9,474.64,577.57,561.41,187.28,0.0,2.77,438.74,401.52,37.22,324.13,192.33,19.89,59.79,52.12,708.52,243.78,48.06,195.72,1145.18,203.04,942.14,1227.27,959.77,43.94,223.56,7.57,4.57,0.0,3.0,266.98,216.85,50.13,265.13,965.4,22.47,942.93,271.55,2.26,681.01
2021/10,8785.76,1783.4,558.18,536.92,501.73,186.57,0.0,2.33,305.36,282.48,22.87,389.88,251.71,22.88,60.07,55.23,785.37,262.53,57.07,205.46,1299.36,229.2,1070.16,1198.83,894.79,43.63,260.41,6.9,3.86,0.0,3.04,303.84,259.78,44.06,268.2,1124.02,26.97,1097.05,306.56,3.97,745.2
2021/11,9297.24,1839.44,587.79,575.65,493.22,182.78,0.0,5.45,306.02,285.69,20.33,377.51,251.21,21.91,53.86,50.53,782.35,249.27,46.68,202.59,1220.7,212.75,1007.95,1735.25,1446.15,36.84,252.27,7.58,4.55,0.0,3.03,294.3,252.65,41.64,258.01,1175.17,27.72,1147.45,289.21,2.48,754.51
2021/12,9224.76,1801.29,526.89,565.96,527.07,181.37,0.0,7.95,338.39,318.66,19.73,342.98,207.89,21.73,57.42,55.93,788.72,202.74,41.23,161.51,1299.3,228.61,1070.69,1752.35,1436.51,38.76,277.08,6.83,3.55,0.0,3.28,273.11,218.87,54.24,271.63,1091.87,25.35,1066.52,295.41,3.3,748.89
2022/01,8801.22,1825.15,467.63,599.63,582.0,175.9,0.0,7.31,455.59,423.21,32.38,287.8,161.7,18.32,57.1,50.68,763.64,233.41,39.92,193.49,1329.83,223.51,1106.31,1328.9,1059.33,33.32,236.24,6.13,2.98,0.0,3.14,238.63,186.77,51.86,289.05,966.63,22.23,944.4,354.37,2.99,711.81
2022/02,7523.65,1496.55,378.67,503.04,457.22,157.62,0.0,15.93,258.93,240.52,18.41,238.94,135.06,14.68,50.31,38.9,674.58,227.87,39.43,188.44,1131.46,179.63,951.82,1323.64,1106.67,35.16,181.81,5.01,2.43,0.0,2.58,208.49,166.44,42.05,266.26,786.19,19.99,766.2,273.64,2.26,613.91
2022/03,8915.46,1764.95,484.61,565.01,521.69,193.64,0.0,13.6,298.87,277.22,21.65,313.59,189.62,18.09,54.43,51.45,867.39,232.58,44.03,188.55,1306.91,202.0,1104.91,1459.68,1189.07,42.84,227.77,6.51,3.57,0.0,2.94,298.12,224.15,73.97,261.95,991.17,22.68,968.48,352.8,3.0,744.35
2022/04,9244.21,1765.43,519.38,560.23,498.18,187.64,0.0,6.76,314.93,293.91,21.02,346.69,220.62,20.29,55.54,50.23,902.44,214.94,41.89,173.05,1253.37,207.29,1046.09,1593.78,1301.76,51.71,240.31,7.25,3.86,0.0,3.4,304.07,260.54,43.53,246.35,1141.08,24.06,1117.02,338.03,2.62,806.45
